:020000040800F2
:10000000A8130024E9030008F9590008B14B0008BF
:1000100099540008C10D0008D18E000800000000AE
:100020000000000000000000000000005173000804
:10003000510F000800000000F97000083974000832
:100040000304000803040008030400080304000874
:100050000304000803040008030400080304000864
:100060000304000803040008030400080304000854
:100070000304000803040008030400080304000844
:100080000304000803040008030400080304000834
:100090000304000803040008030400080304000824
:1000A0000304000803040008030400080304000814
:1000B00003040008E97500080304000803040008AD
:1000C00003040008030400080304000803040008F4
:1000D00003040008030400080304000803040008E4
:1000E00003040008030400080000000003040008E3
:1000F00003040008030400080304000803040008C4
:1001000003040008030400080304000803040008B3
:1001100003040008030400080304000803040008A3
:100120000304000803040008030400080304000893
:100130000304000803040008030400080304000883
:1001400000000000000000000000000000000000AF
:100150000304000803040008030400080304000863
:100160000304000803040008030400080304000853
:100170000304000803040008030400080000000052
:100180000304000803040008030400080304000833
:100190000304000803040008030400080304000823
:1001A0000304000803040008030400080000000022
:1001B0000304000803040008030400080304000803
:1001C0000304000803040008000000000000000011
:1001D0000000000000000000030400080000000010
:1001E000000000000000000000000000000000000F
:1001F00000000000000000000304000803040008E1
:1002000003040008030400080000000003040008C1
:10021000B97500080304000803040008030400087B
:1002200003040008000000000304000800000000B0
:100230000304000803040008000000000304000891
:100240000304000803040008030400080304000872
:100250000304000803040008030400080304000862
:100260000304000803040008030400080304000852
:100270000304000803040008030400080000000051
:100280000304000803040008030400080304000832
:100290000000000003040008030400080000000040
:1002A0000000000003040008030400088177000830
:1002B0000304000803040008030400080304000802
:1002C00003040008C9750008D975000800F002F899
:1002D00000F07BF814A696E8000CB244B344DA456B
:1002E00001D100F072F8BAE80F000FA696E83000CE
:1002F000A5EB040504EB0607AAEB0704A7F1010729
:100300004FEA15154FEA3414A4F10104AC4201D3AD
:1003100000F05BF813F0010F18BFFB1A43F0010364
:1003200000F001F8DBE718476CB500008CB5000061
:100330000A444FF0000C10F8013B13F0070408BF0B
:1003400010F8014B1D1108BF10F8015B641E05D0A9
:1003500010F8016B641E01F8016BF9D113F0080F5E
:100360001EBF10F8014BAD1C0C1B09D16D1E58BFF0
:1003700001F801CBFAD505E014F8016B01F8016B27
:100380006D1EF9D59142D6D370470000704700002A
:100390000023002400250026103A28BF78C1FBD88E
:1003A000520728BF30C148BF0B6070471FB50AF025
:1003B0004DFD00F0F7FC0400002000210AF030FDA4
:1003C000401C60601FBD10B510BD00F0BDFC1146A3
:1003D000FFF7ECFF08F064FF00F0E8FC03B4FFF760
:1003E000F2FF03BC08F078FD094880470948004740
:1003F000FEE7FEE7FEE7FEE7FEE7FEE7FEE7FEE7D5
:10040000FEE7FEE704480549054A064B7047000031
:1004100009750008CD020008A80D0024A8130024C7
:10042000A80F0024A80F0024704753EA020C00F024
:1004300069802DE9F04B4FF00006002B1FBFB3FA87
:1004400083F503FA05F424FA05F65E4012BF16435D
:10045000B2FA82F502FA05F4C5F120051EBF22FAB0
:1004600005FC44EA0C04203556EA044C4FEA1444D7
:1004700018BF641C4FF000084FF00009904271EB68
:10048000030C39D3002919BFB1FA81F701FA07F635
:10049000B0FA80F700FA07F6C7F120071EBF20FA6E
:1004A00007FC46EA0C062037B6FBF4FCA7EB050771
:1004B000103F07F01F0BCBF120062CFA06F60CFAC2
:1004C0000BFB44BFB3460026202FA4BF5E464FF06F
:1004D000000B5BEA060C08BF4FF0010B19EB0B0990
:1004E00048EB0608ABFB027C06FB02CC0BFB03CC03
:1004F000C01B71EB0C01C1E70B4602464146484662
:10050000BDE8F08B13B5084318BF4FF0FF3001462C
:10051000AFF30080BDE81C40704700000FB400B589
:100520008DB010A9099000910B904FF0FF300A9008
:1005300000200C90064878440690064878446A46A5
:1005400007900F9909A800F0D1F90DB05DF814FBE0
:10055000D3030000EB0300002DE9FF5F1D464FF0C1
:10056000FF3B91464FF000085F46D5E90146A96977
:1005700001987F1C8847296A824688470028F6D15F
:10058000BAF1FF3F0CD0002E24F4C06419DD6006E0
:1005900014D5BAF12B0F09D0BAF12D0F0ED103E00B
:1005A000584604B0BDE8F09F44F48064A9690198FE
:1005B0007F1C8847761E8246002E02DDBAF1300F7E
:1005C00003D0B9F1000F26D032E0A969761E019858
:1005D0007F1C44F400748847002E824605DDBAF182
:1005E000780F06D0BAF1580F03D0B9F1000F10D030
:1005F0001EE0B9F1000F02D0B9F1100F18D1A969AE
:10060000761E01987F1C24F40074884782461020CF
:1006100002E0082000E00A20814609E0A96908FB01
:100620000908761E01987F1C44F4007488478246AE
:10063000002E05DD4946504600F043F90028EDDA6A
:10064000E96901988847A00502D46FF00100A8E786
:10065000E00725D1600613D5600502D5C8F100007A
:1006600000E0404629680A1D2A600968220501D574
:10067000087015E0220701D5088011E008600FE03E
:100680002868011D29600068210502D580F80080D6
:1006900006E0210702D5A0F8008001E0C0F8008044
:1006A00038467EE7401ECAB210F8011F8A4202D0C7
:1006B0000029F9D10020704740EA010370B59B077B
:1006C0002ED14FF00136042A2AD308C810C99D1B29
:1006D0009D43121F15EAC61517D0D8B2E1B2401AD1
:1006E00050EA056110D198B2A1B2401A50EA054112
:1006F0000AD123F07F4024F07F41401A50EA0521BF
:1007000002D1180EA0EB146070BDA342DBD018BA62
:1007100021BA884201D9012070BD4FF0FF3070BD71
:100720000AB9002070BD10F8013B11F8014B63B10C
:10073000A3420AD1521E08D010F8013B11F8014B18
:100740001BB1A34201D1521EEDD1181B70BD032A6B
:1007500040F2308010F0030C00F0158011F8013BDE
:10076000BCF1020F624498BF11F801CB00F8013BC5
:1007700038BF11F8013BA2F1040298BF00F801CB89
:1007800038BF00F8013B11F0030300F0DF80083AA6
:10079000C0F0088051F8043B083A51F804CBA0E8B7
:1007A0000810F5E7121D5CBF51F8043B40F8043B0C
:1007B000AFF30080D20724BF11F8013B11F801CB41
:1007C00048BF11F8012B24BF00F8013B00F801CB12
:1007D00048BF00F8012B70474FF0000200B51346E8
:1007E00094469646203922BFA0E80C50A0E80C5051
:1007F000B1F12001BFF4F7AF090728BFA0E80C5002
:1008000048BF0CC05DF804EB890028BF40F8042BFA
:1008100008BF704748BF20F8022B11F0804F18BF67
:1008200000F8012B7047000030B44FF0013C50F845
:10083000042BCCFA52F451F8043BD51A20D1FCB960
:1008400050F8042BCCFA52F451F8043BD51A17D1C6
:10085000B4B950F8042BCCFA52F451F8043BD51A31
:100860000ED16CB950F8042BCCFA52F451F8043B79
:10087000D51A05D1002CDAD030BC4FF000007047FB
:1008800029BAB1FA81F111F01801D1F120008440A8
:10089000F2D1CA40CB4012F0FF0213F0FF0330BC8C
:1008A000D01A7047704770477047704710B500F016
:1008B0007FF8006810BD10B5044600F079F80460B8
:1008C00010BD3A2800D2303820F02002412A01D34E
:1008D000A2F13700884201D34FF0FF30704700008B
:1008E000026811441378016018467047D1600549C9
:1008F0007944516104497944116200211161114622
:1009000000F064B8EDFFFFFFBF000000426842B195
:10091000016811F8013B23B1521EC0E900121846CC
:1009200070470121C160881E704742685AB1C36890
:10093000016843B983688B4205D0491E521CC0E947
:100940000012002070474FF0FF30704710B5203A7A
:10095000C0F00B80B1E81850A0E81850B1E818506A
:10096000A0E81850203ABFF4F5AF5FEA027C24BF3C
:10097000B1E81850A0E8185044BF18C918C0BDE825
:1009800010405FEA827C24BF51F8043B40F8043BEE
:1009900008BF7047D20728BF31F8023B48BF11F8A3
:1009A000012B28BF20F8023B48BF00F8012B7047FD
:1009B000004870476001002410B5044600F0EAF9D1
:1009C0000068005D00F0010010BD00002DE9F34F4C
:1009D0004FF0000A0C4656468DB001200C9001F1F4
:1009E0000C000B9062690B9801219047051E2DD0D9
:1009F000252D2CD0216A8847C0B162690B9801214E
:100A00009047216A88470028F7D16269411E0B98F8
:100A1000904700E0761CA1690D988847216A8847B5
:100A20000028F7D1E1690D988847DBE7A1690D98A7
:100A30008847A842074601D1761CD3E7E1690D98A3
:100A400088477F1C02D1BAF1000F6FD06BE1626959
:100A50000B9800273D46394690472A2804D1626901
:100A60000B98012190470125DFF8D08262690B982D
:100A700001219047A0F130010A290AD24745E5DC5F
:100A800007EB870100EB4107303FDFD445F010054D
:100A9000ECE7E90601D46FF000476C280AD04C2837
:100AA00014D0682815D06A280DD074281CD07A2854
:100AB0001AD01DE062690B98012190476C2802D082
:100AC00045F0040514E045F002050DE045F0200571
:100AD0000AE062690B9801219047682802D045F02E
:100AE000080505E045F4006562690B98012190470F
:100AF000C4E9015765283DD019DC58287AD00CDCB0
:100B0000452837D004DC252826D041289ED131E065
:100B100046282FD0472899D12CE05B2877D0612830
:100B200028D063287CD0642823D15AE0F6E06F28CF
:100B300048D008DC66281DD067281BD0692821D042
:100B40006E2816D127E0702845D0732868D0752804
:100B500047D078280DD14DE0A1690D988847252808
:100B600005463FF469AFE1690D9888476D1C3FF475
:100B70006AAFD8E00D9923466A466FF00100AFF3E3
:100B80000080C5E045F0400023464FF00002606061
:100B9000A80736D43EE0E8077FF447AF2068011D80
:100BA00021600068290501D506701BE7290701D5DA
:100BB000068017E7A90703D5F117C0E9006111E71F
:100BC00006600FE745F0400023464FF008026060E2
:100BD000A80716D41EE040F60E0125EA0100606069
:100BE00016E045F0400023464FF00A026060A80777
:100BF00007D40FE045F040006060A80708D5234601
:100C000010220D996FF00100AFF3008080E007E043
:100C1000102223460D996FF00100FFF79DFC77E04D
:100C20004FF0000963284F46C8464B46CB4602D0DA
:100C30005B2806D038E0E80601D40120A060012737
:100C400032E06269D4F80CB00B98012190475E281D
:100C500007D14FF0010949466269D4F80CB00B98EE
:100C60009047216939B900210A4603AB43F8212096
:100C7000491C0829FADBD8B3216949B308F10108F6
:100C800062690B98012190475D28F4D1B9F1000FFA
:100C900009D0002003A951F82020D24341F8202098
:100CA000401C0828F7DB03AB2069002820794FEAB5
:100CB00040701ED05B462246CDF80080CDE90197FA
:100CC0000D9900286FF0010020DAAFF300801FE0DB
:100CD000C11703AA00EBD1614B1121F01F0102EBF8
:100CE0008302411A13680120884003431360C7E759
:100CF00019E00D99224600286FF00100009702DAF2
:100D0000AFF3008004E0AFF3008001E0AFF30080B8
:100D100000280ADA401C06D10C9820B14FF0FF30B1
:100D20000FB0BDE8F08F5046FAE7E90701D10AF1AC
:100D3000010A064400200C9054E60000CCCCCC0CF8
:100D400000487047600100247546FFF7F9FFAE4682
:100D500005006946534620F00700854618B020B5C7
:100D6000FFF750FBBDE820404FF000064FF00007B2
:100D70004FF000084FF0000BAC46ACE8C009ACE8FF
:100D8000C009ACE8C009ACE8C00921F007018D46F4
:100D90007047000010B500F005F8001D10BD00BF41
:100DA00081A00000004870478001002410B504466F
:100DB000AFF300802046BDE81040FFF70FBB0000F6
:100DC000FEE7000000000000B0B52DED028B0446E8
:100DD0000846002948BF4842032805D80020206063
:100DE000BDEC028BB0BD00BFE36A984214D9A26A81
:100DF000904215D9831AC2F5C87200EE103A01EE7E
:100E0000102AB8EE400AB8EE411A80EE010AB7EE99
:100E1000001A30EE011A17E09FED3C1A14E000BFF3
:100E2000C51AD21A00EE105A01EE102A9FED382A88
:100E3000B8EE400AB8EE411A80EE010A9FED331A6F
:100E4000B1EEC00AA0EE021A00EE101AB0EE042AAB
:100E50004FF67062B0EE003ACFF6FF7242F21075B4
:100E6000B8EEC00A73EE410A20EE020A9FED292A6D
:100E700020EE010ABDEEC00A10EE101A00EE100AB4
:100E8000B1F5C87FB8EE400AA8BF4FF4C87184ED31
:100E9000091A11F5C87F80EE020AC8BF0A46B7EEEC
:100EA000002A2260A068401B80FE420A02EE100A5F
:100EB000B8EE428A09F03AFC9FED171AA8EE001A24
:100EC000BCEEC10A10EE100AA84204D3A168814208
:100ED00038BF0846054640F208006560C2F200408F
:100EE000016862682069B1FBF2F103680139D962D7
:100EF000C1600121E17702F01BFBD4E90401BDECE4
:100F0000028BBDE8B04002F0F7BF00BF9A99993E4E
:100F10003333333F0000C84300401C46000000004C
:100F20004EF6FC50CEF20000016841F08071016085
:100F300041F200000021CEF200004160016841F062
:100F4000010101604068B0FA80F04009704700007C
:100F5000704700000000000041F6802241F20401C9
:100F6000C0F20602CEF2000150430A680B689B1AD9
:100F700083420BD20B689B1A83423EBF0B689B1ABD
:100F8000834203D20B689B1A8342EFD37047000061
:100F900041F204014FF4C872CEF2000150430A68D6
:100FA0000B689B1A83420BD20B689B1A83423EBF8D
:100FB0000B689B1A834203D20B689B1A8342EFD3C0
:100FC0007047000000000000EFF3108072B600BF11
:100FD000FEE70000000000002DE9F041044600F0AB
:100FE000CFFC1CB3054694F83500022822D140F20C
:100FF0000F472668C4F2020740F26F48BE426FF006
:101000000E00C4F202081DDC6F21C4F202018E4200
:101010002ADC3F21C4F202018E4241DC1021C4F2DD
:1010200002018E4263D028215CE000BF0120BDE8B0
:10103000F08100BF802060650120002184F8341019
:10104000BDE8F08146451BDC40F23F41C4F202019D
:101050008E422DDC40F21041C4F202018E4246D095
:1010600040F228413EE000BF9F21C4F202018E42BF
:1010700028DC7021C4F202018E4238D0882131E090
:1010800040F29F41C4F202018E4223DC40F27041E3
:10109000C4F202018E422AD040F2884122E000BF11
:1010A0004021C4F202018E4221D058211AE000BF33
:1010B00040F24041C4F202018E4218D040F2584141
:1010C00010E000BFA021C4F202018E420FD0B8216F
:1010D00008E000BF40F2B841C4F202018E4206D0DF
:1010E00040F2A041C4F202018E42314607D131469E
:1010F000306820F01E0041F8140B6FF080000A6881
:10110000464500EA020008601ADC9F20C4F2020093
:10111000864233DC5720C4F2020086425ADC10209B
:10112000C4F20200864200F097802820C4F2020038
:10113000864200F091804020C4F202008AE000BFA5
:1011400045F22F40C5F6020086422DDC40F2B74042
:10115000C4F2020086424BDC40F27040C4F202004E
:10116000864279D040F28840C4F20200864273D0B1
:1011700040F2A040C4F202006CE000BF40F2274001
:10118000C4F20200864243DCA020C4F20200864280
:1011900062D0B820C4F2020086425DD040F2104016
:1011A000C4F2020056E000BF45F26B40C5F60200F3
:1011B00086423FDC45F23040C5F6020086424BD005
:1011C00045F24440C5F60200864245D045F25840FB
:1011D0003EE000BF5820C4F2020086423CD070209E
:1011E000C4F20200864237D08820C4F2020031E007
:1011F00040F2B840C4F2020086422DD045F20840C9
:10120000C5F60200864227D045F21C4020E000BF10
:1012100040F22840C4F2020086421DD040F2404015
:10122000C4F20200864217D040F25840C4F20200D5
:1012300010E000BF45F26C40C5F6020086420BD0BC
:1012400045F29440C5F60200864205D045F2804042
:10125000C5F60200864204D1206E016821F4807137
:101260000160306820F00100306000BF3068C007C6
:1012700010D000F085FB401B0628F7D320206065C6
:10128000032084F835000120002184F83410BDE8E3
:10129000F08100BF20680821B8424FF03F0211DC06
:1012A0006F23C4F2020398421EDC3F23C4F2020300
:1012B000984235DC1023C4F20203984257D0282309
:1012C00050E000BF40451BDC40F23F43C4F2020344
:1012D00098422DDC40F21043C4F20203984246D0FB
:1012E00040F228433EE000BF9F23C4F2020398422D
:1012F00028DC7023C4F20203984238D0882331E0FE
:1013000040F29F43C4F20203984223DC40F2704350
:10131000C4F2020398422AD040F2884322E000BF80
:101320004023C4F20203984221D058231AE000BFA0
:1013300040F24043C4F20203984218D040F25843AE
:1013400010E000BFA023C4F2020398420FD0B823DC
:1013500008E000BF40F2A043C4F20203984206D066
:1013600040F2B843C4F20203984240F0C580D4E989
:10137000163707F01F07404502FA07F25A5019DCEA
:101380009F21C4F20201884232DC5721C4F20201DB
:10139000884259DC1021C4F20201884200F0968094
:1013A0002821C4F20201884200F090804021C4F25A
:1013B000020189E045F22F41C5F6020188422DDC89
:1013C00040F2B741C4F2020188424BDC40F2704166
:1013D000C4F20201884279D040F28841C4F202018D
:1013E000884273D040F2A041C4F202016CE000BF19
:1013F00040F22741C4F20201884243DCA021C4F23A
:101400000201884262D0B821C4F2020188425DD054
:1014100040F21041C4F2020156E000BF45F26B41B8
:10142000C5F6020188423FDC45F23041C5F60201B3
:1014300088424BD045F24441C5F60201884245D06E
:1014400045F258413EE000BF5821C4F202018842F3
:101450003CD07021C4F20201884237D08821C4F206
:10146000020131E040F2B841C4F2020188422DD0BD
:1014700045F20841C5F60201884227D045F21C41D9
:1014800020E000BF40F22841C4F2020188421DD092
:1014900040F24041C4F20201884217D040F2584164
:1014A000C4F2020110E000BF45F26C41C5F6020132
:1014B00088420BD045F29441C5F60201884205D01E
:1014C00045F28041C5F6020188420BD1616EA26EE1
:1014D000E06E4A6030B1016821F480710160D4E9A6
:1014E0001C014160012084F835000020002184F8AF
:1014F0003410BDE8F08100BF0421012237E700006D
:10150000F0B190F83510022918D180B540F20F42A1
:101510000168C4F20202914214DC6F23C4F2020398
:10152000994225DC3F23C4F2020399423CDC10239C
:10153000C4F2020399425DD0282357E0802141651F
:101540000120704740F26F43C4F2020399421BDC52
:1015500040F23F43C4F2020399422DDC40F21043B3
:10156000C4F20203994245D040F228433EE000BF56
:101570009F23C4F20203994228DC7023C4F20203C1
:10158000994237D0882331E040F29F43C4F20203EE
:10159000994223DC40F27043C4F20203994229D0FD
:1015A00040F2884322E000BF4023C4F20203994284
:1015B00020D058231AE000BF40F24043C4F2020397
:1015C000994217D040F2584310E000BFA023C4F264
:1015D000020399420ED0B82308E000BF40F2B8439E
:1015E000C4F20203994205D040F2A043C4F20203C0
:1015F000994275D191424FF0040280F8352011DCF8
:101600006F20C4F20200814222DC3F20C4F20200BB
:10161000814239DC1020C4F20200814259D02820D6
:1016200054E000BF40F26F40C4F2020081421BDC74
:1016300040F23F40C4F2020081422DDC40F21040F3
:10164000C4F20200814244D040F228403EE000BF94
:101650009F20C4F20200814228DC7020C4F2020004
:10166000814236D0882031E040F29F40C4F202002F
:10167000814223DC40F27040C4F20200814228D053
:1016800040F2884022E000BF4020C4F202008142C4
:101690001FD058201AE000BF40F24040C4F20200C0
:1016A000814216D040F2584010E000BFA020C4F2A2
:1016B000020081420DD0B82008E000BF40F2B840DF
:1016C000C4F20200814204D040F2A040C4F2020001
:1016D0008142086820F001000860002080BD00BF42
:1016E0000A6822F00E020A6045F25742C5F602026D
:1016F00091420A6822F001020A600FDC45F22F4293
:10170000C5F60202914219DC45F20842C5F6020212
:10171000914229D045F21C4222E000BF45F27F42AF
:10172000C5F60202914213DC45F25842C5F60202A8
:10173000914219D045F26C4212E000BF45F23042AE
:10174000C5F6020291420FD045F2444208E000BFC4
:1017500045F29442C5F60202914205D045F280421C
:10176000C5F6020291421AD1D0E9181CD0E916E35D
:101770000A6822F480720A6003F01F01012202FA53
:1017800001F1CEF80410816ECCF80410C16E31B1B5
:101790000A6822F480720A60D0E91C124A600121B2
:1017A00080F83510016D0022002980F8342094D093
:1017B0008847002080BD00002DE9F04F83B00F68FE
:1017C000002F00F0C98000F1264642F2004506F1E4
:1017D000FF76C5F602050A22A8424FEAB62540F276
:1017E000040C08BF092200F120030093082DC5F660
:1017F000000C38BF4FEAB622002400264FF0000844
:1018000001920AE008F101080F6837FA08F206F1C0
:10181000020604F1040400F09F80012202FA08FE8F
:1018200017EA0E09EED0D1F804B003220BF003073B
:10183000B2407D1E6FEA020A012D11D88268CD6880
:1018400002EA0A02B5402A438260CBF300154268DF
:1018500022EA0E0205FA08F52A43426004E000BFBE
:10186000032F01D103271FE0C2688D6802EA0A0234
:10187000B540022F42EA0502C26015D16FF00302A3
:1018800004F01C0502EA580B009A0F2352F80BE0F3
:10189000AB400F692EEA0303AF403B4342F80B30E5
:1018A000D1F804B00BF00307026807FA06F302EA66
:1018B0000A021BF4403F42EA03020260A2D044F253
:1018C000F44340F2084EC5F60203C5F6000E0F259C
:1018D0001A6842F002021A601A6802F002020292CA
:1018E00028F00302029B04F00C0352F80E709D4096
:1018F000AF43019D05FA03F33B4342F80E304FF02E
:10190000B04EDEF800204B6842EA0907DD0258BFFE
:1019100022EA09079D02CEF80070DCF8002042EAB6
:10192000090758BF22EA09079D03CCF80070DCF8CC
:10193000802042EA090758BF22EA0907DB03CCF8F6
:101940008070DCF87C2042EA090758BF22EA0907C8
:10195000CCF87C7056E700BF03B0BDE8F08F000004
:101960000069084018BF0120704700000000000017
:10197000002A08BF090481617047000000000000D0
:1019800040F6A050C2F2004000687047000000001E
:1019900040F2000040F6A051C2F20040C2F2004105
:1019A00000780A68104408607047000000000000DA
:1019B00080B5032000F0ACF801F012F944F21841B0
:1019C0004AF6C873C5F60201C0F600030A68C2F3FE
:1019D00003229A5C096801F00F0102F01F02595CB2
:1019E000D04040F20C02C2F2004201F01F0120FA86
:1019F00001F1116040F20801C2F2004108600F20BD
:101A000000F00AF800281CBF012080BD00F02CF86F
:101A1000002080BD00000000B0B540F20005C2F219
:101A200000452978F1B1044640F20800C2F20040B6
:101A30004FF47A72B2FBF1F10068B0FBF1F001F003
:101A4000F7FB0F2C01464FF001000AD8002918BF00
:101A5000B0BD4FF0FF300022214600F029F80020F1
:101A60006C60B0BD0120B0BD81B044F2F440C5F659
:101A70000200016841F002010160006800F002000C
:101A80000090009801B07047002848BF704700F0F0
:101A90001F01012202FA01F14EF20012C0F34A10B6
:101AA000CEF2000242F82010704700000000000053
:101AB00070B54EF60C5C4FF0FF36CEF2000C00F124
:101AC000604505F56445DCF80030C3F3022E8EF066
:101AD0000703042B28BF0423BEF1030406FA03F313
:101AE00021EA030100F00F0338BF0024043B002863
:101AF000634406FA04F048BF03F10C05A14022EA52
:101B0000000008430001287070BD000000000000C4
:101B10004EF60C514FF6FF03CEF200010A681A4050
:101B200060F30A2242F0806040F0FD700860704768
:101B3000B0B544F60C05C5F60205296849072968C1
:101B400006D401F00701081A18BF0120B0BD00BF7C
:101B500021F0070108432860FFF712FF044600BF89
:101B600055F8080C800407D4FFF70AFF001BB0F5F6
:101B70007A7FF5D90120B0BD0020B0BD0000000083
:101B800080B500F0A5FF44F220414AF6C872C5F6C0
:101B90000201C0F600020968C1F30211515C01F0B4
:101BA0001F01C84080BD000080B544F2384EC5F624
:101BB000020E5EF8103C5EF8101C5EF80C2CC1F3AF
:101BC000053CDEF80410BCF1000F19D0C9089FEDE8
:101BD0003C1AD20601EAE27103F003026FF35F31AF
:101BE00000EE101AB8EE400ADFE802F002221022DE
:101BF0005EF8381C89060DD49FED331A18E000BF3B
:101C000000218160C0E9001180BD00BF9FED2D1A49
:101C10000EE000BF5EF8381C49F20002C0F2D0327C
:101C2000C1F3C10122FA01F101EE101AB8EE411A16
:101C3000DEF800109FED253A6FF35F2102EE101AD7
:101C4000DEF80010C1F34621B8EE422A013100EE61
:101C5000032A00EE10CAB7EE003AB8EE400A81EE51
:101C6000000A32EE031A20EE010A01EE101AB8EE55
:101C7000411A80EE011ABCEEC11A80ED001ADEF89E
:101C80000010C1F30641013101EE101AB8EE411AFD
:101C900080EE011ABCEEC11A80ED011ADEF80010C8
:101CA000C1F30661013101EE101AB8EE411A80EE5F
:101CB000010ABCEEC00A10EE101A816080BD00BFA0
:101CC0000024744A20BCBE4B0024744C0000003930
:101CD00080B544F2404EC5F6020E5EF8183C5EF840
:101CE000181C5EF8142CC1F3055CDEF80410BCF17E
:101CF000000F19D0C9089FED3C1AD20501EAE27124
:101D000003F003026FF35F3100EE101AB8EE400AE1
:101D1000DFE802F0022210225EF8401C89060DD492
:101D20009FED331A18E000BF00218160C0E9001167
:101D300080BD00BF9FED2D1A0EE000BF5EF8401C75
:101D400049F20002C0F2D032C1F3C10122FA01F11E
:101D500001EE101AB8EE411ADEF800109FED253A98
:101D60006FF35F2102EE101ADEF80010C1F3462176
:101D7000B8EE422A013100EE032A00EE10CAB7EE97
:101D8000003AB8EE400A81EE000A32EE031A20EE65
:101D9000010A01EE101AB8EE411A80EE011ABCEEEB
:101DA000C11A80ED001ADEF80010C1F306410131BE
:101DB00001EE101AB8EE411A80EE011ABCEEC11AFB
:101DC00080ED011ADEF80010C1F30661013101EE69
:101DD000101AB8EE411A80EE010ABCEEC00A10EEED
:101DE000101A816080BD00BF0024744A20BCBE4B25
:101DF0000024744C000000392DE9F0470446C078F7
:101E000044F22C480007C5F6020828D5606E4FEA58
:101E1000305103292AD8DFE801F0030B131B00BF60
:101E2000D8F8001041F40031C8F8001010E000BFED
:101E300004F10800022105F063F9064680B906E0C6
:101E400004F12800022105F0EFF9064640B9606E62
:101E5000D8F8241021F440110843C8F824000026C3
:101E60006078C00706D135462FE000BF01266078B4
:101E7000C007F8D0A06D04283ED83546DFE800F052
:101E800004140E0B0B0000BFD8F80000354640F4D8
:101E90000030C8F800002F46C5B90DE004F1280055
:101EA000002105F0C1F904E004F10800002105F06B
:101EB00027F905462F464DB9D8F82400A16D20F02A
:101EC000070000250843C8F824003746607840071B
:101ED0003AD5D4F8A4004FEA7050052818D8DFE8A6
:101EE00000F0031D11232323D8F8000040F4003034
:101EF000C8F8000018E000BF0125012760784007FE
:101F0000E7D421E004F12800002105F08DF90AE072
:101F100001250126607800071AD44FE004F108007B
:101F2000002105F0EDF805462E461DB1607800074A
:101F30000ED443E0D8F82C00D4F8A41020F46000AC
:101F400000250843C8F82C003E466078000735D5C8
:101F5000D4F8A8004FEA3060052813D8DFE800F075
:101F600004180C1E1E1E00BFD8F8000040F40030FC
:101F7000C8F8000012E000BF04F12800002105F0BD
:101F800053F90AE001250127E07880071AD434E0EC
:101F900004F10800002105F0B3F805462F461DB1F5
:101FA000E07880070ED428E0D8F82C00D4F8A810E8
:101FB00020F0E06000250843C8F82C003746E078A0
:101FC00080071AD5E06C4FEA3010032838D8DFE8D4
:101FD00000F009032D0900BFD8F8000040F40030DC
:101FE000C8F800002E464DB9D8F82000E16C20F06A
:101FF000300000250843C8F820003E466078C0063F
:1020000039D5E06D4FEA3030042847D8DFE800F0DA
:1020100004221C0A0A0000BFD8F8000040F4003077
:10202000C8F800002F463DBB1CE000BF04F10800CB
:10203000022105F065F80546002D2E46DED1D3E7D6
:1020400001250126DAE700BF04F12800002105F090
:10205000EBF804E004F10800002105F051F8054612
:102060002F464DB9D8F82400E16D20F4E04000255A
:102070000843C8F8240037466078800635D5206EBE
:102080004FEA3040052815D8DFE800F0041A0E04A6
:10209000040400BF2E46DDB91EE000BF0125012764
:1020A00060788006EBD420E004F12800012105F0DF
:1020B000BBF80AE0012501266078400619D449E002
:1020C00004F10800012105F01BF805462E461DB15C
:1020D000607840060DD43DE0D8F82400216E20F44D
:1020E000E02000250843C8F824003E4660784006FA
:1020F00030D5D4F8AC004FEA307005280ED8DFE8B0
:1021000000F00313070303032F46ADB918E000BF27
:1021100004F12800012105F087F80AE001250127D4
:10212000607800061AD43CE004F10800012104F0B4
:10213000E7FF05462F461DB1607800060ED430E05B
:10214000D8F82C00D4F8AC1020F0E040002508436B
:10215000C8F82C0037466078000622D5E06E58B1EA
:10216000B0F1005F0CD0B0F1805F37D1D8F800003B
:1021700040F40030C8F800002E469DB908E000BFCA
:1021800004F10800012104F0BBFF05462E464DB9BD
:10219000D8F82400E16E20F0405000250843C8F82C
:1021A00024003E46E078C0071DD0A06C032855D817
:1021B000DFE800F008024A08D8F8000040F40030D8
:1021C000C8F80000A9467DB9D8F82000A16C20F01D
:1021D000030000250843C8F8200004E0012501267B
:1021E000E078C007E1D1B146A078400602D44F465E
:1021F00018E000BFD8F8D40340F48070C8F8D403C6
:10220000FFF7BEFB064600BFD8F8D403C00507D4CD
:10221000FFF7B6FB801B6428F6D90325032701E0EE
:102220002F46FDB12078C00700F06F80A06F4FEA05
:10223000F00005284ED8DFE800F0035347030303FE
:10224000002D2E4654D157E004F10800022104F07D
:1022500057FF0546002DA946C6D1B5E701254FF029
:102260000109C1E7D8F84410D4F8B000414011F496
:10227000407F11D0D8F84410D8F8442042F480327E
:10228000C8F84420D8F8442021F4407122F4803268
:10229000C8F84420C8F84410B0F5807F40F0D082E0
:1022A000FFF76EFB064641F2883A0325032700BF7D
:1022B000D8F84400800700F1C182FFF761FB801B62
:1022C0005045F5D9AEE700BF04F12800012104F024
:1022D000ABFF0AE0012501262078800719D446E0EB
:1022E00004F10800012104F00BFF05462E461DB144
:1022F000207880070DD43AE0D8F82800A16F20F0AC
:10230000380000250843C8F828003E46207880079A
:102310002DD5606F05280FD8DFE800F004140804FD
:10232000040400BF2F46ADB918E000BF04F1280037
:10233000012104F079FF0AE00125012720784007F8
:1023400019D447E004F10800012104F0D9FE054644
:102350002F461DB1207840070DD43BE0D8F8280067
:10236000616F20F0070000250843C8F828003746B1
:10237000207840072ED5D4F8900005280ED8DFE845
:1023800000F00313070303032E46ADB918E000BFA6
:1023900004F12800012104F047FF0AE0012501268D
:1023A000207880061AD44BE004F10800012104F0E3
:1023B000A7FE05462E461DB1207880060ED43FE0CC
:1023C000D8F82C00D4F8901020F00700002508431E
:1023D000C8F82C003E462078800631D5D4F88C0011
:1023E0004FEA307005280FD8DFE800F00414080425
:1023F000040400BF2F46ADB918E000BF04F1280067
:10240000022104F011FF0AE001250127207840068F
:102410001AD44BE004F10800002104F071FE0546D7
:102420002F461DB1207840060ED43FE0D8F8280092
:10243000D4F88C1020F0E04000250843C8F82800AC
:1024400037462078400631D5D4F898004FEAB020BE
:1024500005280FD8DFE800F004140804040400BFC6
:102460002E46ADB918E000BF04F12800022104F0A7
:10247000DBFE0AE001250126207800061AD44EE092
:1024800004F10800002104F03BFE05462E461DB174
:10249000207800060ED442E0D8F82C00D4F898102A
:1024A00020F4E05000250843C8F82C003E46207870
:1024B000000634D5D4F89C004FEA7030052815D8B2
:1024C000DFE800F0041A0E04040400BF2F46E5B153
:1024D0002068010727D4C1063ED4000355D477E015
:1024E00004F12800022104F09FFE0AE001250127E3
:1024F00020680107EFD516E004F10800002104F080
:10250000FFFD0546002D2F46E2D1D8F82C00D4F867
:102510009C1020F4604000250843C8F82C00374682
:1025200020680107D7D5D4F88000B0F5805F09D1C5
:1025300004F12800022104F077FE002818BF0127CB
:10254000D4F88000D8F8281021F440510843C8F886
:1025500028002068C106C0D5D4F89400B0F5807F6B
:1025600009D104F12800022104F05EFE002818BF02
:102570000127D4F89400D8F82C1021F440710843B6
:10258000C8F82C002068000322D5D4F8A000B0F5CC
:10259000003F11D0B0F5803F08D0002844D104F1AD
:1025A0000800002104F0ACFD05E000BF04F12800A4
:1025B000022104F039FE05462E4655B9D8F82C0004
:1025C000D4F8A01020F4403000250843C8F82C00AF
:1025D0003E46A07840072CD5D4F88400B0F5401FC3
:1025E0000BD0B0F5001F0BD0B0F5801F2AD1D8F862
:1025F000000040F40030C8F800002F46D5B907E0CD
:1026000004F12800012104F00FFE05462F468DB984
:10261000D8F82800D4F8841020F44010002508438E
:10262000C8F8280005E000BF01250126A078400772
:10263000D2D43746A078C00709D13E462168880029
:1026400015D532E001250127A078C007F5D0206D0F
:10265000B0F5803F10D018BBD8F8000040F400302F
:10266000C8F800002E4685B1216888001DD4606836
:102670008A0326D465E000BF04F10800022104F0BB
:102680003FFD0546002D2E46EED1D8F82000216DE5
:1026900020F4803000250843C8F82000CDE700BFB3
:1026A0000125012621688800E1D504F128000221D6
:1026B00004F0BAFD002818BF0126D4E900108A03EF
:1026C0003FD5E26F6FF0010303EB3223022B0BD3F4
:1026D0004FEA322343B1012B40F0AA80D8F80030F2
:1026E00043F40033C8F8003025B3CA022CD48A0260
:1026F00034D44A003CD4CA0F49D1090251D4C1078D
:102700005AD1810763D441076CD4010776D4C1063E
:1027100000F18080800607D504F12800022104F032
:1027200083FD002818BF0125002D18BF012528466C
:10273000BDE8F087D8F8283023F440731A43C8F86E
:1027400028203546CA02D2D5D8F82420236F22F09B
:1027500000421A43C8F824208A02CAD5D8F8242097
:10276000A36E22F080721A43C8F824204A00C2D512
:1027700058F81C2C22F4004248F81C2CD4F8B42041
:1027800058F81C3C1A4348F81C2CCA0FB5D0D8F88E
:102790002020636D22F040521A43C8F8202009021D
:1027A000ADD5D8F82810D4F8882021F44001114381
:1027B000C8F82810C107A4D004F10800002104F0D3
:1027C0009FFC002818BF0546606881079BD504F16F
:1027D0000800012104F094FC002818BF0546606839
:1027E000410792D504F10800022104F089FC002879
:1027F00018BF0546606801077FF589AF04F128001E
:10280000002104F011FD002818BF05466068C106CC
:102810007FF580AF04F12800012104F005FD0028B8
:1028200018BF0546606880063FF576AF7CE700BFBD
:102830000125CA027FF55BAF86E700BFD4F8B00080
:102840004FF6CF7358F81C2CC0F2FF0300F4407110
:1028500022F47C5203EA10136FF31F30B1F5407F6E
:1028600008BF1A43002548F81C2CD8F84410084328
:10287000C8F84400FFF7BBBC2DE9F04381B0002845
:1028800000F0208142F200090446C5F20029D9F87F
:10289000000000F00F0081420DD9D9F8000020F0AF
:1028A0000F000843C9F80000D9F8000000F00F003D
:1028B000884240F00781206844F218464207C5F676
:1028C00002060AD52269336803F070039A4204D9DC
:1028D000336823F070031A43326002070AD5626935
:1028E000736803F070039A4204D9736823F070038D
:1028F0001A437260C2060AD5A269736803F4E063E2
:102900009A4204D9736823F4E0631A437260820622
:102910000AD5E269B36803F070039A4204D9B36838
:1029200023F070031A43B26010F002020AD0E36889
:10293000376807F00F07BB4204D9376827F00F0745
:102940003B433360C3073FD0306820F47062D4E962
:1029500001031A433260012856F8182C0AD00328C4
:1029600004D002280AD192030BD4ABE0920108D420
:10297000A8E000BFD20504D4A4E000BF520740F194
:10298000A180884656F8081C21F00701084346F844
:10299000080CFEF7F5FF054641F2883756F8080C9B
:1029A000616800F03800B0EBC10F09D0FEF7E8FF16
:1029B000401BB842F2D9032001B0BDE8F08300BF4C
:1029C0002068414600F0020252B1E268336803F029
:1029D0000F039A4204D2336823F00F031A43326084
:1029E000D9F8002002F00F0291420CD2D9F8002051
:1029F00022F00F020A43C9F80020D9F8002002F0A3
:102A00000F028A425ED141070AD52169326802F07D
:102A10007002914204D2326822F070021143316098
:102A200001070AD56169726802F07002914204D20E
:102A3000726822F0700211437160C1060AD5A16963
:102A4000726802F4E062914204D2726822F4E06299
:102A50001143716080060AD5E069B16801F0700128
:102A6000884204D2B16821F070010843B06000F0E0
:102A7000B7F831684AF6C872C0F60002C1F3032104
:102A8000515C336803F00F0301F01F01D25C20FAA0
:102A900001F102F01F0040F20C02C2F2004221FAE2
:102AA00000F0106040F2040040F20802C2F2004060
:102AB000C2F200420068116001B0BDE8F043FEF7C9
:102AC000ABBF00BF012001B0BDE8F08300000000F3
:102AD00080B500F085F844F218414AF6C873C5F68F
:102AE0000201C0F600030A68C2F303229A5C096877
:102AF00001F00F0102F01F02595C20FA02F201F00E
:102B00001F0040F20C01C2F2004122FA00F00860FE
:102B100040F20801C2F200410A6080BD00000000DE
:102B200080B500F05DF844F2184C4AF6C873C5F65B
:102B3000020CC0F60003DCF80020C2F303229A5C0A
:102B4000DCF8001001F00F0102F01F02595CD040C8
:102B500040F20C02C2F2004201F01F0120FA01F122
:102B6000116040F20802C2F200421060DCF804007A
:102B7000C0F30210185C00F01F0021FA00F080BDC5
:102B800080B500F02DF844F2184C4AF6C873C5F62B
:102B9000020CC0F60003DCF80020C2F303229A5CAA
:102BA000DCF8001001F00F0102F01F02595CD04068
:102BB00040F20C02C2F2004201F01F0120FA01F1C2
:102BC000116040F20802C2F200421060DCF804001A
:102BD000C0F30220185C00F01F0021FA00F080BD55
:102BE00044F20041C5F602010869C0F3C20003289F
:102BF00016D002280ED0002832D10868800649F28B
:102C00000000C0F2D03058BF70470968C1F3C1015D
:102C1000C840704747F64000C0F27D10704700BFC3
:102C20008B6A886AD1F82CC04A6BC0F30510E8B1F2
:102C3000C2F3CC0203F0030300EE102A9FED2A1A20
:102C4000B8EE400A20EE010A9FED281ADFE803F0F3
:102C5000022110210A6892060ED49FED261A18E070
:102C600040F60010C0F23D00704700BF00207047E2
:102C70009FED1F1A0DE000BF0A6849F20003C0F281
:102C8000D033C2F3C10223FA02F201EE102AB8EEE9
:102C9000411A0A6B9FED183A6FF35F2202EE102A79
:102CA0005FEACC7203FE000A03EE100A086BB8EE6E
:102CB000422AC0F34620B8EE433A013030EE020A11
:102CC000B7EE002A81EE031A30EE020A21EE000A66
:102CD00001EE100AB8EE411A80EE010ABCEEC00AFD
:102CE00010EE100A704700BF000000390024744A3B
:102CF00020BCBE4B0024744C00000000000000000B
:102D000070B3F0B581B00446007844F20046C007C5
:102D1000C5F6020626D1207880076AD5306910F002
:102D20003801B06A42D0182908BF5FEA80703DD0F0
:102D3000E0683168002800F02D8121F01901084376
:102D40003060FEF71DFE0546306840074AD4FEF7A6
:102D500017FE401B0228F7D9032001B0F0BD00BFC9
:102D600001207047306900F03801B06A102905D0A1
:102D700018290BD100F00300022807D13068800326
:102D8000C9D560680028C6D1AAE000BF6168306874
:102D9000002900F03981B1F5A02F00F02D81B1F5A7
:102DA000803F40F0478140F4803049E1306840077F
:102DB000E06802D5002800F09380316821F0190105
:102DC00008433060FEF7DCFD054600BF3068400771
:102DD00008D4FEF7D5FD401B02284FF00300F5D9BB
:102DE00001B0F0BD7068216920F0FE4040EA01604A
:102DF00070602078C0061AD5306900F03801B06ADA
:102E0000082907D0182940F0858000F00300012828
:102E100040F080803068C00502D5E06980285FD12D
:102E2000F068216A20F07C5040EA0160F060207870
:102E300000073FD42078800656D42078400700F160
:102E40008180656A9DB3306900F03800182840F031
:102E50001981012DB16A306B42D001F00302A36ADF
:102E60009A423DD1C1F30511E26A914238D101463F
:102E7000226B6FF35F21013A914231D1C0F34622B8
:102E8000616B01398A422BD1C0F30642A16B013933
:102E90008A4225D1C0F30660E16B013988421FD117
:102EA000706BA16CC0F3CC00814240F0A581002082
:102EB00001B0F0BD60690028706F59D040F001008A
:102EC0007067FEF75DFD0546706F8007B2D4FEF7B0
:102ED00057FD401B0228F7D9032001B0F0BD00BF09
:102EE000012001B0F0BD00BFA0690028306871D09A
:102EF00040F480503060FEF743FD054630688004A2
:102F00009BD4FEF73DFD401B0228F7D9032001B0FA
:102F1000F0BD00BFE0690028306800F0A18040F0FB
:102F200080003060FEF72CFD054600BF3068C0050C
:102F30003FF576AFFEF724FD401B02284FF003005B
:102F4000F4D94DE7D6F8000440F48070C6F80004C8
:102F5000FEF716FD054600BFD6F80004C0052BD4C9
:102F6000FEF70EFD401B6428F6D9032001B0F0BD2A
:102F700020F001007067FEF703FD0546706F8007C3
:102F80007FF558AFFEF7FCFC401B02284FF0030012
:102F9000F4D925E721F001003060FEF7F1FC054689
:102FA000306840077FF525AFFEF7EAFC401B02289A
:102FB0004FF00300F4D913E7A168306F002900F047
:102FC0008B80052900F08080012940F09D8040F031
:102FD00001009FE020F480503060FEF7D1FC0546F0
:102FE000306880047FF529AFFEF7CAFC401B022839
:102FF0004FF00300F4D9F3E640F4802030603068ED
:1030000040F480301CE000BF20F480303060306835
:1030100020F480203060FEF7B3FC05463068800362
:103020007FF579AEFEF7ACFC401B64284FF003003F
:10303000F4D9D5E620F480303060306820F4802068
:103040003060FEF79DFC0546306880033FF563AEB7
:10305000FEF796FC401B6428F6D9032001B0F0BDB2
:1030600020F080003060FEF78BFC05463068C0051C
:103070007FF5DDAEFEF784FC401B02284FF0030015
:10308000F4D9ADE6306820F080703060FEF778FC4F
:10309000022D05460CD100BF306880014CD5FEF7EB
:1030A0006FFC401B02284FF00300F5D998E600BFE3
:1030B000306880017FF5FBAEFEF762FC401B022802
:1030C0004FF00300F4D98BE640F004003067306F16
:1030D00040F001001EE000BF20F001003067306FBB
:1030E00020F004003067FEF74BFC054641F28837BC
:1030F000306F80077FF5A5AEFEF742FC401BB8425B
:103100004FF00300F4D96BE620F001003067306F18
:1031100020F004003067FEF733FC054641F28837A3
:10312000306F80073FF58DAEFEF72AFC401BB8429A
:103130004FF00300F4D953E604F12807B06A40F2D7
:10314000F33188438ECF0843591E40EA02104FF4F2
:103150007E426FF35F21B06202EB47204FF4FE0224
:1031600080B2E36B0844A16B02EB01414FF0FE42D9
:1031700001F4FE0102EB0362084402F0FE41084440
:103180003063F06A4FF6F87120F00100F062706B66
:10319000A26C884340EAC2007063F06A216C20F0A0
:1031A0000C000843F062F06A616C20F002000843F2
:1031B000F062F06A40F48030F062F06A40F400306F
:1031C000F062F06A40F48020F062F06A40F00100A2
:1031D000F062306840F080703060FEF7D1FB04464A
:1031E000306880013FF563AEFEF7CAFB001B022882
:1031F0004FF00300F4D9F3E5F06A20F00100F0622B
:10320000FEF7BEFB0546FEF7BBFBA842FBD0706B8A
:103210004FF6F871A26C884340EAC2007063F06A0E
:1032200040F00100F062002001B0F0BD000000009D
:10323000411E0020B0EB116F02D00120704700BF8B
:103240004EF21002F023CEF2000251604EF62351EE
:10325000CEF200010B7007219060116070470000F2
:1032600070470000000000007047000000000000F0
:10327000704700000000000090F83C20012A01D1B6
:1032800002207047B0B5D1E9022323F47C5322F425
:10329000705242EA030548F2FF73D1E900CECEF640
:1032A000F0730EEA030203F5006445EA020E0CEA2D
:1032B00004050C6903F5C05245EA0E0522402A4375
:1032C0004D692A4303F560550C6B03F5F0432A4022
:1032D00023401343026840F2004C42F48065C4F27C
:1032E000010C8C69654540F2000CCEF6FF7CCD697F
:1032F0000CEA044443EA050343EA040318D14FF6F9
:10330000FF7540F2000CCDF60F458C6ACDF6F04CFF
:1033100003EA050E0D6A0CEA04544B6A44EA0E04F3
:1033200025F0085523F000532543C96A2B430B436E
:103330005364002180F83C100020B0BD0000000064
:1033400090F83C20012A4FF0020266D0B0B580F818
:103350003D2040F2004C0268C4F2010C42F480634C
:1033600063455368D2F808E002BF23F470034C6849
:1033700023434DF6FF740D68C4F2000423F070037C
:10338000A24243EA0503536014DC40F2FF73C4F227
:1033900000039A4222DD40F60003C4F200039A4281
:1033A0002ED040F60043C4F200039A4228D041F6E2
:1033B000000321E04FF6FF73C4F200039A4213DDCD
:1033C0000023C4F201039A421AD044F20003C4F26B
:1033D00001039A4214D0624512D016E0B2F1804F38
:1033E0000ED040F2004307E04EF20003C4F20003A7
:1033F0009A4205D04EF20043C4F200039A4204D12F
:103400002EF080038968194391600022012180F821
:103410003D1080F83C20BDE8B040104670470000E9
:1034200060B310B5044690F83D0028B9002084F838
:103430003C00204600F024F8022084F83D0020687B
:10344000211D04F0D9F8012084F8480084F83E00DA
:1034500084F83F0084F8400084F8410084F842007A
:1034600084F8430084F8440084F8450084F846005A
:1034700084F8470084F83D00002010BD012070470B
:1034800010B584B04EF200410068C4F200018842D9
:1034900032D04EF20001C4F2000188421AD040F24C
:1034A0000041C4F20001884240D144F2EC400022C5
:1034B000C5F602001D2450F8041C41F0020140F83A
:1034C000041C50F8040C002100F002000390039843
:1034D0001D2022E044F2EC400022C5F60200A124A7
:1034E000016841F0807101600068002100F0807087
:1034F00002900298A12010E044F2EC400022C5F6B0
:103500000200A224016841F00071016000680121FD
:1035100000F0007001900198A220FEF7C9FA204641
:1035200004B0BDE81040FEF7AFBA00BF04B010BD54
:1035300090F83D10012927D1022180F83D10016843
:103540004DF6FF70C4F200008142C86840F00100EF
:10355000C8601BDC40F2FF70C4F2000081422DDD28
:1035600040F60000C4F2000081423DD040F6004029
:10357000C4F20000814237D041F60000C4F20000DE
:10358000814231D03CE000BF012070474FF6FF7010
:10359000C4F2000081421BDD0020C4F20100814220
:1035A00022D044F20000C4F2010081421CD040F25B
:1035B0000040C4F20100814216D021E0B1F1804FF9
:1035C00012D040F20040C4F2000081420CD017E05B
:1035D0004EF20000C4F20000814205D04EF20040DD
:1035E000C4F2000081420BD107228868C0F20102B8
:1035F00002400020062A18BFB2F5803F00D1704774
:10360000086840F0010008600020704700000000DA
:1036100090F83C20012A4FF0020200F0AA8080B509
:1036200080F83D208822D0F800C0CFF6CE72DCF8BA
:1036300008301A40CCF808200B686F2B0EDDB3F170
:10364000101F37DAB3F5005F6EDA702B00F0B6802A
:10365000B3F5805F00F08480D8E000BF2F2B33DD0E
:103660004F2B39DC302B6FD0402B40F0CF80D1F87E
:1036700004E0C968DCF82030DCF8202022F00102E8
:10368000CCF82020DCF8182022F0F00242EA0111E8
:1036900023F00A02CCF8181042EA0E01CCF82010F0
:1036A0004FF68872DCF80810CFF6CF721140473120
:1036B00054E000BF2F21C0F210018B423ADCB3F17D
:1036C000101F41D020213BE0002B18BF102B3BD016
:1036D000202B39D09AE000BF502B4DD0602B40F00A
:1036E0009580D1F804E0C968DCF82030DCF82020AF
:1036F00022F01002CCF82020DCF8182022F47042CE
:1037000042EA013123F0A002CCF8181042EA0E116F
:10371000CCF820104FF68872DCF80810CFF6CF7284
:10372000114067311AE000BF5CD0B3F5801F0BD0A9
:103730006CE000BF3021C0F210018B4204D0402168
:10374000C0F210018B4261D14FF68872DCF808108C
:10375000CFF6CF721140194341F00701CCF80810A1
:103760000022012180F83D10002180F83C10BDE8C6
:1037700080401046704700BFD1F804E0C968DCF80B
:103780002030DCF8202022F00102CCF82020DCF8E8
:10379000182022F0F00242EA011123F00A02CCF8CC
:1037A000181042EA0E01CCF820104FF68872DCF8AF
:1037B0000810CFF6CF7211405731CFE701F1040E58
:1037C0009EE80C40DCF808101A4321F47F4142EADD
:1037D0000E221143CCF80810DCF8081041F07701F4
:1037E000BCE700BF01F1040E9EE80C40DCF80810B5
:1037F0001A4321F47F4142EA0E221143CCF808100B
:10380000DCF8081041F48041A8E700BF0122A8E7D6
:103810007047000000000000F0B581B00446006869
:10382000C5680669B10717D515F0020114D06FF00D
:1038300002010161012121778069800704D02046BF
:10384000FFF7E6FF06E000BF204600F09DF82046A7
:1038500000F04EFB00202077700719D515F004000A
:1038600016D020686FF00401016102212177806980
:1038700010F4407F04D02046FFF7CAFF06E000BFE7
:10388000204600F081F8204600F032FB002020772F
:10389000300717D515F0080014D020686FF0080124
:1038A000016104212177C069800703D02046FFF71A
:1038B000AFFF05E0204600F067F8204600F018FB57
:1038C00000202077F00619D515F0100016D02068DA
:1038D0006FF01001016108212177C06910F4407F69
:1038E00004D02046FFF794FF06E000BF204600F01A
:1038F0004BF8204600F0FCFA00202077F00718BFB4
:1039000015F0010006D020686FF00101016120462A
:1039100000F0AAFB05F0800716F4025F18BF002F25
:1039200002D1F00509D410E020686FF40251016162
:103930002046FFF799FCF00507D537B120686FF4F2
:10394000807101612046FFF78BFC700609D515F0E8
:10395000400006D020686FF040010161204600F071
:10396000CBFBB0060CD515F0200009D020686FF015
:1039700020010161204601B0BDE8F040FFF778BCAE
:1039800001B0F0BD00000000704700000000000022
:1039900090F83C30012B01D1022070474FEAB2026F
:1039A000052A00F223812DE9F041DFE812F007003B
:1039B000BB00570095003100F90000BF036843F6D3
:1039C000FF76C4F201061C6AB3421A6A24F00204AC
:1039D00022F001021A621A46D3F804C052F818EF16
:1039E0008D6844EA0504D1F8008040F3818144F2F7
:1039F0000007C4F20107BB4200F0858144F60007CE
:103A0000C4F20107BB4200F07E8144F2004776E138
:103A1000036843F6FF77C4F20107D3F820C0BB4226
:103A20001A6A22F480321A621A465C6852F8546F9D
:103A30000D68D1F808E040F3DF8044F20007C4F2DB
:103A40000107BB4200F0E38044F60007C4F201071F
:103A5000BB4200F0DC8044F20047D4E0036840F24F
:103A6000004E43F48067C4F2010E1C6A77451A6A5F
:103A700024F4007422F480721A621A465D6852F8C7
:103A80001CCF8E6844EA062407D1CE6840F2FF4777
:103A9000360224F44064BE43344343F6FF76D1F843
:103AA0000080C4F20106B34240F3D28044F2000722
:103AB000C4F20107BB4200F0D28044F60007C4F212
:103AC0000107BB4200F0CB8044F20047C4F201077B
:103AD000BB4200F0C480C9E0036843F6FF77C4F23C
:103AE0000107D3F820C0BB421A6A22F480521A623E
:103AF0001A465C6852F81C6F0D68D1F808E040F374
:103B0000CD8044F20007C4F20107BB4200F0D1802F
:103B100044F60007C4F20107BB4200F0CA8044F239
:103B20000047C2E0036840F2004E43F48067C4F2ED
:103B3000010E1C6A77451A6A24F0200422F0100254
:103B40001A621A465D6852F818CF8E6844EA061465
:103B500007D1CE686FF0400724F0C00407EA0616CC
:103B6000344343F6FF76D1F80080C4F20106B34235
:103B700040F3E08044F20007C4F20107BB4200F0CA
:103B8000E08044F60007C4F20107BB4200F0D98090
:103B900044F20047C4F20107BB4200F0D280D7E0F4
:103BA000036843F6FF77C4F20107D3F820C0BB4295
:103BB0001A6A22F480121A621A465C6852F8546F2C
:103BC0000D68D1F808E040F3058144F20007C4F223
:103BD0000107BB4200F0098144F60007C4F2010767
:103BE000BB4200F0028144F20047FAE001210022CA
:103BF00080F83C20084670470027C4F20107BB420A
:103C000005D040F20047C4F20107BB4204D14F691E
:103C100024F4803444EA07244FF68C775C60CFF6B6
:103C2000FE7703373E402CF4003746EA05045C6516
:103C30004E6809699E6547EA0E471F625F6D47F04F
:103C400008075F655F6D27F004075F65EEE000BF62
:103C50000027C4F20107BB4201D0734506D1D1E968
:103C60000576374325F4405646EA07154FF68C771C
:103C70005D60CFF6FE7707EA0C0747EA0807DF61C9
:103C80004F680969DF631C62DF6947F00807DF617D
:103C9000DF6927F00407DF61C8E000BF0027C4F236
:103CA0000107BB4205D040F20047C4F20107BB4206
:103CB00004D14F6924F4804444EA871448F6FF474E
:103CC0005C60CFF6FF673E402CF4005746EA0524BF
:103CD000DC614E6809691E6447EA0E371F62DF69BE
:103CE00047F40067DF61DF6927F48067DF619CE0EC
:103CF0000027C4F20107BB4205D040F20047C4F2DE
:103D00000107BB4205D1CF6824F00C0427F004075B
:103D10003C43B34234DD44F20006C4F20106B34230
:103D200039D044F60006C4F20106B34233D044F25F
:103D300000462CE00027C4F20107BB4201D07345C6
:103D400006D1D1E90576374325F4406646EA870572
:103D500048F6FF475D60CFF6FF6707EA0C0747EAC2
:103D600008279F614F6809699F631C629F6947F438
:103D700000679F619F6927F480679F6155E000BFDE
:103D80000026C4F20106B34205D040F20046C4F258
:103D90000106B34206D12CF44077D1E905653743DB
:103DA00047EA050C4FF68C75C3F804C0CFF6FE75D4
:103DB0000EEA050747EA08079F614F6809695F63D4
:103DC0001C629F6947F008079F619F6927F00407FD
:103DD0009F612BE00027C4F20107BB4205D040F2EF
:103DE0000047C4F20107BB4204D14F6924F4802488
:103DF00044EA872448F6FF475C60CFF6FF6707F583
:103E000040773E402CF4001746EA05245C654E6876
:103E10000969DE6547EA0E571F625F6D47F4006768
:103E20005F655F6D27F480675F650902136819435A
:103E300011600021BDE8F041002280F83C200846D6
:103E4000704700000000000060B310B5044690F811
:103E50003D0028B9002084F83C00204600F024F8FA
:103E6000022084F83D002068211D03F0C5FB0120DD
:103E700084F8480084F83E0084F83F0084F840004D
:103E800084F8410084F8420084F8430084F8440038
:103E900084F8450084F8460084F8470084F83D0023
:103EA000002010BD0120704744F200010068C4F2F8
:103EB0000101884218BF704780B582B044F2F040DB
:103EC0000022C5F60200016841F4803101600068FB
:103ED000002100F48030019001987420FDF7E8FD86
:103EE000742002B0BDE88040FDF7CEBD00000000A8
:103EF000704700000000000080B5C9B10B1F4FF0F3
:103F00003F0C4FEAB30E4322BEF1040F38BF0CEB57
:103F1000B302825C012A13D1BEF1030F1ED8DFE881
:103F20000EF00319111500BF022280F83F2018E09F
:103F300090F83E20012A03D1022280F83E2010E0B2
:103F4000012080BD022280F841200AE0022280F890
:103F5000422006E0022280F8402002E0022280F89F
:103F60004320026801F01F00012101FA00F0116AEC
:103F7000814311624EF2FF31C4F200018A42116A9C
:103F800040EA0100106215DC40F6FF30C4F2000088
:103F9000824227DCB2F1804F4ED040F20040C4F2A2
:103FA0000000824248D040F60000C4F20000824285
:103FB00042D053E043F6FF700021C4F20100C4F286
:103FC0000101824244F20000C4F201001EDC4EF204
:103FD0000043C4F200039A422ED08A4224D040F219
:103FE00000431DE040F60040C4F20000824223D0AE
:103FF00041F60000C4F2000082421DD04EF20000E3
:10400000C4F20000824217D028E000BF82420BD0E9
:1040100044F60003C4F201039A4205D044F200437F
:10402000C4F201039A4219D1536C8A4243F400410D
:10403000516418BF82420BD107219068C0F2010180
:1040400001400020062918BFB1F5803F06D180BD90
:1040500040F20040C4F201008242EDD0106840F00E
:1040600001001060002080BDB0B540F2004504465C
:10407000C4F20005006805F56041884212D005F5DC
:104080005C41884227D005F59E3188422AD0A8425B
:1040900018BFB0BD40F2D860C2F20040BDE8B040E9
:1040A00003F05AB905F088F840F208209FED112A74
:1040B000C2F2004090ED011A80ED000A30EE411A84
:1040C00080ED010A81EE021A80ED021A206805F5E2
:1040D0005C418842D7D105F0FBFE206805F59E3192
:1040E0008842D4D140F2A860C2F2004003F034F913
:1040F0002068CCE7CDCC4C3D7047000000000000AC
:1041000090F88410012901D1022070472421C0F8C1
:10411000881001680A680B6822F0005223F001033E
:104120000B60002343660A602021C0F8881080F8E5
:10413000843000207047000070470000000000003D
:10414000704700000000000090F88420012A01D18F
:104150000220704770B52422C0F888200268D0F889
:1041600064E0BEF1000FD2F800C0136823F0010331
:104170001360936823F0606341EA0301916019D0F2
:1041800091684BF61E0E9368C0F6000E5B0F4BF65F
:104190002605C1F34266C0F600051EF80340E95C3F
:1041A0002301B3FBF1F11EF80630AE5D1B01B3FB3A
:1041B000F6F301E001210123A0F86A102021A0F804
:1041C0006830C2F800C0C0F88810002180F8841060
:1041D000002070BD0000000090F88420012A01D169
:1041E0000220704770B52422C0F888200268D0F8F9
:1041F00064E0BEF1000FD2F800C0136823F00103A1
:104200001360936823F0604341EA0301916019D081
:1042100091684BF61E0E9368C0F6000E5B0F4BF6CE
:104220002605C1F34266C0F600051EF80340E95CAE
:104230002301B3FBF1F11EF80630AE5D1B01B3FBA9
:10424000F6F301E001210123A0F86A102021A0F873
:104250006830C2F800C0C0F88810002180F88410CF
:10426000002070BD0000000070470000000000004A
:1042700070470000000000007047000000000000D0
:1042800070B5016840F62F02CB691A40202A0A68EF
:104290008E680BD102F0200406F080552D1917D03E
:1042A000416F69B3BDE87040084700BF40F60F0595
:1042B0002B420DD0012540F22014C1F20005C0F2BE
:1042C000004406EA050C02EA040515EB0C0525D1AD
:1042D000DD06C46E16D5012C14D112F0100511D0D4
:1042E00010220A628968490666D4B0F85C10B0F8FA
:1042F0005E20B0F85E30002B18BF914240F05C8227
:1043000070BD00BFDD0215D516F4800512D04FF444
:1043100080120A62BDE87040FFF7AABFDD0718BF30
:1043200012F4807540F01E819D0706F0010E00F129
:1043300025812EE1190606D502F0800106F400065B
:10434000891940F0BF82590640F1008112F0400106
:1043500000F0FC80016851E8001F026821F0400174
:1043600042E80013F3B1016851E8001F026821F030
:10437000400142E80013002B1FBF016851E8001FF5
:10438000026821F040011CBF42E80013002B09D055
:10439000016851E8001F026821F0400142E8001363
:1043A000002BD7D12021C0F8881000218167BDE8FB
:1043B000704000F0F9BB00BFD0F880100A68526866
:1043C00093B2002B9CD0B0F85C60B34298D2A0F8B6
:1043D0005E20C969B1F5807F00F0AC80016851E8CA
:1043E000001F026821F4807142E80013F3B10168F4
:1043F00051E8001F026821F4807142E80013002B8D
:104400001FBF016851E8001F026821F480711CBFC2
:1044100042E80013002B09D0016851E8001F026830
:1044200021F4807142E80013002BD7D1016851E8D4
:10443000021F026821F0010142E80213F3B1016892
:1044400051E8021F026821F0010142E80213002B2B
:104450001FBF016851E8021F026821F001011CBF63
:1044600042E80213002B09D0016851E8021F0268DC
:1044700021F0010142E80213002BD7D1016851E875
:10448000021F026821F0400142E80213F3B1016803
:1044900051E8021F026821F0400142E80213002B9C
:1044A0001FBF016851E8021F026821F040011CBFD4
:1044B00042E80213002B09D0016851E8021F02688C
:1044C00021F0400142E80213002BD7D12021C0F88F
:1044D0008C100021C166016851E8001F026821F0BC
:1044E000100142E80013F3B1016851E8001F0268AF
:1044F00021F0100142E80013002B1FBF016851E8B2
:10450000001F026821F010011CBF42E80013002BBD
:1045100009D0016851E8001F026821F0100142E84B
:104520000013002BD7D1D0F8801004460846FCF7C2
:1045300053FD204602210167B0F85C10B0F85E2000
:10454000891A89B2BDE87040FFF7F6BD190240F143
:10455000C58112F0804100F0C181BDE87040FFF7D5
:1045600083BE00BF01250D62D0F8905045F00105D3
:10457000C0F890509D0706F0010E0AD5BEF1000F5D
:1045800007D002240C62D0F8904044F00404C0F834
:1045900090405C070AD5BEF1000F07D004250D62DC
:1045A000D0F8905045F00205C0F890501D070CD58A
:1045B00002F0200555EA0C0507D008250D62D0F859
:1045C000905045F00805C0F890501D050BD512F02D
:1045D000806508D04FF400650D62D0F8905045F02A
:1045E0002005C0F89050D0F89050002D3FF488AED0
:1045F0009B060BD502F0200206F08053D21805D09E
:10460000426F1AB10446904720462168D0F89020A6
:10461000896801F0400102F02802891806D1044699
:10462000FFF72AFE0020C4F8900070BD016851E831
:10463000001F026821F4907142E80013F3B1016891
:1046400051E8001F026821F4907142E80013002B2A
:104650001FBF016851E8001F026821F490711CBF60
:1046600042E80013002B09D0016851E8001F0268DE
:1046700021F4907142E80013002BD7D14FF6FE7160
:10468000CEF6FF71026852E8022F03680A4043E841
:104690000226DEB1026852E8022F03680A4043E8AE
:1046A0000226002E1FBF026852E8022F03680A404C
:1046B0001CBF43E80226002E08D0026852E8022FF1
:1046C00003680A4043E80226002EDBD1C16E0129AF
:1046D00027D1016851E8001F026821F0100142E86B
:1046E0000013F3B1016851E8001F026821F01001C6
:1046F00042E80013002B1FBF016851E8001F026849
:1047000021F010011CBF42E80013002B09D0016802
:1047100051E8001F026821F0100142E80013002B4D
:10472000D7D12021C0F88C100021C16602684167F2
:104730009168490640F1CE80016851E8021F026885
:1047400021F0400142E80213F3B1016851E8021F71
:10475000026821F0400142E80213002B1FBF0168EC
:1047600051E8021F026821F040011CBF42E8021319
:10477000002B09D0016851E8021F026821F04001B6
:1047800042E80213002BD7D1D0F88010002900F0A6
:10479000A18047F6E11204460846C0F600020A6509
:1047A000FCF7AEFE00283FF4ABADD4F88000016DFD
:1047B000BDE87040084700BF891A026852E8002F20
:1047C000036822F4907243E80026F6B1026852E8CA
:1047D000002F036822F4907243E80026002E1FBFCA
:1047E000026852E8002F036822F490721CBF43E86D
:1047F0000026002E09D0026852E8002F036822F438
:10480000907243E80026002ED7D14FF6FE72CEF606
:10481000FF72036853E8023F0668134046E802351A
:10482000DDB1036853E8023F0668134046E80235ED
:10483000002D1FBF036853E8023F066813401CBFEA
:1048400046E80235002D08D0036853E8023F0668A9
:10485000134046E80235002DDBD12022C0F88C2021
:104860000022C2664267026852E8002F036822F005
:10487000100243E80026F6B1026852E8002F0368F0
:1048800022F0100243E80026002E1FBF026852E803
:10489000002F036822F010021CBF43E80026002E00
:1048A00009D0026852E8002F036822F0100243E8A2
:1048B0000026002ED7D189B202220267BDE87040DF
:1048C000FFF73ABC816F00293FF41AADBDE8704094
:1048D000084700BFBDE87040FFF7CEBCD9017FF5A7
:1048E0000FADB2F1FF3FC8BF70BDBDE87040FFF72C
:1048F00027BC00000000000010B5D8B10446D0F875
:10490000880028B9002084F88400204600F028F8A8
:104910002420C4F888002068A16A0268002922F0D7
:104920000101016002D0204602F032FF204603F070
:104930008BFD08B1012010BD2068416821F4904131
:104940004160816821F02A018160016841F0010124
:1049500001602046BDE8104002F08ABF0000000060
:10496000B0B5B6B0044602A80830B0210025319594
:10497000CDE93455CDE93255FBF72EFF41F6000164
:104980002068C4F20101884202D036B0B0BD00BF39
:104990000120029002A80395FDF72EFA08B1FCF75A
:1049A00013FB44F2E040C5F60200016941F040010A
:1049B0000161016901F0400101910199016841F033
:1049C00008010160006831A900F008000190019819
:1049D0004FF440403190022032900020CDE9330066
:1049E0000B20359040F60040C5F60200FCF7E4FECF
:1049F0009B2000210022FDF75BF89B20FDF744F887
:104A000036B0B0BD00000000D0F88C30202B07D1AC
:104A10000123002918BF002A06D11846704700BF9D
:104A200002231846704700BF80B50023C36640F6D6
:104A30000043D0F800C0C5F600039C4503D0DCF865
:104A400004301B0204D403F05BFF002080BD00BFD4
:104A5000036853E800CFD0F800E04CF080634EE8E4
:104A6000003CBCF1000FEED0036853E800CFD0F853
:104A700000E04CF080634EE8003CBCF1000F1FBF2B
:104A8000036853E800CFD0F800E04CF080631CBF0F
:104A90004EE8003CBCF1000FD5D0036853E800CFCE
:104AA000D0F800E04CF080634EE8003CBCF1000F11
:104AB000CED1C8E70000000040F63801C2F2004144
:104AC000884218BF704770B540F2FC15C2F200452D
:104AD000287840280ED10120A8700020E88028788E
:104AE000E9884A1CEA8040F62052C2F20042505443
:104AF0004AE000BFA878012846D12978EA88501CEE
:104B0000E88040F62050C2F200408154E988022932
:104B100034D3E988014411F8021C0D292ED1E9880B
:104B2000084410F8010C0A2828D10026AE706878D5
:104B3000042822D8288940F69621C2F20041EA884A
:104B400000EB801001EB400440F62051C2F200411E
:104B50002046FBF7FCFDE88843F23431A4F88000DE
:104B6000C3F2333128890130A0FB011202EB82012C
:104B7000401A2881687801306870EE80E8888028C3
:104B800002D30020A870E88040F6380040F2FC1103
:104B9000C2F20040C2F200410122BDE87040FFF7BE
:104BA00033BF00000000000070470000000000005C
:104BB000FEE70000000000002DE9F04F81B09846AC
:104BC00091460E460746DDE90ABA00F0C5FED02040
:104BD00000F0DAFD00F094FC3B2000F0D5FD00F081
:104BE0008FFC00F0B9FED12000F0CEFD00F088FC73
:104BF00000F0AEFC0446012000F0A2FD00F0D8FE5B
:104C000000F0AAFED02000F0BFFD00F079FC3C20AF
:104C100000F0BAFD00F074FC00F09EFED12000F020
:104C2000B3FD00F06DFC00F093FC0546012000F0A0
:104C300087FD00F0BDFE45EA0420388000F08CFEC0
:104C4000D02000F0A1FD00F05BFC3D2000F09CFDB9
:104C500000F056FC00F080FED12000F095FD00F041
:104C60004FFC00F075FC0446012000F069FD00F0E7
:104C70009FFE00F071FED02000F086FD00F040FCA9
:104C80003E2000F081FD00F03BFC00F065FED120ED
:104C900000F07AFD00F034FC00F05AFC05460120DB
:104CA00000F04EFD00F084FE45EA0420308000F064
:104CB00053FED02000F068FD00F022FC3F2000F001
:104CC00063FD00F01DFC00F047FED12000F05CFD0C
:104CD00000F016FC00F03CFC0446012000F030FD22
:104CE00000F066FE00F038FED02000F04DFD00F030
:104CF00007FC402000F048FD00F002FC00F02CFE14
:104D0000D12000F041FD00F0FBFB00F021FC054646
:104D1000012000F015FD00F04BFE45EA0420A9F843
:104D2000000000F019FED02000F02EFD00F0E8FB9E
:104D3000432000F029FD00F0E3FB00F00DFED12040
:104D400000F022FD00F0DCFB00F002FC0446012034
:104D500000F0F6FC00F02CFE00F0FEFDD02000F08C
:104D600013FD00F0CDFB442000F00EFD00F0C8FB69
:104D700000F0F2FDD12000F007FD00F0C1FB00F0D3
:104D8000E7FB0546012000F0DBFC00F011FE45EAE0
:104D90000420A8F8000000F0DFFDD02000F0F4FCB3
:104DA00000F0AEFB452000F0EFFC00F0A9FB00F0A6
:104DB000D3FDD12000F0E8FC00F0A2FB00F0C8FB1E
:104DC0000446012000F0BCFC00F0F2FD00F0C4FD40
:104DD000D02000F0D9FC00F093FB462000F0D4FC7A
:104DE00000F08EFB00F0B8FDD12000F0CDFC00F00B
:104DF00087FB00F0ADFB0546012000F0A1FC00F0B0
:104E0000D7FD45EA0420ABF8000000F0A5FDD02056
:104E100000F0BAFC00F074FB472000F0B5FC00F095
:104E20006FFB00F099FDD12000F0AEFC00F068FBB4
:104E300000F08EFB0446012000F082FC00F0B8FD7B
:104E400000F08AFDD02000F09FFC00F059FB4820C4
:104E500000F09AFC00F054FB00F07EFDD12000F041
:104E600093FC00F04DFB00F073FB0546012000F0C1
:104E700067FC00F09DFD45EA0420AAF8000001B09F
:104E8000BDE8F08F0000000080B500F009FB00F0E5
:104E900063FDD02000F078FC00F032FB6B2000F0C6
:104EA00073FC00F02DFB012000F06EFC00F028FBED
:104EB00000F07EFD00F050FDD02000F065FC00F019
:104EC0001FFB6C2000F060FC00F01AFB002000F0DB
:104ED0005BFC00F015FB00F06BFD00F03DFDD02009
:104EE00000F052FC00F00CFB192000F04DFC00F02B
:104EF00007FB092000F048FC00F002FB00F058FD21
:104F000000F02AFDD02000F03FFC00F0F9FA1A2052
:104F100000F03AFC00F0F4FA062000F035FC00F056
:104F2000EFFA00F045FD00F017FDD02000F02CFC5A
:104F300000F0E6FA1B2000F027FC00F0E1FA182050
:104F400000F022FC00F0DCFA00F032FD00F004FD7D
:104F5000D02000F019FC00F0D3FA1C2000F014FC63
:104F600000F0CEFA182000F00FFC00F0C9FA00F0B3
:104F70001FFD6420BDE88040FBF7EEBF000000008D
:104F80002DE9F04786B044F2E0400024C5F6020067
:104F90000594CDE90344CDE90144016840F200489D
:104FA00041F0200101600168C5F6020801F020010E
:104FB00000910099016841F080010160016808F5E5
:104FC000805501F0800100910099016841F00401D1
:104FD00001600168002201F004010091009901685C
:104FE00041F00101016001684FF0400A01F0010148
:104FF00000910099016841F008010160016801F029
:10500000080100910099016841F002010160006807
:10501000402100F00200009000982846FCF7A8FC10
:1050200008F5806641F6710100223046FCF7A0FCCD
:1050300040F20221012230464FF00109FCF798FCB2
:10504000402100224046FCF793FC8021012240468B
:10505000FCF78EFC01AF3C20CDE90104284639461F
:105060000394FCF7A9FB28463946CDE901A9CDE90F
:105070000344FCF7A1FB41F673203946CDE9010951
:105080003046CDE90344FCF797FBC0203946CDE913
:1050900001094046CDE90344FCF78EFB06B0BDE8AC
:1050A000F087000000000000B0B59EB001A83421D8
:1050B000002416941494CDE91244CDE91044CDE9AE
:1050C0000E44FBF789FB40F2087044F20005C2F27F
:1050D0000040C4F20105C7210560C0E9011440F297
:1050E000E7314461C0E9031480218161FEF7ACFE21
:1050F00008B1FBF769FF40F2087015A9C2F2004041
:1051000015941794FEF71CF908B1FBF75DFF6020BA
:105110000E9040F208700EA9C2F200400022002456
:10512000CDE90F44CDE91144CDE91344FEF730FC3D
:1051300008B1FBF749FF05944FF40050CDE9034453
:10514000CDE90144CDE906040D9440F20874C2F2A1
:10515000004401A92046FEF78FF808B1FBF734FFA1
:1051600020680021A8421D91CDE91B111A911991C7
:105170001AD040F20041C4F20001884230D144F21A
:10518000E0408022C5F60200016841F004010160A0
:10519000006800F00400189000201899C5F602007D
:1051A000022100F5006011E044F2E0400422C5F65F
:1051B0000200016841F0010101600068042100F073
:1051C0000100189018980020C5F602001D9119A939
:1051D000199202221A920022CDE91B22FCF7ECFA66
:1051E0001EB0B0BD0000000080B588B040F2547021
:1051F0004EF20002C2F2004000210791C4F2000208
:10520000CDE9051102910260C722C0E9012142F2F5
:105210000F728161C0E90321FEF702F908B1FBF7C3
:10522000D3FE4FF48050049040F2547004A9C2F2AF
:105230000040FEF7EDF908B1FBF7C6FE0020019033
:10524000039040F25470C2F2004001A9FEF778F8D2
:1052500008B1FBF7B9FE08B080BD000000000000F7
:1052600080B588B040F2A0704EF20042C2F2004019
:10527000C4F20002002107910260C72242604DF291
:105280008F02CDE905110291C0F20302C0E90212BA
:1052900001618161FEF7C4F808B1FBF795FE4FF498
:1052A0008050049040F2A07004A9C2F20040FEF7C2
:1052B000AFF908B1FBF788FE00200190039040F29F
:1052C000A070C2F2004001A9FEF73AF808B1FBF75E
:1052D0007BFE08B080BD0000B0B594B040F2EC7029
:1052E00040F20045C2F2004000210D91C4F20005D9
:1052F000CDE90B11CDE90811CDE90611CDE9041175
:10530000CDE90211CDE900110560C722C0E90121F4
:1053100040F2E732C0E9032180218161FEF780F885
:1053200008B1FBF751FE4FF480500A9040F2EC7048
:105330000AA9C2F20040FEF76BF908B1FBF744FE80
:1053400040F2EC70C2F20040FEF77EFD08B1FBF7C0
:105350003BFE40F2EC7007A9C2F200400024079423
:105360000994FDF7EDFF08B1FBF72EFE60200294D3
:10537000CDE90004049440F2EC74C2F200446946A2
:1053800004222046FEF704FB08B1FBF71DFE44F2A1
:1053900000022068C4F20102002190421391CDE97D
:1053A0001111CDE90F1117D0A84231D144F2E040DC
:1053B0008022C5F60200016841F004010160006826
:1053C00000F004000E9000200E99C5F602000221A4
:1053D00000F5006012E000BF44F2E0400422C5F690
:1053E0000200016841F0010101600068042100F041
:1053F00001000E900E980020C5F6020013910FA92F
:105400000F92022210920022CDE91122FCF7D4F96A
:1054100014B0B0BD0000000080B540F6380041F681
:105420000001C2F20040C4F201010C2201604FF4FD
:10543000E13141600021C0E902110161C0E90521AB
:10544000C0E90711C0E90911FFF756FA08B1FBF7E7
:10545000BBFD40F638000021C2F20040FEF7BCFE62
:1054600008B1FBF7B1FD40F638000021C2F2004060
:10547000FEF76AFE08B1FBF7A7FD40F63800C2F25E
:105480000040FEF73DFE002808BF80BDBDE880401B
:10549000FBF79ABD00000000FEE7000000000000DE
:1054A000B0B586B040F6000401ADC5F60204002098
:1054B00005904FF4006101911121CDE90210022005
:1054C000049020462946FCF777F94FF4805001906C
:1054D00020462946FCF770F94FF40061012220466E
:1054E000FCF746FA0A20FBF753FD4FF480510122E6
:1054F0002046FCF73DFA0A20FBF74AFD06B0B0BD96
:10550000B0B540F600044FF48051C5F60204012204
:105510002046FCF72DFA0A20FBF73AFD4FF4006114
:1055200001222046FCF724FA0A20FBF731FD4FF454
:1055300080512046FCF714FA05464FF40061002222
:105540002046FCF715FA0A20FBF722FD2846B0BDDD
:10555000B0B540F600044FF48051C5F602040122B4
:105560002046FCF705FA0A20FBF712FD4FF4006114
:1055700001222046FCF7FCF90A20FBF709FD4FF455
:1055800080512046FCF7ECF901384FF40061B0FA85
:1055900080F0002245092046FCF7EAF90A20FBF7D3
:1055A000F7FC4FF4006101222046FCF7E1F90A20E4
:1055B000FBF7EEFC4FF480512046FCF7D1F901389F
:1055C0004FF40061B0FA80F000224009800140EA07
:1055D000C5152046FCF7CCF90A20FBF7D9FC4FF49F
:1055E000006101222046FCF7C3F90A20FBF7D0FC3A
:1055F0004FF480512046FCF7B3F901384FF40061B5
:10560000B0FA80F00022400945EA40152046FCF738
:10561000AFF90A20FBF7BCFC4FF4006101222046E1
:10562000FCF7A6F90A20FBF7B3FC4FF480512046A3
:10563000FCF796F901384FF40061B0FA80F00022CF
:10564000400945EA00152046FCF792F90A20FBF7CD
:105650009FFC4FF4006101222046FCF789F90A20E3
:10566000FBF796FC4FF480512046FCF779F901389E
:105670004FF40061B0FA80F00022400945EAC0050D
:105680002046FCF775F90A20FBF782FC4FF4006115
:1056900001222046FCF76CF90A20FBF779FC4FF455
:1056A00080512046FCF75CF901384FF40061B0FAF4
:1056B00080F00022400945EA80052046FCF758F9B1
:1056C0000A20FBF765FC4FF4006101222046FCF73D
:1056D0004FF90A20FBF75CFC4FF480512046FCF7A1
:1056E0003FF901384FF40061B0FA80F00022400920
:1056F00045EA40052046FCF73BF90A20FBF748FC49
:105700004FF4006101222046FCF732F90A20FBF732
:105710003FFC4FF480512046FCF722F901384FF44A
:105720000061B0FA80F00022400905432046FCF7F2
:105730001FF90A20FBF72CFCE8B2B0BD0000000006
:1057400010B540F600040246C5F602044FF480513D
:105750002046FCF70DF90A20FBF71AFC4FF4006114
:1057600001222046FCF704F90A20FBF711FC4FF454
:10577000006100222046FCF7FBF80A20BDE810403B
:10578000FBF706BC00000000B0B540F6000405467B
:10579000C5F6020400F080024FF480512046FCF769
:1057A000E7F80A20FBF7F4FB4FF4006101222046E2
:1057B000FCF7DEF80A20FBF7EBFB4FF40061002258
:1057C0002046FCF7D5F80A20FBF7E2FB05F0400283
:1057D0004FF480512046FCF7CBF80A20FBF7D8FBAA
:1057E0004FF4006101222046FCF7C2F80A20FBF7C3
:1057F000CFFB4FF4006100222046FCF7B9F80A20E5
:10580000FBF7C6FB05F020024FF480512046FCF761
:10581000AFF80A20FBF7BCFB4FF4006101222046E1
:10582000FCF7A6F80A20FBF7B3FB4FF40061002257
:105830002046FCF79DF80A20FBF7AAFB05F01002B2
:105840004FF480512046FCF793F80A20FBF7A0FBA9
:105850004FF4006101222046FCF78AF80A20FBF78A
:1058600097FB4FF4006100222046FCF781F80A20E4
:10587000FBF78EFB05F008024FF480512046FCF741
:1058800077F80A20FBF784FB4FF4006101222046E1
:10589000FCF76EF80A20FBF77BFB4FF40061002257
:1058A0002046FCF765F80A20FBF772FB05F00402BE
:1058B0004FF480512046FCF75BF80A20FBF768FBA9
:1058C0004FF4006101222046FCF752F80A20FBF752
:1058D0005FFB4FF4006100222046FCF749F80A20E4
:1058E000FBF756FB05F002024FF480512046FCF70F
:1058F0003FF80A20FBF74CFB4FF4006101222046E1
:10590000FCF736F80A20FBF743FB4FF40061002256
:105910002046FCF72DF80A20FBF73AFB05F00102C0
:105920004FF480512046FCF723F80A20FBF730FBA8
:105930004FF4006101222046FCF71AF80A20FBF719
:1059400027FB4FF4006100222046FCF711F80A20E3
:10595000BDE8B040FBF71CBB10B540F600044FF4A7
:105960008051C5F6020401222046FCF701F80A2006
:10597000FBF70EFB4FF4006101222046FBF7F8FF16
:105980000A20FBF705FB4FF4805100222046FBF76D
:10599000EFFF0A20FBF7FCFA4FF4006100222046DB
:1059A000FBF7E6FF0A20BDE81040FBF7F1BA000064
:1059B00010B540F600044FF48051C5F602040022F1
:1059C0002046FBF7D5FF0A20FBF7E2FA4FF400610F
:1059D00001222046FBF7CCFF0A20FBF7D9FA4FF44F
:1059E000805101222046FBF7C3FF0A20BDE810408A
:1059F000FBF7CEBA00000000FEE700000000000048
:105A000080B540F2A8204FF48061C2F20040FAF75E
:105A1000E3FE80BD00000000F0B581B00146CA6819
:105A2000D2B11269C2B18A420D4618D0D168A9B16B
:105A3000096999B19142154611D0CA6862B11269DB
:105A400052B18A420D460AD0D16839B1096929B1EB
:105A500091421546E3D102E00D4600E015460021D3
:105A60004FF0FF342A4600BF8242526908BF0C46FD
:105A70009AB101318242526908BF0C466AB10131C4
:105A80008242526908BF0C463AB18242526908BF4D
:105A90004C1C002A01F10201E6D104F1FD000027AF
:105AA000032CC8BFC7B2002F18BF002D50D1002D46
:105AB0004CD0A74207D1002000214022102300260D
:105AC000009600F061F82A6802200221082301F004
:105AD0001FF86D69D5B3781CA04207D100201021B2
:105AE000402210230026009600F04EF82A6802207B
:105AF0001221082301F00CF86D693DB3B81CA042D7
:105B000007D100202021402210230026009600F01B
:105B10003BF82A6802202221082300F0F9FF6D6972
:105B2000A5B1F81CA04207D100203021402210234B
:105B30000027009700F028F82A6802203221082365
:105B400001B0BDE8F04000F0E3BF00BF01B0F0BD20
:105B5000042000BFC11E6D69B942A8D2002DA6D095
:105B6000811E6D69B942A2D2002DA0D0411E6D697F
:105B7000B9429CD2002D9AD0B8426D6997D2002DBF
:105B800000F10400E6D192E72DE9F043079F02EB14
:105B9000000C002F3ED0002A00F07E80002B6FD03A
:105BA00040F2A8295A184FF6F87E4FF00108C2F2C9
:105BB000004903E0013003B29C456DDD85B20E461D
:105BC000802D15D20E4603E0013633B29A42F1DD44
:105BD000B7B23F2FF8D806EA0E0706F0070308FA17
:105BE00003F309EB07177C5D23437B55ECE700BF0C
:105BF000731C1BB29A42DDDDB31C1BB29A42C2BFBA
:105C0000F31C1BB29A42D5DD043633B29A42EFDC64
:105C1000D0E700BF002A00F07C80CA180124013AB6
:105C2000402995B202F0070204FA02FE4FEAD502BB
:105C300034D28EB201F0070704FA07F8402D4FEA7C
:105C4000D60541D240F2A827C2F2004707EBC5169D
:105C500007EBC215024603E0013214B2A44558DD39
:105C600097B27F2FF8D8F45D44EA0804F455EC5D50
:105C700044EA0E04EC55EFE7043001B28C450BDD2D
:105C8000411C09B28C4507DD811C09B28C45C2BF9D
:105C9000C11C09B28C45EFDCBDE8F083402D27D252
:105CA00040F2A824C2F2004404EBC212044603E00E
:105CB000013425B2AC452CDDA5B27F2DF8D8565D58
:105CC00046EA0E065655F3E740F2A8220646C2F20F
:105CD000004202EBC51203E0013637B2BC4518DDC5
:105CE000B7B27F2FF8D8D55D45EA0805D555F3E75B
:105CF0000246571C3FB2BC450BDD971C3FB2BC456A
:105D0000C2BFD71C3FB2BC4503DD043217B2BC454D
:105D1000EFDC002B08BFBDE8F0835A18ACF101039B
:105D20009BB240F2A8284FF6F87C4FF0010EC2F269
:105D3000004803E001310CB2A242ADDD8DB27F28F4
:105D400098BF3F2D04D97F2B98BF3F2DF2D80EE08E
:105D500001EA0C0601F007070EFA07F708EB061632
:105D6000345C3C4334547F2B98BF3F2DE2D801EA8A
:105D70000C0401F007050EFA05F508EB0414E65CC7
:105D80003543E554D6E70000B0B540F600040546BB
:105D9000C5F60204C20920212046FBF7E9FD0120D7
:105DA000FBF7F6F8102101222046FBF7E1FD012068
:105DB000FBF7EEF8102100222046FBF7D9FD012069
:105DC000FBF7E6F8C5F3801220212046FBF7D0FD53
:105DD0000120FBF7DDF8102101222046FBF7C8FD6A
:105DE0000120FBF7D5F8102100222046FBF7C0FD6B
:105DF0000120FBF7CDF8C5F3401220212046FBF728
:105E0000B7FD0120FBF7C4F8102101222046FBF763
:105E1000AFFD0120FBF7BCF8102100222046FBF764
:105E2000A7FD0120FBF7B4F8C5F30012202120469E
:105E3000FBF79EFD0120FBF7ABF810210122204665
:105E4000FBF796FD0120FBF7A3F810210022204666
:105E5000FBF78EFD0120FBF79BF8C5F3C002202164
:105E60002046FBF785FD0120FBF792F81021012267
:105E70002046FBF77DFD0120FBF78AF81021002268
:105E80002046FBF775FD0120FBF782F8C5F3800281
:105E900020212046FBF76CFD0120FBF779F810214B
:105EA00001222046FBF764FD0120FBF771F8102169
:105EB00000222046FBF75CFD0120FBF769F8C5F3E3
:105EC000400220212046FBF753FD0120FBF760F83C
:105ED000102101222046FBF74BFD0120FBF758F86B
:105EE000102100222046FBF743FD0120FBF750F86C
:105EF00005F0010220212046FBF73AFD0120FBF7C7
:105F000047F8102101222046FBF732FD0120FBF764
:105F10003FF8102100222046FBF72AFD0120FBF765
:105F200037F8102101222046FBF722FD0120FBF764
:105F30002FF8102100222046FBF71AFD0120BDE8B2
:105F4000B040FBF725B8000010B540F60004102162
:105F5000C5F6020401222046FBF70AFD0120FBF7EB
:105F600017F8202101222046FBF702FD0120FBF754
:105F70000FF8AE2000F098FED52000F095FE8020AE
:105F800000F092FEA82000F08FFE3F2000F08CFE73
:105F9000D32000F089FE002000F086FE402000F0B3
:105FA00083FEA12000F080FEC82000F07DFEDA20F4
:105FB00000F07AFE122000F077FE812000F074FEDF
:105FC000CF2000F071FED92000F06EFEF12000F02D
:105FD0006BFEDB2000F068FE302000F065FEA420A0
:105FE00000F062FEA62000F05FFE8D2000F05CFE57
:105FF000142000F059FEAF2000F056FE40F2A82019
:106000004FF48061C2F20040FAF7E6FBBDE81040B1
:1060100000F0D2BD000000002DE9F0472DED028B0D
:1060200082B0B0EE408BB5EE400BF1EE10FA9A461E
:106030009046894607460C9D0CDA062D16D0082D91
:1060400020D14BF212200822C0F600001023D030DD
:1060500013E000BF062D19D0082D23D14BF21220DA
:106060000822C0F600001023B03016E04AF6D870BF
:106070000622C0F6000008234E30009038464946FC
:1060800000F086F8B1EE488B0CE000BF4AF6D870FD
:106090000622C0F6000008234230009038464946E8
:1060A00000F076F8B6EEC80BBAF1000FBCEEC81BD4
:1060B00038EE400B11EE100A08D0BAF1040F0AF0C6
:1060C000030205D20A239AB91EE000BF01241BE097
:1060D0000AF0FC03012442F2107600BF214674430B
:1060E000043BFBD148F2A063C0F201034B435AB119
:1060F000012A01D11C4607E06421022A03FB01F4B6
:1061000003EB830108BF4C0001EE104A43460095A3
:10611000B8EE411B20EE010BBCFE400B10EE106AE6
:10612000B6FBF4F10A18781900B2494600F024FBD6
:1061300008F10100062D10FB057000B20AD0082DF1
:1061400013D14BF212210822C0F600011023E031D6
:1061500007E000BF4AF6D8710622C0F60001082306
:1061600054310091494600F013F808F10200494605
:1061700010FB057032465346009500B200F0FCFA61
:1061800002B0BDEC028BBDE8F0870000000000000B
:106190002DE9F04F8BB0002B0292099079D0029834
:1061A00003EB0108002863D0099A40F2A82E861854
:1061B0004FF0010CC2F2004E0C46894606E000BFCB
:1061C00009F101090FFA89F4A04562DD1FFA89F28D
:1061D000402A099A3AD209F00702E4080CFA02F2BE
:1061E000099D6FEA020A0EEBC4172A4604E000BFBD
:1061F00004352AB29642E3DDACB27F2C03D8BC5CF6
:1062000004EA0A04BC546C1C22B29642D8DDA4B243
:106210007F2C03D8BC5C04EA0A04BC54AC1C22B238
:106220009642CDDDA4B27F2C03D8BC5C04EA0A04FC
:10623000BC54EC1C22B29642C2DDA4B27F2CD7D84B
:10624000BC5C04EA0A04BC54D2E700BF541C24B26C
:10625000A642B5DD941C24B2A642C2BFD41C24B20F
:10626000A642ADDD043214B2A642EFDCA8E700BFBF
:106270000A46571C3FB2B8450BDD971C3FB2B845E4
:10628000C2BFD71C3FB2B84503DD043217B2B845D0
:10629000EFDC5A1EDDF80890B9F1000F02EB5272E4
:1062A0004FEAE20700F0508201EB51723C46D310F6
:1062B00022F0070208278A1A07EA1137DDF824E0DE
:1062C00003EBE1303A441FFA82F80EF1010101912B
:1062D00040F2A821C2F10802C2F200411FFA82FA7C
:1062E000049009F00300079009F0FC000EF102028F
:1062F000009271440391002200210A90059410E05D
:1063000000EBC21627FA0AF233441F78059C3A4381
:106310001A7000BF089901310A98CAB29442C0F2BB
:106320002782CBB20891149919FB031B049B9E187A
:1063300002FB0911082E06F1010206916CD2082A0F
:1063400080F0B680B9F1040F80F0FC804FF0000CB3
:106350000799DDF808900029059CDBD00CEB0E03B3
:106360007F2B18D840F2A82B0699C2F2004B30467A
:106370000BEBC61711F80C60FD5C06FA08F62E430D
:10638000FE540BEBC21711F80C60FD5C26FA0AF6FE
:106390002E43FE54064607990129BBD001980CEB09
:1063A00000037F2B1DD840F2A82B0CF10107C2F28D
:1063B000004B069930460BEBC616CD5D059C16F8D2
:1063C00003E005FA08F545EA0E05F5540BEBC21695
:1063D000CF5DDDF824E0F55C27FA0AF72F43F75488
:1063E00006460799022995D000980CEB00037F2BF5
:1063F00090D840F2A8200CF10207C2F200400699A2
:1064000000EBC616CD5D16F803C005FA08F545EA9F
:106410000C05F554CF5D73E7072A3FF67BAFB9F162
:10642000040F80F00581002507990029059C3FF4A1
:1064300071AF05EB0E037F2B0FD840F2A820059C0F
:10644000C2F2004000EBC2170698465D17F803C081
:1064500026FA0AF646EA0C06FE54079901293FF48B
:1064600059AF01982B187F2B10D840F2A8206F1C31
:10647000C2F20040059C00EBC2160698C75D16F8F4
:1064800003C027FA0AF747EA0C07F75407990229CD
:106490003FF440AF00982B187F2B3FF63BAFAF1C6B
:1064A0000698C75D40F2A820C2F2004028E700BF6E
:1064B000B9F1040F80F00A81B4460025079900293C
:1064C000059C3FF427AF05EB0E027F2A0DD840F262
:1064D000A820059CC2F2004000EBCC130698475D53
:1064E0009E5C07FA08F737439F54079901293FF448
:1064F00011AF01982A187F2A0ED840F2A8206B1CF1
:10650000C2F20040059C00EBCC170698C35CBE5C51
:1065100003FA08F33343BB54079902293FF4FAAE58
:1065200000982B187F2B3FF6F5AEAA1C0698825CCC
:1065300040F2A820C2F2004000EBCC1702FA08F2A9
:106540003B44E2E603984FF0000C00EBC61507E071
:106550000CF1040C0A986045DDF824E03FF4F8AE35
:10656000E64405EB0C03BEF17F0F0FD90EF10101DC
:106570000BEB0C097F2921D90EF102017F2931D9BA
:106580000EF103017F29E3D840E000BF1BF80C1097
:1065900015F80C4001FA08F1214305F80C101BF81E
:1065A0000C1093F8804021FA0AF1214383F88010FF
:1065B0000EF101010BEB0C097F29DDD899F80110D0
:1065C0005C7801FA08F12143597099F8011093F8A9
:1065D000814021FA0AF1214383F881100EF1020172
:1065E0007F29CDD899F802109C7801FA08F121434F
:1065F000997099F8021093F8824021FA0AF1214328
:1066000083F882100EF103017F29A1D899F80310B5
:10661000DF7801FA08F13943D97099F8031093F83B
:10662000837021FA0AF1394383F8831090E700BFA1
:106630000398002500EBC6130A9803E00435A8422E
:106640003FF4F2AE0EEB05077F2F09D9791C7F29A5
:1066500013D9B91C7F291ED9F91C7F29EED828E04F
:1066600059191BF8056091F8804026FA0AF626436E
:1066700081F88060791C7F29EBD80BEB05015E194E
:10668000497896F8814021FA0AF1214386F8811071
:10669000B91C7F29E0D80BEB05015E19897896F8C3
:1066A000824021FA0AF1214386F88210F91C7F29E1
:1066B000C4D80BEB05015F19C97897F8836021FAFC
:1066C0000AF1314387F88310B8E700BF0399B44655
:1066D000002501EBC61303E00435A8423FF4EEAEFB
:1066E0000EEB05027F2A06D81BF805705E5D07FADF
:1066F00008F737435F55571C0BEB05067F2F03EB5D
:10670000050707D9911C7F290DD9D11C7F29E3D812
:1067100012E000BF71787C7801FA08F121437970AA
:10672000911C7F29F1D8B178BC7801FA08F1214396
:10673000B970D11C7F29CFD8F178FA7801FA08F125
:106740001143F970C8E700BF002040F00101C9B251
:106750008F420DDB40F00201C9B28F4222BF40F0F0
:106760000301C9B28F4203D30430C1B28F42ECD2CD
:106770000BB0BDE8F08F0000002B08BF70472DE97B
:10678000F04F83B007460C981C469346894608286C
:1067900060D0062840F0B680C4F1000A651E4FF0B4
:1067A000000842F21076A01E029027E001204CF66D
:1067B000CD410823BBFBF0F0CCF6CC41A0FB01128D
:1067C000D10801EB8101A0EB41000C9940F01000D1
:1067D00008FB017100EB400208B24AF6D871C0F61E
:1067E000000101EB4201062200914946FFF7D0FC6F
:1067F00008F10108013DA04500F0848088EA0A0004
:106800000130D3D00298A0EB0800032802D2012067
:1068100007E000BF25F00301012000BF70430439E9
:10682000FCD16FEA0801214411F00301BFD0012916
:1068300004D100EB80004000B9E700BF4FF47A724A
:10684000022900FB02F24FF0640108BF00FB01F2D5
:106850001046ACE7C4F10008651E002642F2107A2B
:10686000A01E029024E000BF01204CF6CD41102371
:10687000BBFBF0F0CCF6CC41A0FB0112D1084BF2EF
:106880001222C0F6000201EB8101A0EB41000C993D
:1068900006FB017102EB001208B202F580710822BA
:1068A00000914946FFF774FC0136013DA64229D00C
:1068B00086EA08000130D7D00298801B032801D255
:1068C000012007E025F00301012000BF00FB0AF0D2
:1068D0000439FBD1F143214411F00301C5D0012952
:1068E00004D100EB80004000BFE700BF4FF47A7294
:1068F000022900FB02F24FF0640108BF00FB01F225
:106900001046B2E703B0BDE8F04F7047000000004A
:106910002DE9F04F83B09146002A1D468A468346F2
:106920000C980BD4062815D008281FD14BF2122042
:106930000822C0F600001023B03012E0062817D05D
:10694000082821D14BF212200822C0F600001023A3
:10695000D03014E04AF6D8700622C0F600000823B2
:106960004230009058465146FFF712FC8DB9CBE0FB
:106970004AF6D8700622C0F6000008234E30009078
:1069800058465146FFF704FCC9F10009002D00F0FC
:10699000BB800C9808285FD0062840F0B5806E4276
:1069A0006F1E4FF0000842F21074A81E029028E0FB
:1069B00001204CF6CD4108F10108B9FBF0F0CCF60E
:1069C000CC410823A0FB0112D10801EB8101A0EB0F
:1069D00041000C9940F0100008FB01B100EB4002AF
:1069E00008B24AF6D871C0F6000101EB4201062256
:1069F00000915146FFF7CCFBA845A7F1010700F035
:106A0000838088EA06000130D2D00298A0EB08000B
:106A1000032801D2012006E027F00301012000BF76
:106A200060430439FCD16FEA0801294411F00301E5
:106A3000BFD0012904D100EB80004000B9E700BFBE
:106A40004FF47A72022900FB02F24FF0640108BF92
:106A500000FB01F21046ACE76F426E1E002442F2CA
:106A60001078A81E029024E001204CF6CD4101349C
:106A7000B9FBF0F0CCF6CC411023A0FB0112D108F9
:106A80004BF21222C0F6000201EB8101A0EB4100A3
:106A90000C9904FB01B102EB001208B202F58071FF
:106AA000082200915146FFF773FBAC42A6F10106A4
:106AB0002AD084EA07000130D6D00298001B0328B0
:106AC00002D2012008E000BF26F00301012000BF30
:106AD00000FB08F00439FBD1E143294411F0030124
:106AE000C3D0012904D100EB80004000BDE700BF06
:106AF0004FF47A72022900FB02F24FF0640108BFE2
:106B000000FB01F21046B0E703B0BDE8F08F0000D3
:106B10002DE9F04381B014461278002A48D01D4672
:106B2000894607460020082B1AD0062D36D14AF692
:106B3000D8780026C0F6000802EB420100FB057081
:106B40000622082300B208EB4101C03900914946F2
:106B5000FFF71EFB0136F0B2225C002AECD127E0E1
:106B60004BF212280026C0F6000800BF00FB05709B
:106B700008EB0211A1F50071082200B21023009168
:106B80004946FFF705FB0136F0B2225C002AEDD141
:106B90000EE000BF0430C1B2615C49B154FA80F12B
:106BA0004A782AB18A78002A1CBFC9780029F1D115
:106BB00001B0BDE8F083000010B5B02000F074F81B
:106BC000102000F071F8002000F06EF840F2A824C8
:106BD0008021C2F20044204600F0B2F8B12000F05B
:106BE00063F8102000F060F8002000F05DF804F178
:106BF0008000802100F0A4F8B22000F055F81020A9
:106C000000F052F8002000F04FF804F58070802169
:106C100000F096F8B32000F047F8102000F044F898
:106C2000002000F041F804F5C070802100F088F8E1
:106C3000B42000F039F8102000F036F8002000F001
:106C400033F804F50070802100F07AF8B52000F0E8
:106C50002BF8102000F028F8002000F025F804F5AB
:106C60002070802100F06CF8B62000F01DF8102094
:106C700000F01AF8002000F017F804F540708021A9
:106C800000F05EF8B72000F00FF8102000F00CF8CC
:106C9000002000F009F804F560708021BDE8104084
:106CA00000F04EB800000000B0B540F60004054604
:106CB000C5F60204202101222046FAF759FE0120E0
:106CC000FAF766F9102101222046FAF751FE012059
:106CD000FAF75EF9202100222046FAF749FE01204A
:106CE000FAF756F9102100222046FAF741FE01205A
:106CF000FAF74EF97820FFF747F80020FFF744F83D
:106D00002846FFF741F8202100222046FAF730FEFE
:106D10000120FAF73DF9102101222046FAF728FE5A
:106D20000120FAF735F9202101222046FAF720FE4A
:106D30000120BDE8B040FAF72BB9000000000000C8
:106D400070B540F600040D46C5F602040646202143
:106D500001222046FAF70CFE0120FAF719F910215A
:106D600001222046FAF704FE0120FAF711F920214A
:106D700000222046FAF7FCFD0120FAF709F910215C
:106D800000222046FAF7F4FD0120FAF701F97820F5
:106D9000FEF7FAFF4020FEF7F7FF3DB1013E00BFCE
:106DA00016F8010FFEF7F0FF013DF9D12021002276
:106DB0002046FAF7DDFD0120FAF7EAF8102101225A
:106DC0002046FAF7D5FD0120FAF7E2F8202101224A
:106DD0002046FAF7CDFD0120BDE87040FAF7D8B89B
:106DE0002DE9F04F40F674100021C2F20040C4F2C9
:106DF00096314EF2481241F2947381620021CCF236
:106E00009631C16240F6C411C3F63A72C2F2004133
:106E10004DF20A77C3F699430260C3F6A34744F2E2
:106E2000000581E88C0040F6241244F20004C2F20E
:106E300000420026C0E90137C4F29C654563CCF2EC
:106E40009C648463C1E90D5445F6294348F63648ED
:106E500043F671594DF20A7540F2000E00270024E6
:106E600043F6000A43F6000CC4F2A0060662C4F220
:106E70001F030E62C3F682581360C3F68A69C2F814
:106E80000480C3F62345C2E902950023C4F2201E04
:106E9000C2E90433C2E90633C2F820E0C4F27A47FB
:106EA0005362CCF27A44C2E90A74C4F20E6A1363E4
:106EB000CCF20E6C4FF48036C2E90DAC96644FF004
:106EC0007E5BC2E90FB3536445F62946D36440F6AE
:106ED000D402C2F20042C4F21F06C0E9043382E8C1
:106EE0004003D56001269762D462C2E90DACC0E9C7
:106EF0000633436203630364C2F83CB0C1E9043360
:106F0000C1E906334B620B630B64C2E90433C2E987
:106F10000633C2E908E31363A2F84830C2E910332C
:106F2000A2F84A60D36443F233320023C560CD60D7
:106F3000C3F633728F62C4F2F013CC6280F84A60F9
:106F4000C26380F84B60C0F84CE04364A0F848602E
:106F5000CA63C1F84CE04B6481F84A6081F84B6029
:106F6000A1F84860BDE8F08FB0B50446007840282D
:106F700072D153A105222046F9F79EFB60B352A1BE
:106F800005222046F9F798FB002867D050A1072278
:106F90002046F9F791FB002868D04FA10622204631
:106FA000F9F78AFB00286BD04DA10D222046F9F796
:106FB00083FB00286ED04EA107222046F9F77CFB08
:106FC000002849D140F21421E01DC2F2004101F134
:106FD000200201F1240367E040F214254BF68C01F6
:106FE000C2F20045601D05F1280205F12C03C0F630
:106FF0000001F9F793FA02282ED1A01D2821F9F7F4
:1070000051FB48B34BF68C0105F1300205F1340316
:10701000C0F600010446F9F781FA02281CD1601C71
:107020002821F9F73FFBB8B14BF68C0105F1380286
:1070300005F13C03C0F600010446F9F76FFA022897
:107040000AD1601C2821F9F72DFB28B105F1400277
:1070500005F1440328E000BF0020B0BD40F2142237
:10706000601DC2F20042131D1EE000BF40F2142159
:10707000E01DC2F2004101F1080201F10C0313E02E
:1070800040F21421A01DC2F2004101F1100201F1F1
:10709000140309E040F2142104F10D00C2F2004192
:1070A00001F1180201F11C034BF68C01C0F600013E
:1070B000F9F734FA0238B0FA80F04009B0BD00BFE9
:1070C00040524F493A000000405245443A00000007
:1070D00040475245454E3A0040424C55453A000023
:1070E00040524543545F43454E5445523A000000D8
:1070F000404C415345523A007047000000000000E8
:10710000F0B581B044F22C47C5F6020757F8042CBD
:1071100002F00302032A03D1012001B0F0BD00BF39
:10712000054657F82C0C0C4620F0806047F82C0CD4
:10713000FAF726FC064600BF57F82C0C000105D5CF
:10714000FAF71EFC801B0228F6D964E057F8040CFD
:10715000EE6895E80E0020F47C30012C40EA013006
:10716000A2F101016FF35F214FF47E4202EB432253
:1071700047F8040C92B24FF0FE4302EB01004FF4CB
:10718000FE012A6901EB064101F4FE0103EB0262F4
:10719000084402F0FE410844F8603868696920F04C
:1071A000C00040EA010038603868A96920F020007A
:1071B00040EA0100386038684FF6F87120F010009E
:1071C00038603869EA6920EA01004FF4001140EAAA
:1071D000C2003861386808BF4FF4801140F01000D9
:1071E000002C386008BF4FF400213868084338602D
:1071F00057F82C0C40F0806047F82C0CFAF7C0FBD5
:10720000044600BF57F82C0C000107D4FAF7B8FB6E
:10721000001B0328F6D3032001B0F0BD002001B00D
:10722000F0BD000000000000F0B581B044F22C4732
:10723000C5F6020757F8042C02F00302032A03D113
:10724000012001B0F0BD00BF054657F82C0C0C46DC
:1072500020F0805047F82C0CFAF792FB064600BF4E
:1072600057F82C0C800005D5FAF78AFB801B022802
:10727000F6D964E057F8040CEE6895E80E0020F0AB
:107280007C70012C40EA0150A2F101016FF35F21F3
:107290004FF47E4202EB432247F8040C92B24FF0C7
:1072A000FE4302EB01004FF4FE012A6901EB0641A7
:1072B00001F4FE0103EB0262084402F0FE410844BF
:1072C00078613868696920F4406040EA01003860FC
:1072D0003868A96920F4007040EA01003860386815
:1072E0004FF6F87120F480703860B869EA6920EAD6
:1072F00001004FF0807140EAC200B861386808BFF1
:107300004FF4000140F48070002C386008BF4FF447
:10731000800138680843386057F82C0C40F08050E2
:1073200047F82C0CFAF72CFB044600BF57F82C0C3E
:10733000800007D4FAF724FB001B0328F6D30320B0
:1073400001B0F0BD002001B0F0BD00000000000061
:10735000704700000000000010B504460068B8B196
:107360002068A27FA18B0028B2FA82F3A069D8BF5F
:107370005A09FAF7FDFA60694FEAB000042819D8F3
:107380004AF6A871C0F6000151F8200013E000BFD2
:10739000D4E904014FEAB1010429006826D84AF66D
:1073A000A872C0F6000252F8212000218150E17736
:1073B00010BD00BF5C2040F20801C2F20041096824
:1073C00062682369B1FBF2F11B68490819504FF05C
:1073D000FF3120680128B8BF0121206808442060DF
:1073E0002168002918BF0121E17710BD5C2200212E
:1073F0008150E17710BD000010B504464FF0000C3D
:10740000C0F800C0C0F804C00498A06004F11000E7
:107410000EC00298A0830398A07784F81FC0FAF7E3
:10742000AFFA20624FF07E5060627820A0620420A4
:10743000E06210BD00000000FAF7AABA00000000E8
:10744000B0B59CB044F6180409A84C21C5F6020456
:10745000F9F7C2F902200025CDE90755CDE9055518
:10746000CDE90355CDE90155FAF762FB0095206897
:1074700040F440402060206800F4404000900098B4
:107480002068800409D4206880045CBF20685FEA1B
:10749000804002D420688004F2D501200990202287
:1074A0004FF48031CDE915200C20199009A80A91DC
:1074B00002211491CDE91211CDE917110024CDE973
:1074C0001A44FBF71DFC28B1EFF3108072B600BF21
:1074D000FEE700BF3F20019003204FF48061CDE91B
:1074E0000204082004904020CDE90500CDE90710F2
:1074F00001A80221FBF7C0F920B1EFF3108072B6AA
:10750000FEE700BF1CB0B0BD4EF6885042F2000C42
:10751000CEF20000C5F2002C026842F47002026054
:10752000DCF8000000F00F00062806D8DCF80000A8
:10753000072262F30300CCF8000044F200404EF64C
:107540007F51C5F60200CEF6F621026842F0010234
:10755000026000220261036819400160DCF800103B
:10756000090706D5DCF80010072363F30301CCF804
:10757000001040F200218261C261C0F20221026269
:1075800081620021C0F2FF11C16240F28021C0F28D
:107590000111016342638163C26301644264016853
:1075A00021F480210160026644F20000C5F200204F
:1075B00043F2D2010160704740F20870C2F200400D
:1075C000FCF72AB90000000040F25470C2F20040FB
:1075D000FCF722B90000000040F2A070C2F20040A7
:1075E000FCF71AB90000000040F2EC70C2F2004053
:1075F000FCF712B90000000040F6FF32C4F20002AE
:107600009042026810DCB0F1804F1ED040F200437F
:10761000C4F20003984218D040F60003C4F20003FD
:10762000984212D015E000BF40F60043C4F20003B8
:1076300098420AD040F20043C4F20103984204D0B9
:107640000023C4F20103984203D122F070024B6878
:107650001A434EF2FF3343F6FF7CC4F20003C4F238
:10766000010C984214DD60452CDC4EF20043C4F25C
:107670000003984243D00023C4F2010398423ED055
:1076800040F20043C4F20103984238D03BE000BF0F
:1076900040F2FF73C4F20003984227DD40F6000376
:1076A000C4F2000398422AD040F60043C4F200031B
:1076B000984224D04EF20003C4F2000398421ED038
:1076C00021E000BF44F20003C4F20103984216D047
:1076D00044F60003C4F20103984210D044F2004380
:1076E000C4F2010398420AD00DE000BFB0F1804F10
:1076F00005D040F20043C4F20003984203D122F4C3
:107700004072CB681A4310B522F08002D1F800E035
:107710004C698B6822430260C3626045C0F828E070
:10772000BDE8104012DD44F20002C4F201029042B2
:1077300017D044F60002C4F20102904211D044F284
:107740000042C4F2010290420BD00CE00022C4F2CD
:107750000102904205D040F20042C4F20102904280
:1077600001D109690163012141610169C90708BFAC
:107770007047016921F001010161704700000000BC
:1077800040F63800C2F20040FCF77ABD000000006D
:10779000816A0A070CD4CA0715D18A071ED44A0782
:1077A00027D4CA0630D48A0639D44A0642D454E0D3
:1077B0000268D0F838C0536823F4004343EA0C034E
:1077C0005360CA07E9D00268D0F82CC0536823F48C
:1077D000003343EA0C0353608A07E0D50268D0F80F
:1077E00030C0536823F4803343EA0C0353604A07E4
:1077F000D7D50268D0F834C0536823F4802343EA15
:107800000C035360CA06CED50268D0F83CC093681A
:1078100023F4805343EA0C0393608A06C5D50268BB
:10782000D0F840C0936823F4005343EA0C039360FC
:107830004A0612D50268D0F844C0BCF5801F5368D0
:1078400023F4801343EA0C03536006D1536823F4F6
:10785000C00C836C43EA0C035360090658BF7047A1
:107860000168C06C4A6822F40022104348607047E7
:10787000B0B582B004460020C4F89000FAF780F852
:10788000216805460A68120737D54FF40011002217
:107890006FF07E40009020462B4601F06DF958B302
:1078A000206850E8000F216820F0800041E80002C5
:1078B000002A1FBF206850E8000F216820F08000D8
:1078C0001CBF41E80002002A12D0206850E8000FD7
:1078D000216820F0800041E800024AB1206850E8A9
:1078E000000F216820F0800041E80002002AD7D173
:1078F0000320202188226CE02168086840075FD5BA
:107900004FF4800100226FF07E40009020462B460D
:1079100001F032F9002853D0206850E8000F2168A8
:1079200020F4907041E80002F2B1206850E8000FA6
:10793000216820F4907041E80002002A1FBF2068EF
:1079400050E8000F216820F490701CBF41E800024D
:10795000002A09D0206850E8000F216820F49070B8
:1079600041E80002002AD7D1206850E8020F2168C0
:1079700020F0010041E80202002A1FBF206850E801
:10798000020F216820F001001CBF41E80202002A1A
:1079900012D0206850E8020F216820F0010041E871
:1079A00002024AB1206850E8020F216820F001006D
:1079B00041E80202002AD7D1032020218C2208E0CE
:1079C0002020C4F88800C4F88C0000217022002018
:1079D000E166A150002184F8841002B0B0BD00001F
:1079E000806B0021A0F85E10A0F85610FCF744BC94
:1079F000F0B581B040F2FC17C2F200477C78FCB1D0
:107A0000B98840F69622C2F20042064601EB811187
:107A100002EB4101B1F880502A46F8F798FEA6F82B
:107A2000805043F23431B888C3F233310130A0FBC7
:107A3000011202EB8201401AB88078780138787020
:107A4000002C18BF0124204601B0F0BD000000004A
:107A5000B0F860200168D0F88C30222B40F0A8806C
:107A6000496A836D114023F8021B8365B0F85E10EC
:107A70000139A0F85E10B0F85E10002918BF7047F9
:107A8000016851E8001F026821F4907142E8001378
:107A9000F3B1016851E8001F026821F4907142E8D7
:107AA0000013002B1FBF016851E8001F026821F47A
:107AB00090711CBF42E80013002B09D0016851E807
:107AC000001F026821F4907142E80013002BD7D107
:107AD000016851E8021F026821F0010142E8021327
:107AE000F3B1016851E8021F026821F0010142E888
:107AF0000213002B1FBF016851E8021F026821F02A
:107B000001011CBF42E80213002B09D0016851E8B3
:107B1000021F026821F0010142E80213002BD7D1B5
:107B20002021C0F88C1000214167016740F6004217
:107B30000168C5F60002914202D0496809023DD4AD
:107B4000C16E012964D10021C166016851E8001F9E
:107B5000026821F0100142E80013F3B1016851E816
:107B6000001F026821F0100142E80013002B1FBF24
:107B7000016851E8001F026821F010011CBF42E8B3
:107B80000013002B09D0016851E8001F026821F0A2
:107B9000100142E80013002BD7D10168CA69D20650
:107BA00001D510220A62B0F85C10FCF7C5BA00BF1C
:107BB000886940F008008861704700BF016851E89B
:107BC000001F026821F0806142E80013002BB7D04B
:107BD000016851E8001F026821F0806142E800134B
:107BE000002B1FBF016851E8001F026821F080616F
:107BF0001CBF42E80013002BA2D0016851E8001F0F
:107C0000026821F0806142E80013002BD6D197E78B
:107C1000FCF752BF000000002DE9F04F81B0044690
:107C20000368B0F86050DA6918689968D4F88C7005
:107C3000222F65D1B4F86830002B18BF12F0200253
:107C400066D1B4F85E0000285ED0B4F868108842AF
:107C50005AD2206850E8020F216820F0805041E895
:107C60000202F2B1206850E8020F216820F0805033
:107C700041E80202002A1FBF206850E8020F216875
:107C800020F080501CBF41E80202002A09D0206881
:107C900050E8020F216820F0805041E80202002ADB
:107CA000D7D147F65120C0F600006067206850E841
:107CB000000F216840F0200041E8000222B3206854
:107CC00050E8000F216840F0200041E80002002A3F
:107CD0001FBF206850E8000F216840F020001CBF43
:107CE00041E80002002A0FD0206850E8000F216808
:107CF00040F0200041E80002002AD7D104E000BF94
:107D0000986940F00800986101B0BDE8F08F00BFAD
:107D10004FF6FE7640F60049CEF6FF760027C5F610
:107D2000000900F4807B01F0010A07E02046FCF71F
:107D3000C3FE00BF5FEA88607FF583AF2068A16D56
:107D4000426A2A4021F8022BA165B4F85E1001397D
:107D5000A4F85E10D0F81C805FEA487135D05FEA65
:107D6000C87218BFBBF1000F04D15FEA88720CD44F
:107D700016E000BF01220262D4F8902042F0010216
:107D8000C4F890205FEA88720AD5BAF1000F07D0D4
:107D900002220262D4F8902042F00402C4F890203B
:107DA00000290AD5BAF1000F07D004210162D4F8E6
:107DB000900040F00200C4F89000D4F8900020B188
:107DC0002046FCF759FAC4F89070B4F85E00002819
:107DD000B0D1206850E8000F216820F4807041E89D
:107DE0000002FAB1206850E8000F216820F480708A
:107DF00041E80002002A1FBF206850E8000F2168F8
:107E000020F480701CBF41E80002002A0AD02068DC
:107E100050E8000F216820F4807041E80002002A39
:107E2000D7D100BF206850E8020F2168304041E8F8
:107E30000202DAB1206850E8020F2168304041E8C0
:107E40000202002A1FBF206850E8020F216830405C
:107E50001CBF41E80202002A08D0206850E8020F47
:107E60002168304041E80202002ADBD12020C4F81A
:107E70008C00676727672068484502D04068000289
:107E800038D4E06E01287FF451AFE766206850E8EF
:107E9000000F216820F0100041E80002F2B12068D4
:107EA00050E8000F216820F0100041E80002002A8D
:107EB0001FBF206850E8000F216820F010001CBF91
:107EC00041E80002002A09D0206850E8000F21682C
:107ED00020F0100041E80002002AD7D12068C169D3
:107EE000C90601D510210162B4F85C102046FCF7E8
:107EF00023F91FE7206850E8000F216820F0806018
:107F000041E80002002ABCD0206850E8000F216838
:107F100020F0806041E80002002A1FBF206850E87E
:107F2000000F216820F080601CBF41E80002002A99
:107F3000A7D0206850E8000F216820F0806041E859
:107F40000002002AD6D19CE7B0F860100268D0F891
:107F50008C30222B40F0AA80526A836D1140197038
:107F6000816D01318165B0F85E100139A0F85E10B5
:107F7000B0F85E10002918BF7047016851E8001F73
:107F8000026821F4907142E80013FBB1016851E8E6
:107F9000001F026821F4907142E80013002B1FBFFC
:107FA000016851E8001F026821F490711CBF42E88B
:107FB0000013002B0AD0016851E8001F026821F469
:107FC000907142E80013002BD7D100BF016851E83F
:107FD000021F026821F0010142E80213F3B10168B7
:107FE00051E8021F026821F0010142E80213002B50
:107FF0001FBF016851E8021F026821F001011CBF88
:1080000042E80213002B09D0016851E8021F026800
:1080100021F0010142E80213002BD7D12021C0F842
:108020008C1000214167016740F600420168C5F6E7
:108030000002914202D0496809023DD4C16E012973
:1080400064D10021C166016851E8001F026821F077
:10805000100142E80013F3B1016851E8001F026803
:1080600021F0100142E80013002B1FBF016851E806
:10807000001F026821F010011CBF42E80013002B12
:1080800009D0016851E8001F026821F0100142E8A0
:108090000013002BD7D10168CA69D20601D510227E
:1080A0000A62B0F85C10FCF747B800BF906940F076
:1080B00008009061704700BF016851E8001F026826
:1080C00021F0806142E80013002BB7D0016851E82D
:1080D000001F026821F0806142E80013002B1FBFDF
:1080E000016851E8001F026821F080611CBF42E86E
:1080F0000013002BA2D0016851E8001F026821F094
:10810000806142E80013002BD6D197E7FCF7D4BC7E
:108110002DE9F04F81B004460368B0F86050DA6989
:1081200018689968D4F88C70222F65D1B4F868303B
:10813000002B18BF12F0200266D1B4F85E000028B0
:108140005ED0B4F8681088425AD2206850E8020F16
:10815000216820F0805041E80202F2B1206850E826
:10816000020F216820F0805041E80202002A1FBF60
:10817000206850E8020F216820F080501CBF41E8C1
:108180000202002A09D0206850E8020F216820F07E
:10819000805041E80202002AD7D147F64970C0F664
:1081A00000006067206850E8000F216840F0200060
:1081B00041E8000222B3206850E8000F216840F037
:1081C000200041E80002002A1FBF206850E8000F8D
:1081D000216840F020001CBF41E80002002A0FD0B7
:1081E000206850E8000F216840F0200041E80002BC
:1081F000002AD7D104E000BF986940F008009861D8
:1082000001B0BDE8F08F00BF4FF6FE7640F60049A2
:10821000CEF6FF760027C5F6000900F4807B01F05A
:10822000010A07E02046FCF747FC00BF5FEA8860D0
:108230007FF583AF2068A16D406A28400870A06D6B
:108240000130A0652068B4F85E100139A4F85E1012
:10825000D0F81C805FEA487135D05FEAC87218BF59
:10826000BBF1000F04D15FEA88720CD416E000BFA6
:1082700001220262D4F8902042F00102C4F890205A
:108280005FEA88720AD5BAF1000F07D002220262B3
:10829000D4F8902042F00402C4F8902000290AD5B6
:1082A000BAF1000F07D004210162D4F8900040F029
:1082B0000200C4F89000D4F8900020B12046FBF7EB
:1082C000DBFFC4F89070B4F85E000028AED12068DF
:1082D00050E8000F216820F4807041E80002FAB1F4
:1082E000206850E8000F216820F4807041E8000207
:1082F000002A1FBF206850E8000F216820F480701A
:108300001CBF41E80002002A0AD0206850E8000F94
:10831000216820F4807041E80002002AD7D100BF14
:10832000206850E8020F2168304041E80202DAB1CB
:10833000206850E8020F2168304041E80202002A1C
:108340001FBF206850E8020F216830401CBF41E881
:108350000202002A08D0206850E8020F216830404D
:1083600041E80202002ADBD12020C4F88C006767B4
:1083700027672068484502D04068000238D4E06E84
:1083800001287FF44FAFE766206850E8000F2168AE
:1083900020F0100041E80002F2B1206850E8000F20
:1083A000216820F0100041E80002002A1FBF206869
:1083B00050E8000F216820F010001CBF41E80002C7
:1083C000002A09D0206850E8000F216820F0100032
:1083D00041E80002002AD7D12068C169C90601D549
:1083E00010210162B4F85C102046FBF7A5FE1DE7E2
:1083F000206850E8000F216820F0806041E800020A
:10840000002ABCD0206850E8000F216820F080606E
:1084100041E80002002A1FBF206850E8000F2168D1
:1084200020F080601CBF41E80002002AA7D020682D
:1084300050E8000F216820F0806041E80002002A27
:10844000D6D19CE700000000F0B583B00446006878
:1084500046F6F31640F6004E22696569D4E9021328
:108460000A43E7690168CCF6FF762A43314011439D
:10847000C5F6000E394301604168704521F4405152
:1084800044F2544C41EA03014160A2694FF2FF43B8
:108490001CBF216A0A438168C1F2FF131940C5F667
:1084A000020C1143816047F6FF32C16AC4F2000238
:1084B00021F00F01656A90424FF0800341EA050107
:1084C000C16219DD41F2FF71C4F2010188422DDC65
:1084D00047F60041C4F20001884257D041F2000142
:1084E000C4F20101884239D041F20041C4F20101D5
:1084F000884233D056E000BF44F6FF31C4F2000199
:10850000884237DD44F60041C4F2000188423DD084
:1085100045F20001C4F20001884237D047F600015D
:10852000C4F20001884231D03CE000BF41F60001B6
:10853000C4F20101884211D041F60041C4F20101A8
:1085400088420BD070452DD1DCF8041001F00702F1
:10855000062A27D20FF2883122E000BFDCF8001093
:10856000C1F3C202062A1DD24AF6C271C0F600014A
:1085700016E000BF44F20041C4F20001884205D079
:1085800044F60001C4F2000188420BD1DCF800106F
:1085900001F00702062A05D24AF6BC71C0F60001B6
:1085A0008B181B78704540F60010C0F23D0000F0BB
:1085B0005380B7F5004F40F07B80402B4FF0010116
:1085C00000F28581DFE813F042002E018301830170
:1085D0003601830183018301420183018301830109
:1085E00083018301830183010A01830183018301E4
:1085F000830183018301830183018301830183015B
:108600008301830183018301480183018301830185
:10861000830183018301830183018301830183013A
:10862000830183018301830183018301830183012A
:10863000830183018301830183018301830183011A
:108640008301830183018301260100BFFAF768FAE1
:10865000002840F0008136E19A1E01211E2A00F216
:108660007580DFE812F01F00340187003401340107
:1086700034018D00340134013401340134013401FA
:1086800034017900340134013401340134013401FE
:108690003401340134013401340134013401340132
:1086A00034019500F9F76CFA002840F070800AE177
:1086B000402B4FF0010100F20A81DFE813F0410086
:1086C000B70008010801C100080108010801E9001C
:1086D00008010801080108010801080108019D00BE
:1086E0000801080108010801080108010801080142
:1086F0000801080108010801080108010801EF004C
:108700000801080108010801080108010801080121
:108710000801080108010801080108010801080111
:108720000801080108010801080108010801080101
:108730000801080108010801080108010801AF004B
:10874000FAF7EEF9002840F0A880BCE0402B40F09A
:10875000BE804FF400401BE05CF8540C800649F2E8
:108760000000C0F2D03013D55CF8541CC1F3C10135
:10877000C8400DE06846F9F717FA019838B9A2E049
:108780006846F9F7A5FA0198002800F09C80656A10
:108790004BF602016268C0F6000131F81510B0FB1B
:1087A000F1F002EB420188424FF00101C0F08F80EE
:1087B0001303984200F28B80010E0023000210EB9D
:1087C000520041F10001F7F730FE4FF60052A0F5DC
:1087D0004071C0F20F02914273D377E05CF8540C01
:1087E000800649F20000C0F2D03035D55CF8541C48
:1087F000C1F3C101C8402FE05CF8540C800649F277
:108800000000C0F2D03049D55CF8541CC1F3C1015E
:10881000C84043E04FF400401EE000BF4FF400406A
:108820003CE000BFFAF7ACF9A8B94CE0FAF7A8F9B8
:1088300098BB48E06846F9F7B7F9019858B942E0A3
:108840006846F9F7B1F9019838BB3CE06846F9F79A
:108850003FFA0198B8B3656A4BF60201C0F6000111
:1088600031F81510B0FBF1F061684A0802EB4000E6
:108870004FF6EF72B0FBF1F0A0F11001914225D854
:108880004FF6F0710140C0F34200084419E000BF08
:108890006846F9F71DFA0198A8B1656A4BF602011E
:1088A0006268C0F6000131F81510B0FBF1F000EB82
:1088B0005200B0FBF2F0A0F110014FF6EF729142BE
:1088C00004D82168C860002101E000BF01214FF0F9
:1088D0000110A0660020C4E91D00084603B0F0BDE9
:1088E000020408102040000040F6380040F2FC115D
:1088F000C2F20040C2F200410122FCF785B800003C
:1089000081650023A0F85C20A0F85E2081684367A1
:1089100071B1B1F1805F07D0B1F5805F0ED101690F
:1089200051B940F2FF110AE0016919B13F2106E097
:10893000016909B17F2102E0FF2100E00021A0F8D8
:1089400060100021C0F890102221C0F88C1001683E
:1089500051E8021FD0F800C041F001014CE80213B9
:108960000BB3016851E8021FD0F800C041F00101CB
:108970004CE80213002B1FBF016851E8021FD0F81A
:1089800000C041F001011CBF4CE80213002B0AD0CB
:10899000016851E8021FD0F800C041F001014CE825
:1089A0000213002BD3D1416EB1F1005F03D1B0F8B7
:1089B00068108A4240D28168B1F5805F016907D1B1
:1089C000002947D047F64971C0F60001416706E02B
:1089D00047F649720029C0F6000242673FD001689D
:1089E00051E8001F026841F4907142E80013002B27
:1089F00000F0BE80016851E8001F026841F49071E8
:108A000042E80013002B1FBF016851E8001F0268F5
:108A100041F490711CBF42E80013002B00F0A880C5
:108A2000016851E8001F026841F4907142E80013A8
:108A3000002BD4D19CE000BF8168B1F5805F016953
:108A400038D1002966D048F21111C0F60001416703
:108A500036E000BF47F65121C0F6000141670168CA
:108A600051E8001F026841F0200142E80013002B8A
:108A70007ED0016851E8001F026841F0200142E801
:108A80000013002B1FBF016851E8001F026841F06E
:108A900020011CBF42E80013002B69D0016851E897
:108AA000001F026841F0200142E80013002BD6D1DC
:108AB0005EE000BF48F21112C0F60002426779B3CF
:108AC000016851E8001F026841F4807142E8001318
:108AD00033B3016851E8001F026841F4807142E835
:108AE0000013002B1FBF016851E8001F026841F40A
:108AF00080711CBF42E80013002B11D0016851E8BF
:108B0000001F026841F4807142E80013002BD7D1A6
:108B100006E000BF47F61941C0F60001416700BFFB
:108B2000016851E8021F026841F0805142E80213D7
:108B3000F3B1016851E8021F026841F0805142E838
:108B40000213002B1FBF016851E8021F026841F0A9
:108B500080511CBF42E80213002B09D0016851E884
:108B6000021F026841F0805142E80213002BD7D166
:108B700000207047000000002DE9F04180460068A9
:108B80000D46C7693940491BB1FA81F149098A424A
:108B900025D1069C34B31646611C29D1C1692940F0
:108BA000491BB1FA81F149098E4218D1C1692940A6
:108BB000491BB1FA81F149098E4201BFC1692940BF
:108BC000491BB1FA81F104BF49098E4207D1C1693D
:108BD0002940491BB1FA81F149098E42DED00020BB
:108BE000BDE8F081F8F7CCFE0320BDE8F08100BFBE
:108BF0001F4607E0C0692840401BB0FA80F04009DA
:108C00008642ECD1F8F7BCFEC01BA04200F2B68051
:108C1000D8F8000001684907ECD5402D18BF802D19
:108C2000E8D0C169090700F1AD80C1690905E1D546
:108C30004FF400610162D8F8000050E8000FD8F846
:108C4000001020F4907041E8000222B3D8F8000030
:108C500050E8000FD8F8001020F4907041E80002AE
:108C6000002A1FBFD8F8000050E8000FD8F8001005
:108C700020F490701CBF41E80002002A0BD0D8F805
:108C8000000050E8000FD8F8001020F4907041E880
:108C90000002002ACFD14FF6FE70CEF6FF70D8F852
:108CA000001051E8021FD8F80020014042E80213EA
:108CB0000BB3D8F8001051E8021FD8F8002001408B
:108CC00042E80213002B1FBFD8F8001051E8021F22
:108CD000D8F8002001401CBF42E80213002B0AD044
:108CE000D8F8001051E8021FD8F80020014042E8EF
:108CF0000213002BD3D1D8F86C0001282FD1D8F85B
:108D0000000050E8000FD8F8001020F0100041E8F3
:108D1000000222B3D8F8000050E8000FD8F8001085
:108D200020F0100041E80002002A1FBFD8F8000020
:108D300050E8000FD8F8001020F010001CBF41E8E8
:108D40000002002A0BD0D8F8000050E8000FD8F835
:108D5000001020F0100041E80002002ACFD12020AE
:108D6000C8F88C000021C8F86C10C8F87410C8F856
:108D70009000032088F88410BDE8F0810320BDE84E
:108D8000F08100BF08210162D8F8000050E8000F10
:108D9000D8F8001020F4907041E8000222B3D8F80F
:108DA000000050E8000FD8F8001020F4907041E85F
:108DB0000002002A1FBFD8F8000050E8000FD8F8C2
:108DC000001020F490701CBF41E80002002A0BD074
:108DD000D8F8000050E8000FD8F8001020F4907088
:108DE00041E80002002ACFD14FF6FE70CEF6FF70A8
:108DF000D8F8001051E8021FD8F80020014042E8DE
:108E000002130BB3D8F8001051E8021FD8F8002065
:108E1000014042E80213002B1FBFD8F8001051E8B0
:108E2000021FD8F8002001401CBF42E80213002BAB
:108E30000AD0D8F8001051E8021FD8F800200140ED
:108E400042E80213002BD3D1D8F86C0001282FD1AF
:108E5000D8F8000050E8000FD8F8001020F01000FB
:108E600041E8000222B3D8F8000050E8000FD8F81B
:108E7000001020F0100041E80002002A1FBFD8F8BF
:108E8000000050E8000FD8F8001020F010001CBFC0
:108E900041E80002002A0BD0D8F8000050E8000F8B
:108EA000D8F8001020F0100041E80002002ACFD1CD
:108EB0002020C8F88C000020C8F86C00C8F87400A6
:108EC0000821C8F8901088F884000120BDE8F081DE
:108ED000FEE70000000000007047000000000000F6
:108EE000B7EE001A40F28C00C2F2004081EE000A98
:108EF00080ED020A7047000070B52DED028B9FEDEA
:108F00003A8B40F2C01640F238140025C2F20046F7
:108F1000C2F2004400F070F896ED0B0A94ED062AB8
:108F2000B7EEC00A96ED091AB7EEC22A94ED045ABC
:108F300096ED0A3A31EE051A30EE080B0A2094ED50
:108F4000055A96ED0C4A84ED041A33EE051A30EEFC
:108F5000020B94ED072A84ED051A96ED0D1AB7EE73
:108F6000C00B84ED060A34EE020A94ED082A84ED63
:108F7000070A31EE020A96ED0E1A94ED092A84EDE5
:108F8000080A31EE020A84ED090AF7F7E5FF632DBE
:108F900005F10105BED394ED040A9FED153A94ED59
:108FA000051A80EE030A94ED062A84ED040A81EE88
:108FB000030A94ED074A84ED050A82EE030A84ED64
:108FC000060A84EE030A84ED070A94ED080A80EE8F
:108FD000030A94ED091A84ED080A81EE030A84ED70
:108FE000090ABDEC028B70BD14AE47E17A9423C030
:108FF0000000C84200000000B0B52DED028B82B029
:1090000040F2C015C2F2004505F10A0005F108045E
:10901000A91C2A1DAB1DCDE900402846FBF7CCFD5D
:10902000B5F900009FED623AB3EE006AB5F90A1097
:1090300000EE100AB5F902009FED515B02EE100A36
:10904000B5F90400B8EEC00A9FED4F4BB8EEC22A46
:1090500002EE900A20EE030AB5F9060022EE032A7A
:1090600003EE900A20EE060AB5F90800F8EEE22AAF
:1090700022EE062AB7EEC00A62EE832AB7EEC28A53
:1090800020EE050BF8EEE33A62EE862A20EE041B92
:1090900063EE833A9FED3E0B21EE007B9FED3E1B7E
:1090A00027EE017BB7EEC72B85ED092A28EE057B5D
:1090B00008EE101A27EE047BB8EEC88A27EE007B74
:1090C00027EE016BB7EEE27ADFED3A2A63EEA23AC1
:1090D000B7EEC66B85ED0A6A27EE055BB7EEE37A5D
:1090E00003EE900A25EE044BF8EEE33A24EE004B33
:1090F00063EE833A28EE033AB0EE0C8B63EEA23AAD
:1091000023EE223A27EE087BB7EEE35AB7EEC33AD6
:1091100024EE014B25EE085B23EE083B9FED208BF0
:1091200027EE087B25EE085B23EE083B9FED1E8BA8
:1091300027EE087B25EE085B23EE083B27EE007B3D
:1091400025EE005B23EE000B27EE017B25EE012BC5
:1091500020EE010BB7EEC44B85ED0B4AB7EEC77B93
:1091600085ED0C7AB7EEC21B85ED0D1AB7EEC00B7C
:1091700085ED0E0A02B0BDEC028BB0BD00BF00BF92
:109180009A99999999992340333333333333F33F81
:109190000B7C71F5838E124015AD86DF748BE23F38
:1091A00030E80BFA82BEE03F499224499224F13F15
:1091B000000000380000FA4410B52DED0A8B40F293
:1091C0005C24C2F20044207840B194ED060A9FED81
:1091D000251A20EE010ABDEC0A8B10BDB6EE008AFE
:1091E00094ED029A94ED03AA40F28C0094ED01BA3A
:1091F00029EE0A0AF0EE480AC2F2004090ED01CAD8
:10920000EBEE4B0AACEE0B0AE9EE490A01F038F935
:1092100029EE4C1AB8EE002A84ED040AABEE0A1AC5
:1092200021EE021AB0EE410A01F094F82CEE0A1A6F
:1092300084ED050AA9EE498AABEE091AAAEE4A8A1C
:10924000B0EE410AF0EE480A01F01AF984ED060A80
:10925000012020709FED031A20EE010ABDEC0A8B5D
:1092600010BD00BFE12E654240F2980040F220118F
:10927000C2F20040C2F20041C1664165C163416271
:10928000C16040F21001C2F2004101F164020867BE
:109290008A650A6488620861704700000000000067
:1092A00086B0F8F785FBFEF7CBF8FBF769FEFBF716
:1092B000D7FFFBF799FFFCF7AFF8FCF70DF8FBF7CA
:1092C000F3FEF7F72DFEFCF73FFEFDF789FDFFF7F4
:1092D000CBFFFBF7D9FD40F238179FEDC91AC2F258
:1092E0000047388800EE100AB8EE400A81EE000A06
:1092F000FFF7F6FDFFF700FE4FF4FA70F7F72CFECC
:10930000FFF7F2FAFCF720FEFCF77AFB6420F7F790
:1093100023FE40F2EC780421C2F200484046FAF7FE
:10932000EBFD40F208750021C2F200454FF0000B42
:109330002846FAF7E1FD40F600044AF6606140F283
:10934000A860C5F60204C0F20A01C2F20040002281
:109350000291294623464026CDE9006BFEF74CF8E2
:1093600044F240210120019040F2D860A4F58063CE
:10937000C0F20F01C2F20040042202914146009661
:10938000FEF73AF840F2A070C2F20040FAF7D0F8C7
:1093900040F25470C2F20040FAF7CAF84046FAF7B9
:1093A000C7F82846FAF7C4F8022100222046F8F749
:1093B000DFFAB0EE0CCB40F2C014B3EE00EA40F698
:1093C000A0569FED859BC2F2004440F614259FED08
:1093D00084ABC2F20046C2F200459FED83BB04F1AC
:1093E000020804F104099FED82DB04F1060ADFEDB7
:1093F00085EA9FED81FB9FED848A04F10A000590C8
:1094000004F10800049003E000F08EFCFDF7D4FBAB
:10941000FCF7F6FA30683B88D7E90212401A6BEB8A
:109420000201C01A71F10000C0F0BF8030684A46E6
:10943000C7E9020BDDE90410CDE9001020464146E2
:109440005346FBF7B9FBB4F900009FED614B00EE0A
:10945000100AB4F9020001EE100AB4F90400B8EEE3
:10946000C00A02EE100AB4F90600B8EEC11A20EEE6
:109470002E0A03EE100AB8EEC22AB4F9080021EE53
:109480002E1A20EE0E0A22EE2E2A21EE0E1AB7EE2A
:10949000C00A22EE0E2AB7EEC11A20EE040BB7EE78
:1094A000C22A21EE041BB8EEC33A22EE042B23EEAF
:1094B0002E3A22EE092B23EE083A22EE0A2BB7EEC3
:1094C000C33A22EE0B2B23EE0C3BB7EEC24B02EE5F
:1094D000100AB4F90A0020EE090B05EE100AB8EEE6
:1094E000C22A23EE0D3BB8EEC55A22EE2E2A21EEFB
:1094F000091B25EE2E5A22EE082A20EE0A0B25EE35
:10950000085AB7EEC22A23EE0F3BB7EEC55A22EE39
:109510000C2B25EE0C5B22EE0D2B25EE0D5B22EEC7
:109520000F2B25EE0F5B21EE0A1B22EE0A2B20EEFD
:109530000B0B23EE0A3B25EE0A5B21EE0B1B22EE02
:109540000B2BB7EEC00B23EE0B3B25EE0B5BB7EE00
:10955000C11BB7EEC26B97ED042AB7EEC33B70EEAA
:10956000421A97ED050AB7EEC55B31EE402A97ED3A
:10957000060A97ED081A74EE402A97ED070A76EE70
:10958000410A97ED091A33EE400A35EE411AC4ED4F
:10959000091A84ED0A2AC4ED0B2A84ED0C0AC4EDE5
:1095A0000D0A84ED0E1A00F083FDE068A0612069C9
:1095B000E061606920622846FEF71AFA00283FF44D
:1095C00023AF2846FDF7D0FC1EE700BF00BF00BF59
:1095D0009A99999999992340333333333333F33F2D
:1095E0000B7C71F5838E124015AD86DF748BE23FE4
:1095F00030E80BFA82BEE03F499224499224F13FC1
:1096000000007A44000000380000FA440000000026
:109610002DE9F04182B040F6A05740F27825C2F221
:109620000047C2F2004540F22C2840F6CC063968CB
:109630002A79C2F20048C2F20046012AE9604FF0DE
:1096400001032B7029D1AA68891AB1F5C86F0DDB07
:1096500040F600030221C5F6020301220446184623
:10966000F8F786F929792046012916D1D8F8001093
:1096700040F2E73399420DD0D8F804209A4209D03D
:1096800040F23423C2F20043D3E90034121B3260AB
:10969000C91A01E0002131607160032804D078B953
:1096A000012028713F680AE040F600000221C5F65B
:1096B0000200002200272F80F8F75AF92F71AF60BF
:1096C0003068414240F2A860C2F20040F7F77CFBEC
:1096D0007068414240F2D860C2F20040F7F774FB74
:1096E00019A20020002108230826FDF711FAEA68D4
:1096F0001E20002108230096FDF73EF813A200204B
:1097000000210823FDF704FAAA681E20002108237F
:109710000096FDF731F80FA2002020210823FDF765
:10972000F7F9D8F800200020302103230096FDF738
:10973000EFF8D8F804202520302103230096FDF708
:10974000E7F802B0BDE8F081743A0000635F743A54
:1097500000000000726563743A0000000000000021
:109760002DE9F04F81B040F6A05A40F22C2B40F288
:109770007825C2F2004AC2F2004BC2F2004504460C
:10978000DAF80020DBF8000040F2E7336A6140F6C7
:10979000CC079842C2F200471CBFDBF80410994284
:1097A00040F0AC800020C7E90000052C00F0D1801B
:1097B000032C00F0E580002C40F0FD800120A87112
:1097C000DAF80010DBF8002040F2E730296182422D
:1097D00004BFDBF80410814240F0CA806879002899
:1097E00040F0C68040F614264BF61A09C2F2004635
:1097F0000027C0F600094FF0080840F2E73440F2B5
:10980000D8606FF0C701C2F20040F7F7DDFA3046CA
:10981000FEF7EEF810B13046FDF7A6FB284610F82B
:109820001D1F09B1002110E0284610F8231F09B1BF
:1098300001210AE0284610F8291F09B1022104E09D
:10984000284610F82F1FC9B3032119F8011005315C
:109850000770C8B2032800F08B80DAF8000029698D
:10986000411A40F6AC529142686107D340F60000BD
:1098700002210122C5F60200F8F77AF8DBF8002091
:10988000002010210423CDF80080FCF775FFDBF8E1
:109890000420302010210423CDF80080FCF76CFF59
:1098A000FDF78AF9DBF80000A04204BFDBF80400F2
:1098B000A0425DD168790028A1D059E0284610F86F
:1098C0001C1F09B1002111E0284610F8221F09B120
:1098D00001210BE0284610F8281F09B1022105E0FC
:1098E000284610F82E1F0029B7D0032119F80110BF
:1098F0000770C8B20328B0D13AE000BFAB79002BA3
:109900003FF450AF2B69D21A40F6B8339A420CD3C9
:1099100040F600000221C5F602000122F8F728F8FF
:10992000D5E90423DBE900019A1A40F23423C2F29C
:109930000043D3E90036891BC01AC7E90010002094
:109940002021082308260096FCF716FF052C7FF43B
:109950002FAF0120A871DAF80010DBF8002040F2E8
:10996000E7302961824204BFDBF8041081424DD008
:1099700040F6CC0701206871C2F200471BE000BF2F
:1099800000206870A5F805000021686140F2A86019
:10999000C2F20040F7F718FA40F2D8600021C2F294
:1099A0000040F7F711FA40F600000221C5F6020068
:1099B0000022F7F7DDFF3868414240F2A860C2F2AA
:1099C0000040F7F701FA7868414240F2D860C2F2ED
:1099D0000040F7F7F9F955A20020002108230824D8
:1099E000FDF796F8DBF800200020102104230094F6
:1099F000FCF7C2FEDBF80420302010210423009481
:109A0000FCF7BAFE01B0BDE8F08F00BF687900280E
:109A1000AED140F614264BF61A09C2F200460027D2
:109A2000C0F600094FF0080840F2E73440F2D86071
:109A3000C821C2F20040F7F7C7F93046FDF7D8FF5A
:109A400010B13046FDF790FA284610F81D1F09B1F5
:109A5000002110E0284610F8231F09B101210AE077
:109A6000284610F8291F09B1022104E0284610F801
:109A70002F1FD9B3032119F8011005310770C8B29F
:109A800003283FF475AFDAF800002969411A40F65F
:109A9000AC529142686107D340F6000002210122D6
:109AA000C5F60200F7F764FFDBF800200020102164
:109AB0000423CDF80080FCF75FFEDBF804203020A3
:109AC00010210423CDF80080FCF756FEFDF774F852
:109AD000DBF80000A04204BFDBF80400A0427FF4E2
:109AE00047AF68790028A1D042E700BF284610F8A8
:109AF0001C1F09B1002111E0284610F8221F09B1EE
:109B000001210BE0284610F8281F09B1022105E0C9
:109B1000284610F82E1F0029B5D0032119F801108E
:109B20000770C8B20328AED122E700BF66696E6431
:109B3000696E67000000000070B582B040F27824C2
:109B4000C2F2004420B103280BD10022627000E071
:109B5000012240F600000221C5F60200E271F7F78B
:109B600007FFE07940F21025C2F2004501280BD131
:109B700040F22C2140F2E732C2F2004108689042E4
:109B80001CBF496891420BD1B6EE000A95ED001A50
:109B9000002021EE000ABDEEC00A10EE101A12E0FD
:109BA000B6EE000A95ED001A40F23422C2F20042ED
:109BB00021EE000AD2E90023821AC81ABDEEC00ABB
:109BC00010EE101A114440F6CC06C2F20046C6E967
:109BD0000001414240F2A860C2F20040F7F7F4F8F9
:109BE0007068414240F2D860C2F20040F7F7ECF8EA
:109BF000E07915A116A2082300284FF0000018BF35
:109C00000A4600210824FCF783FF13A2002010213C
:109C10000823FCF77DFF95ED000A0020B7EEC00A8F
:109C20001021032202230094FCF7F6F996ED000AB6
:109C30000420B8EEC00B2021042201230094FCF77D
:109C4000EBF902B070BD00BF537461727400000084
:109C500053746F7000000000583A000000000000CC
:109C6000032805D140F278200021C2F20040417063
:109C700010B582B023A20020002108230824FCF79D
:109C800047FF23A2002010210823FCF741FF40F2E8
:109C9000E0101021C2F2004003220223009490ED54
:109CA000000A5020B7EEC00AFCF7B6F91AA200204D
:109CB00020210823FCF72CFF40F2DC102021C2F207
:109CC000004003220223009490ED000A5020B7EEDA
:109CD000C00AFCF7A1F912A2002030210823FCF7EA
:109CE00017FF40F2D8103021C2F2004003220223B5
:109CF000009490ED000A5020B7EEC00AFCF78CF9F2
:109D000002B010BD494D5520416E676C65000000E2
:109D1000526F6C6C3A00000050697463683A00003E
:109D20005961773A00000000B0B540F2782140F266
:109D30001004C2F2004100200A46C2F2004412F8A8
:109D40001D3F002B4FF0000312D10A4612F8233FAB
:109D500013B101230CE000BF0A4612F8293F0BB1F2
:109D6000022305E00A4612F82F3F002B36D00323CA
:109D70004BF61A051070C0F60005EB5C0533487809
:109D8000256800284ED02846406809280AD8DFE810
:109D900000F0191F130505090909090DD8B2032898
:109DA00018BFB0BD00204870B0BD00BFD8B2BDE83C
:109DB000B040FFF755BF00BFD8B2BDE8B040FFF7D5
:109DC000BBBE00BFD8B2BDE8B040FFF721BC00BFAA
:109DD000D8B2BDE8B040FFF7C3BC00BF08460023BF
:109DE00010F81C2F002A4FF0000211D1084610F87D
:109DF000223F0BB101230BE0084610F8283F0BB1BE
:109E0000022305E0084610F82E3F002B4AD003231A
:109E10004BF61A050270C0F60005EB5C4878256821
:109E20000028B0D105B3D8B2032829D8DFE800F064
:109E30000230222EE86818B30169A94220D0F9B196
:109E40004A690846AA4210D0D2B151691046A942C7
:109E50000BD0A9B14A690846AA4206D082B151691D
:109E60001046A942EBD100E000202060BDE8B040E0
:109E7000FBF7D2BD28690028F7D1A86800B1804758
:109E800028462060BDE8B040FBF7C6BDE86800E0AA
:109E90006869002808BF28462060BDE8B040FBF78D
:109EA000BBBD00BF487800282068DED0042340688E
:109EB00009287FF66CAF75E740F27820C2F20040C7
:109EC0004178002918BF7047012141707047000098
:109ED000B0B540F210150421C2F200452868F7F72A
:109EE0003FFD40F27824C2F20044217E032914D8B9
:109EF000DFE801F00210060C88B90120B0E000BFD5
:109F0000002800F07F800120207706E038B1012092
:109F1000607702E0002800F09B80002020766868CF
:109F20000821F7F71DFDA17F032918D8DFE801F00C
:109F30000214060EA8B901209EE000BF002800F020
:109F40006B80012084F8220009E000BF48B10120A5
:109F500084F8230003E000BF002800F08580002083
:109F6000A077A8681021F7F7FBFC94F824100329C8
:109F700017D8DFE801F00313070D00BFA0B90120D7
:109F800086E000BF002851D0012084F8280008E0B6
:109F900050B1012084F8290003E000BF002800F040
:109FA0006F80002084F82400E8682021F7F7D8FCAF
:109FB00094F82A10032921D8DFE801F0021E0C14BE
:109FC000002818BFB0BD012084F82A000020A08519
:109FD000B0BD00BF90B3012084F82E00002084F8AB
:109FE0002A00B0BD0028F3D0012084F82F00002003
:109FF00084F82A00B0BD00BF00284FD0002084F8AC
:10A000002A00B0BD608B0130608381B26429FFF407
:10A0100086AF032082E700BF208C0130208481B20C
:10A020006429FFF49EAF03209AE700BFE08C013063
:10A03000E08481B26429B7D30320B3E7A08D013057
:10A04000A08581B26429C3D3032084F82A00B0BD5F
:10A05000608B0130608381B281427FF460AF022067
:10A060002076002060835AE7208C0130208481B262
:10A0700081427FF476AF0220A0770020208470E731
:10A08000E08C0130E08481B281427FF48DAF022008
:10A0900084F824000020E08486E700BFA08D013012
:10A0A000A08581B2814293D102208DE7000000009B
:10A0B0009FED9D3A40F25C2020EE835AC2F20040B0
:10A0C00061EE030A40F28C0120EE036A90ED020A71
:10A0D00090ED013A20EE057A60EE803AC2F200413E
:10A0E00060EEC34A90ED031A65EE035A91ED014A02
:10A0F000A3EE067A45F6DF12E4EE063AF5EE401AD4
:10A10000E4EE054AC5F63772E4EE205AA1EE207A55
:10A11000E1EE453AB6EE005AE1EE064AE0EE465A66
:10A12000F1EE10FA67EE450A63EE853A24EE857A81
:10A1300025EE856A04BFB5EE402AF1EE10FA00F074
:10A14000AF802DED108B62EE024A21EE019A24EED3
:10A1500004BAE1EEA14A34EE04CA60EE008AE2EEEF
:10A16000A24A63EE03AA14EE903A64EE855AF7EE23
:10A17000084AA2EB5303B0EE648A06EE903A66EE0C
:10A18000E57AA7EEA68AF0EE647A68EE266A31EEEA
:10A19000018A66EEE55AE5EEA67AF1EE005A2BEE5C
:10A1A00025BA20EE25EA66EEA77A63EE256A24EE4C
:10A1B00025DA61EEA71A22EE272A62EEA72A21EEFF
:10A1C000C8AAA6EE89AAABEE03AAACEE42AA21EE7B
:10A1D0008CCAABEE00CAB2EE00BA7AEE667A30EE06
:10A1E00000AAAEEE09CA23EE0BFA61EE8A9AA8EE37
:10A1F00042CAEFEE2A7AEDEE289A20EE0B9AEFEEA5
:10A20000287A3CEE4EBAEDEE2A9A33EE038AA9EE96
:10A210002ABAE6EEA27AF0EE646AE8EE429A61EEBD
:10A22000C81A2AEEA58AA9EE28BA68EEA55AE8EE61
:10A23000011AAEEE22BA67EEA72AE5EE811AE9EE20
:10A24000A92AEAEE421AEBEE0B2AE1EEA12A12EE5F
:10A25000903A22EE852AA2EB530302EE903A62EE88
:10A26000C25AE5EEA26A66EEA22A22EEC22AE2EE07
:10A27000224A22EEA42A69EE822A67EE824A6BEE17
:10A28000025A21EE822AD1ED001AE1EEE20AE1EE55
:10A29000E43AA1EEE57AA1EEC26ABDEC108B05E0CE
:10A2A000F5EE402AF1EE10FA7FF44BAF91ED022A61
:10A2B000A3EE823AA0EE824AA7EE020AB7EE087A2F
:10A2C000A6EE021A63EE030AE4EE040AE0EE000AC8
:10A2D000E1EE010A10EE903A20EE852AF0EE470AF0
:10A2E000A2EB530205EE102A25EE426AE6EE050ABD
:10A2F00020EE855A25EE422AA2EE057A25EE072A9F
:10A3000024EE024A23EE023A81ED014A20EE020ACF
:10A3100080ED013A21EE021A80ED020A80ED031A67
:10A3200000210170704700BF39FA8E3C41000802DD
:10A3300018BF04200A0E18BF40F001004FF07F4202
:10A3400032EA010108BF40F00200012808BF0520E1
:10A350007047000010B54FF00E402DED028BB0EEAF
:10A36000408A18EE104A00EB4400B0F1506F4AD812
:10A370004FF0FC40B0EB440F22D2B0EEC80AF7EE2B
:10A38000000A30EEC00AF6EE000A60EE208A18EEEF
:10A39000900A00F025FD01EE100A14F0004F1DBFD9
:10A3A000DFED2D0A9FED2D0AB1EE411ADFED2C0AEB
:10A3B00008BF9FED2C0AF8EE001A21EE218A05E075
:10A3C000DFED290A68EE088AB0EE600A9FED271AD1
:10A3D000DFED271A30EE080A48EE811A9FED251AA4
:10A3E00008EEA11ADFED241A48EE811A9FED231A18
:10A3F00008EEA11A68EE281ABDEC028B01EE810A64
:10A4000030EE200A10BD4FF0E440B0EB440F0CD901
:10A4100018EE100AFFF78AFF042808BF00F0D8FCE6
:10A42000B0EE480ABDEC028B10BD4FF07F40B0EBA0
:10A43000440F07D2B0EE480ABDEC028BBDE81040D5
:10A4400000F0B0BC0120F6F736FABDEC028BBDE897
:10A45000104000F0ADBC00000000C9BF22AAFDB949
:10A460000000C93F22AAFD390000000024FE1C3D67
:10A47000C78AD83C1E67383D1B93993DAFAA2A3E38
:10A4800070B54FF068422DED048BF0EE408A18EE67
:10A49000900AB0EE608A18EE101A02EB4003B3F196
:10A4A000654F3CBF02EB4102B2F1654F7DD200BF68
:10A4B000C0F3C753C1F3C7529A1A1B2A09DD10F023
:10A4C000004F14BF9FED830A9FED830ABDEC048B00
:10A4D00070BD12F11A0F36DA11F0004F09D010F0EA
:10A4E000004F0CBF9FED7D0A9FED7D0ABDEC048BF4
:10A4F00070BD88EE889A19EE100AFFF717FF04283E
:10A5000008BF00F065FC18EE900AFFF70FFF054644
:10A5100018EE100AFFF70AFF044619EE100AFFF7BB
:10A5200005FF042D18BF052D08D1042C18BF052CDC
:10A5300004D1002804BF0220F6F7BDF9B0EE490AA5
:10A54000BDEC048B70BD4200B2EB410F3AD910F064
:10A55000004F19BFDFED630A9FED630ADFED630A69
:10A560009FED630AB0EE481A0A46B1EE688A80F0A1
:10A570000041F0EE418A10460A1A5200B2F1807F83
:10A5800034D2484010F0004FDFED5A1A9FED5A2A9E
:10A590001DBFBEEE001A70EEE10A30EE420AB6EEC2
:10A5A000001A08BF70EEA10A00E040E008BF30EEDC
:10A5B000020AB0EE682A01EE482A08EE818AC2EE4D
:10A5C000081A15E011F0004F04BF9FED4C0AF0EEA1
:10A5D000400AD1D010F0004F19BFDFED490A9FEDBE
:10A5E000490ADFED490A9FED490AC5E7C8EE881A16
:10A5F00021EEA11A9FED462ADFED462A41EE022AFE
:10A600009FED452A01EE222ADFED442A41EE022A7F
:10A610009FED432ABDEC048B01EE222A21EE811A24
:10A6200001EE020A30EE210A30EE200A70BD4FF032
:10A630007F42B2EB400F28BFB2EB410F09D2F0EEE0
:10A64000480AB0EE680ABDEC048BBDE8704000F02B
:10A65000ACBB40EA01035B0008BF41F0FF410BD0F7
:10A66000B2EB400F08BFB2EB410F08D120F08040A1
:10A6700008EE900A21F0804108EE101A18E7B2EBBC
:10A68000400F12BF5FEA410340F0FF4001F000417C
:10A690003FF40EAFB2EB410F12BF5FEA400200F091
:10A6A000004041F0FF413FF403AF4A0092EA40030B
:10A6B0003FF5FEAE002AACBF9FED1A0A9FED1A0AC5
:10A6C00068EE808A28EE008A18EE900A18EE101ABA
:10A6D000EEE60000DB0FC9BFDB0FC93FDB0F4940CF
:10A6E000DB0F49C00000C9BF22AAFDB90000C93F65
:10A6F00022AAFD390060ED3EC30ACE3700000000FB
:10A70000000049C022AA7DBA0000494022AA7D3A31
:10A710002DAD65BD8FB8D53D0FB511BE61C84C3E9E
:10A72000A8AAAABE0000804F0000802F10B510EE2E
:10A73000100A2DED068BB7EE001A10EE901AB0EE4F
:10A74000418A0022A0F5000CDFEDFE9A4FF0007365
:10A75000BCF1FE4F4FF07F4403EB410C80F0B4811D
:10A76000BCF1804FC0F02082F74901449FEDF73AD9
:10A77000B1F5005F40F2D48200F58021CB0C03F0EC
:10A780000F0101EE901AC3F307137F3BA0EBC350F8
:10A79000B8EEE12A00EE100A1A44DFEDED2AF0EEE1
:10A7A000411A42EE221AF0EE613A70EE232A30EEA0
:10A7B000632A12EE900A00F500606FF30B0001EEC1
:10A7C000900A73EEE13A33EE804AC1EE223A22EE6D
:10A7D000230A10EE100A00F500606FF30B0000EE84
:10A7E000100A00EE612A00EE442A62EE232A70EE7F
:10A7F000221A21EEA12ADFEDD73A02EE233A23EE08
:10A80000023A20EE012A22EE811A03EE211A32EEDC
:10A81000010A10EE100A00F500606FF30B0000EE65
:10A82000100A72EE401A31EE812A9FEDCB1A60EECB
:10A83000011A9FEDCA1A20EE011A9FEDC90A02EE15
:10A84000001A31EE810A10EE100A00F500606FF375
:10A850000B0000EE100AC34871EEC01A31EE812AD7
:10A86000784400EBC10090ED003AD0ED011A1001E0
:10A8700001EE100AF8EEC12A32EE211A31EE001A6A
:10A8800031EE031A31EE221A11EE100A00F50060C3
:10A890006FF30B0009EE100A39EE621A31EE431A1B
:10A8A00031EE400A30EE610A32EE40AA10EE900A14
:10A8B000002100F500606FF30B0008EE900A0846D7
:10A8C00070EEE8AA4FF0000029EE280A00F00C0113
:10A8D000F0EEC00A10EE900AB0F18B4F0DDD10EED5
:10A8E000900AB4EB400F08D310EE100A4FF08B42E1
:10A8F00062F31E0008EE900A13E069EE2A0A38EEB1
:10A90000AA1A4AEE010A30EE201A11EE100A00F5DA
:10A9100000606FF30B0008EE900A30EE680A70EEEC
:10A92000209A0C204FF0000038EEA90AB5EEC00ABC
:10A93000F1EE10FA34BFFEEE000AF6EE000A30EE39
:10A94000800ABDEEC00A10EE100A011100EE101AC6
:10A95000F8EEC00A00EE100AB8EEC00A38EEC00ADF
:10A9600030EE290ADFED801A9FED801A00EE211AE1
:10A97000DFED7F1A7F4900F00F0040EE011A21EE53
:10A98000800A794401EB800191ED001A7A497944FB
:10A9900001EB8001D1ED001A784901EE801A79446B
:10A9A00001EB8000764990ED000A31EE001AB0EE1E
:10A9B000E00A10EE100A884215DA10EE100AB4EB25
:10A9C000400F10D39FED6F0A30EE800ADFED6E0A64
:10A9D00020EE200A68EE010ABDEC068BBCEEC00A30
:10A9E00020EE200A10BD10EE100A6849884243DAB2
:10A9F00010EE100AB4EB400F3ED3BDEEE00A68EE55
:10AA0000010A10EE100A00EBD0725110C90501F1D5
:10AA10007E5100EE101AA0EB6200C00560EE200A25
:10AA200000F17E5000EE100A60EE808A18EE900A67
:10AA3000B4EB400F0FD10220F5F73DFF00F0C0F955
:10AA400010EE101A18EE100ABDEC068B61F31E0012
:10AA500000EE100A10BD18EE900A400011D018EE5A
:10AA6000900AFFF763FC042808BF00F0B1F9B0EECC
:10AA7000680ABDEC068B10BDF5EEC00AF1EE10FAC7
:10AA80000FD20220F5F717FF00F0A2F910EE101A0E
:10AA900018EE100ABDEC068B61F31E0000EE100AE2
:10AAA00010BD0220F5F707FF00F08AF910EE101A2A
:10AAB000B0EE480A10EE100ABDEC068B61F31E00E2
:10AAC00000EE100A10BD00BFBCF1804F6CD300BF78
:10AAD00000F1FF43B3F1FE4F24D200BFB0EEC00A35
:10AAE00010EE100AC1F3C7537F2B0DDB972BBFF677
:10AAF0003BAEC3F196034FF0010C0CFA03F3A3F144
:10AB0000010C1CEA010F08D00120F5F7D4FEBDECC2
:10AB1000068BBDE8104000F04BB90B4218BFBFEEEA
:10AB2000008A21E643001CBF4FF08073B3EB400F57
:10AB300034D96FF01A02DFED161A20EE210A10EE5A
:10AB4000100A27E000000000001080C0ABAAAA3E57
:10AB50000000803D7EE24C3E00B03842D49AB8BB43
:10AB60003BAA384204060000FC596337C9FF753A16
:10AB70001872313DA2050000D60500004605000010
:10AB80000000FC420000FE420000004B0000404379
:10AB90000000004D10F0004FA0D1E5E5A0F5000346
:10ABA000B3F1FE4F21D2DFE503EB4103B3F1007FA8
:10ABB00011D3F5EEC00AF1EE10FA05D1430018BF2B
:10ABC000B4EB400F76D883E701F0004141F0FC512F
:10ABD00000EE901A7CE7B3F1807F06D210EE903A37
:10ABE000A3F5000300EE903A72E720F000426FF008
:10ABF000FF4C604C02EB0C03A34210D321F0004346
:10AC00009C44A4450BD3B0F17E5F18BF5FEA410CB2
:10AC100050D0B2F1FF4F98BFB3F1FF4F05D9BDEC53
:10AC2000068BBDE8104000F0C0B8B0F1FF4F0FD068
:10AC3000C1F3C7527F2A09DB972A11DAC2F19602C3
:10AC4000012303FA02F2531E0B4205D0002208E052
:10AC500011F0004F55D128E00A4218BF012200D15F
:10AC6000022210F5000F13D028B3B0F1004F26D008
:10AC700010F1814F4FD04FF0FE42B2EB400F94BF26
:10AC800001200020012202EBE171884239D10CE061
:10AC900011F0004F02D0012A38D032E0012A02BF61
:10ACA0009FED350ABDEC068B10BD9FED340ABDEC5F
:10ACB000068B10BD2FE011F0004F0CD121E0B1F157
:10ACC000FF4F1ED011F5000F05D011F0004F15D029
:10ACD0000AB1012A08D00220F5F7EDFDBDEC068B84
:10ACE000BDE8104000F054B80220F5F7E4FD00F094
:10ACF0004FF8BDEC068BB1EE400A10BD0AB1012A37
:10AD000004D0B0EE690ABDEC068B10BDBDEC068B1D
:10AD10009FED1B0A10BDBDEC068BB7EE000A10BDFF
:10AD200030EE410AB5EE001A9FED172A00EE413AC7
:10AD3000B6EE001A60EE001A00EE431A61EEC11A78
:10AD40009FED101A20EE011A20EE020A9FED0F2A45
:10AD500001EE820A71EE001A11EE900A00F5006011
:10AD60006FF30B0009EE100A31EE491A31EE00AA1A
:10AD70009CE50000FFFF3F00000080FF0000807F97
:10AD80000000008000B0B841D49A38BB3BAAB8415B
:10AD9000DFED030AB7EE001A81EE200A70470000CB
:10ADA0000000000030EE000A704730EE200A7047C5
:10ADB000DFED020A80EEA00A7047000000000000EC
:10ADC0009FED020A20EE000A7047000000000070AC
:10ADD0009FED020A20EE000A7047000000000010FC
:10ADE00010B500EE100A2DED028BB1EEC08A18EE00
:10ADF000100A20F00040C0F1FF40C00F0AD010EE52
:10AE0000100A20F00040C0F1FF40C00F04BF012035
:10AE1000F5F751FD18EE100ABDEC028B10BD0000D5
:10AE200010B500290AD00878002807D005487844D2
:10AE3000F5F7FAFC002801D0002010BD0248784444
:10AE400010BD0000860A00007E0A0000F1EE100A24
:10AE50004FF6FF71C0F2C03120EA010040F04070AF
:10AE6000E1EE100A70470000000000000000000042
:10AE70000000B33FB2BE7D3A00002E40DFCF513814
:10AE800000007E40BF51FABA00E0A44019DAC3BA0C
:10AE900000E0C840C2ED8AB90040EB40CD1F2CBA9B
:10AEA000001006412AFFFABA00C01541DFCFD137A2
:10AEB00000D024419A97703A0050334189478E362A
:10AEC00000404141E75B9D3800B04E41C00A98B94F
:10AED00000A05B41558F943A00306841DA92C0BAC5
:10AEE0000040744162B3C63A0000803F00A0853F35
:10AEF00000908B3F00C0913F0030983F00F09E3F94
:10AF000000F0A53F0050AD3F0000B53F0000BD3F41
:10AF10000060C53F0020CE3F0040D73F00C0E03F6B
:10AF200000C0EA3F0020F53F000000007D36AC394C
:10AF30007D3C3839EBDCF438320A7E39124C263944
:10AF40009B6AED39A4EE83397F661E39F6398A395A
:10AF50002B426539A48211395B991F39C3EECD3973
:10AF6000DDE7C637A5A22F390000803FC3AA853F81
:10AF7000C2958B3FD3C3913FF037983F32F59E3F48
:10AF8000D7FEA53F3F58AD3FF304B53FA408BD3FF2
:10AF90002A67C53F8C24CE3FFD44D73FDFCCE03F3E
:10AFA000C7C0EA3F7D25F53F3400000038000000AF
:10AFB0003C000000400000005800000000040810A1
:10AFC000204001040810204000000000010203049A
:10AFD0000102030406070809000000000000000049
:10AFE000002F000000000700070000147F147F14EA
:10AFF00000242A7F2A120023130864620036495570
:10B00000225000000007000000001C224100000048
:10B0100041221C000014083E08140008083E0808DD
:10B02000000000A060000008080808080000606038
:10B030000000002010080402003E5149453E000077
:10B04000427F4000004261514946002141454B3159
:10B05000001814127F10002745454539003C4A4925
:10B060004930000171090503003649494936000697
:10B070004949291E000036360000000056360000FF
:10B08000000814224100001414141414000041227A
:10B090001408000201510906003E4955592E007C52
:10B0A0001211127C007F49494936003E414141223C
:10B0B000007F4141221C007F49494941007F090925
:10B0C0000901003E4149497A007F0808087F0000D5
:10B0D000417F4100002040413F01007F0814224190
:10B0E000007F40404040007F020C027F007F040848
:10B0F000107F003E4141413E007F09090906003EA4
:10B100004151215E007F09192946004649494931CC
:10B110000001017F0101003F4040403F001F2040EF
:10B12000201F003F4038403F0063140814630007AD
:10B130000870080700615149454300007F41410004
:10B14000000204081020000041417F0000040201B9
:10B150000204004040404040000001020400002082
:10B1600054545478007F48444438003844444420C0
:10B1700000384444487F00385454541800087E096D
:10B1800001020018A4A4A47C007F08040478000035
:10B19000447D4000004080847D00007F10284400F2
:10B1A0000000417F4000007C04180478007C080403
:10B1B000047800384444443800FC2424241800183F
:10B1C000242418FC007C080404080048545454202B
:10B1D00000043F444020003C4040207C001C2040B4
:10B1E000201C003C4030403C004428102844001CF7
:10B1F000A0A0A07C004464544C440000087F41009F
:10B200000000007F00000000417F080000080408E3
:10B210001008000000000000000000000000000016
:10B220000000000000F800000000000000333000C3
:10B23000000000160E00160E0000000000000000C6
:10B24000000040C07840C0784000043F04043F0440
:10B250000400007088FC08300000001820FF211E48
:10B260000000F008F000E018000000211C031E217F
:10B270001E0000F00888700000001E2123241927FA
:10B280002110000000160E00000000000000000069
:10B290000000000000E01804020000000007182071
:10B2A000400000020418E0000000004020180700E1
:10B2B0000000404080F0804040000202010F010287
:10B2C0000200000000F0000000000101011F010168
:10B2D0000100000000000000000000B0700000004D
:10B2E0000000000000000000000000010101010159
:10B2F00001010000000000000000003030000000EC
:10B3000000000000000080601804006018060100C2
:10B31000000000E010080810E000000F10202010CE
:10B320000F00001010F8000000000020203F202037
:10B3300000000070080808887000003028242221CE
:10B340003000003008888848300000182020201184
:10B350000E000000C02010F8000000070424243F65
:10B36000240000F80888880808000019212020110E
:10B370000E0000E0108888180000000F1120201136
:10B380000E0000380808C83808000000003F000020
:10B3900000000070880808887000001C222121220B
:10B3A0001C0000E010080810E0000000312222110B
:10B3B0000F00000000C0C00000000000003030009E
:10B3C0000000000000C0C0000000000080B070005D
:10B3D0000000000080402010080000010204081056
:10B3E0002000404040404040400004040404040465
:10B3F0000400000810204080000000201008040213
:10B400000100007048080808F00000000030360114
:10B410000000C030C828E810E000071827242314D3
:10B420000B000000C038E0000000203C230202278F
:10B43000382008F8888888700000203F20202011DC
:10B440000E00C03008080808380007182020201017
:10B45000080008F808080810E000203F202020100D
:10B460000F0008F88888E8081000203F20202320DB
:10B47000180008F88888E8081000203F2000030022
:10B480000000C03008080838000007182020221EDD
:10B49000020008F808000008F808203F21010121F7
:10B4A0003F20000808F8080800000020203F202066
:10B4B000000000000808F8080800C08080807F00B5
:10B4C000000008F888C028180800203F200126380E
:10B4D000200008F8080000000000203F2020202065
:10B4E000300008F8F800F8F80800203F003F003F5F
:10B4F000200008F830C00008F808203F2000071896
:10B500003F00E01008080810E0000F102020201075
:10B510000F0008F808080808F000203F2101010189
:10B520000000E01008080810E0000F18242438502C
:10B530004F0008F8888888887000203F2000030C9E
:10B5400030200070880808083800003820212122A7
:10B550001C00180808F8080818000000203F200008
:10B56000000008F808000008F808001F202020202C
:10B570001F000878880000C83808000007380E014E
:10B580000000F80800F80008F800033C0700073C3A
:10B590000300081868808068180820302C03032CEA
:10B5A00030200838C800C83808000000203F2000BC
:10B5B000000010080808C83808002038262120207C
:10B5C0001800000000FE020202000000007F404060
:10B5D0004000000C30C000000000000000010638F0
:10B5E000C00000020202FE000000004040407F0058
:10B5F00000000020100804081020000000000000D7
:10B60000000000000000000000008080808080803A
:10B61000808000020408000000000000000000001C
:10B620000000000080808080000000192422222277
:10B630003F2008F8008080000000003F112020110A
:10B640000E000000008080800000000E11202020ED
:10B650001100000000808088F800000E11202010EA
:10B660003F200000808080800000001F22222222D4
:10B670001300008080F0888888180020203F202058
:10B6800000000000808080808000006B9494949380
:10B69000600008F8008080800000203F210000202A
:10B6A0003F2000809898000000000020203F2020CC
:10B6B0000000000000809898000000C08080807F1B
:10B6C000000008F8000080808000203F24022D3018
:10B6D0002000000808F8000000000020203F202083
:10B6E00000008080808080808000203F20003F20FC
:10B6F000003F008080008080000000203F2100206B
:10B700003F200000808080800000001F202020203B
:10B710001F00808000808000000080FFA120201199
:10B720000E000000008080808000000E112020A00C
:10B73000FF80808080008080800020203F212000CA
:10B7400001000000808080808000003324242424B5
:10B750001900008080E0808000000000001F202091
:10B7600000008080000000808000001F202020104A
:10B770003F20808080000080808000010E3008061D
:10B78000010080800080008080800F300C030C302E
:10B790000F0000808000808080000020312E0E315C
:10B7A0002000808080000080808080818E7018065C
:10B7B000010000808080808080000021302C2221C8
:10B7C000300000000000807C020200000000003F0A
:10B7D000404000000000FF00000000000000FF00EB
:10B7E00000000002027C800000000040403F00009A
:10B7F0000000008040408000008000000000000148
:10B800000100010002000400060008000A000C000C
:10B81000100020004000800000010001020301012F
:10B8200001030701000008040204080101014D6F33
:10B83000646531004D6F646532004D6F646533009F
:10B840004D6F646534004D6F6465350054726970E6
:10B850006F645F504944004361725F504944005334
:10B8600065745F50494400494D555F416E676C6592
:10B8700000477261795F43616C6962726174696FDC
:10B880006E004D61696E204D656E75002825642C33
:10B8900025642900C8B900080000002460010000E8
:10B8A0003003000858BA0008600100244812000064
:10B8B000900300081001000043000000F8FFFFFFA4
:10B8C00000404040404040404040414141414140B3
:10B8D0004040404040404040404040404040404068
:10B8E00040050202020202020202020202020202F7
:10B8F00002202020202020202020200202020202FC
:10B900000202909090909090101010101010101053
:10B91000101010101010101010101010020202025F
:10B9200002028888888888880808080808080808A3
:10B93000080808080808080808080808020202029F
:10B9400040000000000000000000000000000000B7
:10B9500000000000000000000000000000000000E7
:10B9600000000000000000000000000000000000D7
:10B9700000000000000000000000000000000000C7
:10B9800000000000000000000000000000000000B7
:10B9900000000000000000000000000000000000A7
:10B9A0000000000000000000000000000000000097
:10B9B0000000000000000000000000000000000087
:10B9C0000000000000000000320142102C90D00363
:10B9D00004132001142467B833080913B99EC20860
:10B9E0001A71182911A91822141B244C180A1107BE
:10B9F000301A5718DA06181A44301A5F189A0518C0
:10BA00001A5C141A2C0425CDCCCC3D1808803F0AB2
:10BA1000D7233C46249A04241A7420411A4018DA89
:10BA200003541A981C1A3A18DA02181AB0181A3461
:10BA30001829E4A9181AC8181A2E1841A9182AE0BA
:10BA400064AC140258041A82281AFF01815AF8883B
:08BA500002270A0000000000BB
:04000005080002CD20
:00000001FF
