:020000040800F2
:1000000050100024A90300083149000821490008C4
:1000100029490008610D000831790008000000003E
:10002000000000000000000000000000A15E0008C9
:10003000990D000800000000495C0008C95E000836
:10004000C3030008C3030008C3030008C303000878
:10005000C3030008C3030008C3030008C303000868
:10006000C3030008C3030008C3030008C303000858
:10007000C3030008C3030008C3030008C303000848
:10008000C3030008C3030008C3030008C303000838
:10009000C3030008C3030008C3030008C303000828
:1000A000C3030008C3030008C3030008C303000818
:1000B000C3030008C3030008C3030008C303000808
:1000C000C3030008C3030008C3030008C3030008F8
:1000D000C3030008C3030008C3030008C3030008E8
:1000E000C3030008C303000800000000C3030008A6
:1000F000C3030008C3030008C3030008C3030008C8
:10010000C3030008C3030008C3030008C3030008B7
:10011000C3030008C303000849600008C3030008C4
:10012000C3030008C3030008C3030008C303000897
:10013000C3030008C3030008C3030008C303000887
:1001400000000000000000000000000000000000AF
:10015000C3030008C3030008C3030008C303000867
:10016000C3030008C3030008C3030008C303000857
:10017000C3030008C3030008C30300080000000015
:10018000C3030008C3030008C3030008C303000837
:10019000C3030008C3030008C3030008C303000827
:1001A000C3030008C3030008C303000800000000E5
:1001B000C3030008C3030008C3030008C303000807
:1001C000C3030008C3030008000000000000000093
:1001D0000000000000000000C30300080000000051
:1001E000000000000000000000000000000000000F
:1001F0000000000000000000C3030008C303000863
:10020000C3030008C303000800000000C303000884
:10021000C3030008C3030008C3030008C3030008A6
:10022000C303000800000000C30300080000000032
:10023000C3030008C303000800000000C303000854
:10024000C3030008C3030008C3030008C303000876
:10025000C3030008C3030008C3030008C303000866
:10026000C3030008C3030008C3030008C303000856
:10027000C3030008C3030008C30300080000000014
:10028000C3030008C3030008C3030008C303000836
:1002900000000000C3030008C303000800000000C2
:1002A00000000000C3030008C3030008E161000868
:1002B000C3030008C3030008C3030008C303000806
:1002C000C3030008C3030008C303000800F002F8DA
:1002D00000F05BF814A696E8000CB244B344DA458B
:1002E00001D100F052F8BAE80F000FA696E83000EE
:1002F000A5EB040504EB0607AAEB0704A7F1010729
:100300004FEA15154FEA3414A4F10104AC4201D3AD
:1003100000F03BF813F0010F18BFFB1A43F0010384
:1003200000F001F8DBE71847F090000010910000A2
:10033000103A24BF78C878C1FAD8520724BF30C811
:1003400030C144BF04680C60704700007047000073
:100350000023002400250026103A28BF78C1FBD8CE
:10036000520728BF30C148BF0B6070471FB508F067
:1003700035FB00F0E7FC04000020002108F018FB2A
:10038000401C60601FBD10B510BD00F0ADFC1146F3
:10039000FFF7ECFF07F040FF00F0D8FC03B4FFF7D5
:1003A000F2FF03BC07F0C8FA094880470948004734
:1003B000FEE7FEE7FEE7FEE7FEE7FEE7FEE7FEE715
:1003C000FEE7FEE704480549054A064B7047000072
:1003D000995F0008CD020008500A00245010002444
:1003E000500C0024500C0024704753EA020C00F01B
:1003F00069802DE9F04B4FF00006002B1FBFB3FAC8
:1004000083F503FA05F424FA05F65E4012BF16439D
:10041000B2FA82F502FA05F4C5F120051EBF22FAF0
:1004200005FC44EA0C04203556EA044C4FEA144417
:1004300018BF641C4FF000084FF00009904271EBA8
:10044000030C39D3002919BFB1FA81F701FA07F675
:10045000B0FA80F700FA07F6C7F120071EBF20FAAE
:1004600007FC46EA0C062037B6FBF4FCA7EB0507B1
:10047000103F07F01F0BCBF120062CFA06F60CFA02
:100480000BFB44BFB3460026202FA4BF5E464FF0AF
:10049000000B5BEA060C08BF4FF0010B19EB0B09D0
:1004A00048EB0608ABFB027C06FB02CC0BFB03CC43
:1004B000C01B71EB0C01C1E70B46024641464846A2
:1004C000BDE8F08B13B5084318BF4FF0FF3001466D
:1004D000AFF30080BDE81C40704700000FB400B5CA
:1004E0008DB010A9099000910B904FF0FF300A9049
:1004F00000200C90064878440690064878446A46E6
:1005000007900F9909A800F0C5F90DB05DF814FB2C
:10051000BB030000D30300002DE9FF5F1D464FF031
:10052000FF3B91464FF000085F46D5E90146A969B7
:1005300001987F1C8847296A824688470028F6D19F
:10054000BAF1FF3F0CD0002E24F4C06419DD600620
:1005500014D5BAF12B0F09D0BAF12D0F0ED103E04B
:10056000584604B0BDE8F09F44F48064A96901983E
:100570007F1C8847761E8246002E02DDBAF1300FBE
:1005800003D0B9F1000F26D032E0A969761E019898
:100590007F1C44F400748847002E824605DDBAF1C2
:1005A000780F06D0BAF1580F03D0B9F1000F10D070
:1005B0001EE0B9F1000F02D0B9F1100F18D1A969EE
:1005C000761E01987F1C24F4007488478246102010
:1005D00002E0082000E00A20814609E0A96908FB42
:1005E0000908761E01987F1C44F4007488478246EF
:1005F000002E05DD4946504600F038F90028EDDAB6
:10060000E96901988847A00502D46FF00100A8E7C6
:10061000E00725D1600613D5600502D5C8F10000BA
:1006200000E0404629680A1D2A600968220501D5B4
:10063000087015E0220701D5088011E008600FE07E
:100640002868011D29600068210502D580F8008016
:1006500006E0210702D5A0F8008001E0C0F8008084
:1006600038467EE7401ECAB210F8011F8A4202D007
:100670000029F9D10020704740EA010370B59B07BB
:100680002ED14FF00136042A2AD308C810C99D1B69
:100690009D43121F15EAC61517D0D8B2E1B2401A11
:1006A00050EA056110D198B2A1B2401A50EA054152
:1006B0000AD123F07F4024F07F41401A50EA0521FF
:1006C00002D1180EA0EB146070BDA342DBD018BAA3
:1006D00021BA884201D9012070BD4FF0FF3070BDB2
:1006E0000AB9002070BD10F8013B11F8014B63B14D
:1006F000A3420AD1521E08D010F8013B11F8014B59
:100700001BB1A34201D1521EEDD1181B70BD032AAB
:1007100040F2308010F0030C00F0158011F8013B1E
:10072000BCF1020F624498BF11F801CB00F8013B05
:1007300038BF11F8013BA2F1040298BF00F801CBC9
:1007400038BF00F8013B11F0030300F0D380083AF2
:10075000C0F0088051F8043B083A51F804CBA0E8F7
:100760000810F5E7121D5CBF51F8043B40F8043B4C
:10077000AFF30080D20724BF11F8013B11F801CB81
:1007800048BF11F8012B24BF00F8013B00F801CB52
:1007900048BF00F8012B70474FF0000200B5134628
:1007A00094469646203922BFA0E80C50A0E80C5091
:1007B000B1F12001BFF4F7AF090728BFA0E80C5042
:1007C00048BF0CC05DF804EB890028BF40F8042B3B
:1007D00008BF704748BF20F8022B11F0804F18BFA8
:1007E00000F8012B7047000030B44FF0013C50F886
:1007F000042BCCFA52F451F8043BD51A20D1FCB9A1
:1008000050F8042BCCFA52F451F8043BD51A17D106
:10081000B4B950F8042BCCFA52F451F8043BD51A71
:100820000ED16CB950F8042BCCFA52F451F8043BB9
:10083000D51A05D1002CDAD030BC4FF0000070473B
:1008400029BAB1FA81F111F01801D1F120008440E8
:10085000F2D1CA40CB4012F0FF0213F0FF0330BCCC
:10086000D01A704770477047704770473A2800D2D7
:10087000303820F02002412A01D3A2F1370088420B
:1008800001D34FF0FF3070470268114413780160C4
:1008900018467047D160054979445161044979444B
:1008A000116200211161114600F060B8EDFFFFFFF9
:1008B000B7000000426842B1016811F8013B23B162
:1008C000521EC0E90012184670470121C160881EFF
:1008D000704742685AB1C368016843B983688B4264
:1008E00005D0491E521CC0E90012002070474FF08D
:1008F000FF30704710B5203AC0F00B80B1E81850B7
:10090000A0E81850B1E81850A0E81850203ABFF4F9
:10091000F5AF5FEA027C24BFB1E81850A0E8185098
:1009200044BF18C918C0BDE810405FEA827C24BFEC
:1009300051F8043B40F8043B08BF7047D20728BF7A
:1009400031F8023B48BF11F8012B28BF20F8023BC9
:1009500048BF00F8012B704710B5044600F0EAF9D3
:100960000068005D00F0010010BD00002DE9F34FAC
:100970004FF0000A0C4656468DB001200C9001F154
:100980000C000B9062690B9801219047051E2DD039
:10099000252D2CD0216A8847C0B162690B980121AE
:1009A0009047216A88470028F7D16269411E0B9859
:1009B000904700E0761CA1690D988847216A884716
:1009C0000028F7D1E1690D988847DBE7A1690D9808
:1009D0008847A842074601D1761CD3E7E1690D9804
:1009E00088477F1C02D1BAF1000F6FD06BE16269BA
:1009F0000B9800273D46394690472A2804D1626962
:100A00000B98012190470125DFF8D08262690B988D
:100A100001219047A0F130010A290AD24745E5DCBF
:100A200007EB870100EB4107303FDFD445F01005AD
:100A3000ECE7E90601D46FF000476C280AD04C2897
:100A400014D0682815D06A280DD074281CD07A28B4
:100A50001AD01DE062690B98012190476C2802D0E2
:100A600045F0040514E045F002050DE045F02005D1
:100A70000AE062690B9801219047682802D045F08E
:100A8000080505E045F4006562690B98012190476F
:100A9000C4E9015765283DD019DC58287AD00CDC10
:100AA000452837D004DC252826D041289ED131E0C6
:100AB00046282FD0472899D12CE05B2877D0612891
:100AC00028D063287CD0642823D15AE0F6E06F2830
:100AD00048D008DC66281DD067281BD0692821D0A3
:100AE0006E2816D127E0702845D0732868D0752865
:100AF00047D078280DD14DE0A1690D988847252869
:100B000005463FF469AFE1690D9888476D1C3FF4D5
:100B10006AAFD8E00D9923466A466FF00100AFF343
:100B20000080C5E045F0400023464FF000026060C1
:100B3000A80736D43EE0E8077FF447AF2068011DE0
:100B400021600068290501D506701BE7290701D53A
:100B5000068017E7A90703D5F117C0E9006111E77F
:100B600006600FE745F0400023464FF00802606042
:100B7000A80716D41EE040F60E0125EA01006060C9
:100B800016E045F0400023464FF00A026060A807D7
:100B900007D40FE045F040006060A80708D5234661
:100BA00010220D996FF00100AFF3008080E007E0A4
:100BB000102223460D996FF00100FFF7ADFC77E09E
:100BC0004FF0000963284F46C8464B46CB4602D03B
:100BD0005B2806D038E0E80601D40120A060012798
:100BE00032E06269D4F80CB00B98012190475E287E
:100BF00007D14FF0010949466269D4F80CB00B984F
:100C00009047216939B900210A4603AB43F82120F6
:100C1000491C0829FADBD8B3216949B308F1010856
:100C200062690B98012190475D28F4D1B9F1000F5A
:100C300009D0002003A951F82020D24341F82020F8
:100C4000401C0828F7DB03AB2069002820794FEA15
:100C500040701ED05B462246CDF80080CDE901975A
:100C60000D9900286FF0010020DAAFF300801FE03B
:100C7000C11703AA00EBD1614B1121F01F0102EB58
:100C80008302411A13680120884003431360C7E7B9
:100C900019E00D99224600286FF00100009702DA52
:100CA000AFF3008004E0AFF3008001E0AFF3008019
:100CB00000280ADA401C06D10C9820B14FF0FF3012
:100CC0000FB0BDE8F08F5046FAE7E90701D10AF10D
:100CD000010A064400200C9054E60000CCCCCC0C59
:100CE00000487047B00000247546FFF7F9FFAE4694
:100CF00005006946534620F00700854618B020B528
:100D0000FFF760FBBDE820404FF000064FF0000702
:100D10004FF000084FF0000BAC46ACE8C009ACE85F
:100D2000C009ACE8C009ACE8C00921F007018D4654
:100D30007047000010B500F005F8001D10BD00BFA1
:100D4000717C000000487047D000002410B50446B4
:100D5000AFF300802046BDE81040FFF71FBB000046
:100D6000FEE70000000000004EF6FC50CEF200004E
:100D7000016841F08071016041F200000021CEF273
:100D800000004160016841F0010101604068B0FA73
:100D900080F040097047000070470000000000002C
:100DA00043F6800241F20401C0F20102CEF20001DA
:100DB00050430A680B689B1A83420BD20B689B1A3C
:100DC00083423EBF0B689B1A834203D20B689B1A77
:100DD0008342EFD37047000041F2040100EB800230
:100DE000CEF20001120108680B681B1A93420BD265
:100DF0000B681B1A93423EBF0B681B1A934203D227
:100E00000B681B1A9342EFD37047000000000000EC
:100E1000EFF3108072B600BFFEE700000000000094
:100E20002DE9F041044600F0CFFC1CB3054694F8D0
:100E30003500022822D140F20F472668C4F202078B
:100E400040F26F48BE426FF00E00C4F202081DDC93
:100E50006F21C4F202018E422ADC3F21C4F202015A
:100E60008E4241DC1021C4F202018E4263D028215F
:100E70005CE000BF0120BDE8F08100BF802060651C
:100E80000120002184F83410BDE8F08146451BDCC8
:100E900040F23F41C4F202018E422DDC40F210418B
:100EA000C4F202018E4246D040F228413EE000BF2B
:100EB0009F21C4F202018E4228DC7021C4F202019B
:100EC0008E4238D0882131E040F29F41C4F20201C5
:100ED0008E4223DC40F27041C4F202018E422AD0DD
:100EE00040F2884122E000BF4021C4F202018E425C
:100EF00021D058211AE000BF40F24041C4F2020163
:100F00008E4218D040F2584110E000BFA021C4F238
:100F100002018E420FD0B82108E000BF40F2B84174
:100F2000C4F202018E4206D040F2A041C4F2020196
:100F30008E42314607D13146306820F01E0041F81C
:100F4000140B6FF080000A68464500EA0200086052
:100F50001ADC9F20C4F20200864233DC5720C4F220
:100F6000020086425ADC1020C4F20200864200F0E1
:100F700097802820C4F20200864200F09180402031
:100F8000C4F202008AE000BF45F22F40C5F602001D
:100F900086422DDC40F2B740C4F2020086424BDCB0
:100FA00040F27040C4F20200864279D040F288409C
:100FB000C4F20200864273D040F2A040C4F20200A4
:100FC0006CE000BF40F22740C4F20200864243DCDE
:100FD000A020C4F20200864262D0B820C4F202000F
:100FE00086425DD040F21040C4F2020056E000BFDD
:100FF00045F26B40C5F6020086423FDC45F23040C8
:10100000C5F6020086424BD045F24440C5F60200C8
:10101000864245D045F258403EE000BF5820C4F219
:10102000020086423CD07020C4F20200864237D0D3
:101030008820C4F2020031E040F2B840C4F202005D
:1010400086422DD045F20840C5F60200864227D0E0
:1010500045F21C4020E000BF40F22840C4F20200EC
:1010600086421DD040F24040C4F20200864217D0B2
:1010700040F25840C4F2020010E000BF45F26C405C
:10108000C5F6020086420BD045F29440C5F6020038
:10109000864205D045F28040C5F60200864204D162
:1010A000206E016821F480710160306820F0010039
:1010B000306000BF3068C00710D000F085FB401BD7
:1010C0000628F7D320206065032084F8350001202E
:1010D000002184F83410BDE8F08100BF20680821A9
:1010E000B8424FF03F0211DC6F23C4F20203984272
:1010F0001EDC3F23C4F20203984235DC1023C4F205
:101100000203984257D0282350E000BF40451BDC23
:1011100040F23F43C4F2020398422DDC40F21043F8
:10112000C4F20203984246D040F228433EE000BF9A
:101130009F23C4F20203984228DC7023C4F2020306
:10114000984238D0882331E040F29F43C4F2020332
:10115000984223DC40F27043C4F2020398422AD042
:1011600040F2884322E000BF4023C4F202039842C9
:1011700021D058231AE000BF40F24043C4F20203DA
:10118000984218D040F2584310E000BFA023C4F2A8
:10119000020398420FD0B82308E000BF40F2A043FA
:1011A000C4F20203984206D040F2B843C4F20203EC
:1011B000984240F0C580D4E9163707F01F07404534
:1011C00002FA07F25A5019DC9F21C4F20201884248
:1011D00032DC5721C4F20201884259DC1021C4F2EA
:1011E0000201884200F096802821C4F20201884260
:1011F00000F090804021C4F2020189E045F22F41C5
:10120000C5F6020188422DDC40F2B741C4F202016A
:1012100088424BDC40F27041C4F20201884279D02E
:1012200040F28841C4F20201884273D040F2A041EA
:10123000C4F202016CE000BF40F22741C4F2020197
:10124000884243DCA021C4F20201884262D0B82166
:10125000C4F2020188425DD040F21041C4F20201A2
:1012600056E000BF45F26B41C5F6020188423FDC03
:1012700045F23041C5F6020188424BD045F2444167
:10128000C5F60201884245D045F258413EE000BF14
:101290005821C4F2020188423CD07021C4F20201FC
:1012A000884237D08821C4F2020131E040F2B841CF
:1012B000C4F2020188422DD045F20841C5F6020170
:1012C000884227D045F21C4120E000BF40F228416F
:1012D000C4F2020188421DD040F24041C4F2020132
:1012E000884217D040F25841C4F2020110E000BF1A
:1012F00045F26C41C5F6020188420BD045F294419B
:10130000C5F60201884205D045F28041C5F60201CA
:1013100088420BD1616EA26EE06E4A6030B1016806
:1013200021F480710160D4E91C014160012084F83E
:1013300035000020002184F83410BDE8F08100BFA2
:101340000421012237E70000F0B190F8351002299E
:1013500018D180B540F20F420168C4F202029142F6
:1013600014DC6F23C4F20203994225DC3F23C4F24C
:10137000020399423CDC1023C4F2020399425DD07F
:10138000282357E0802141650120704740F26F43D8
:10139000C4F2020399421BDC40F23F43C4F2020351
:1013A00099422DDC40F21043C4F20203994245D029
:1013B00040F228433EE000BF9F23C4F2020399425B
:1013C00028DC7023C4F20203994237D0882331E02D
:1013D00040F29F43C4F20203994223DC40F270437F
:1013E000C4F20203994229D040F2884322E000BFB0
:1013F0004023C4F20203994220D058231AE000BFD0
:1014000040F24043C4F20203994217D040F25843DD
:1014100010E000BFA023C4F2020399420ED0B8230B
:1014200008E000BF40F2B843C4F20203994205D07D
:1014300040F2A043C4F20203994275D191424FF0A9
:10144000040280F8352011DC6F20C4F202008142D2
:1014500022DC3F20C4F20200814239DC1020C4F2B9
:101460000200814259D0282054E000BF40F26F4072
:10147000C4F2020081421BDC40F23F40C4F2020091
:1014800081422DDC40F21040C4F20200814244D07F
:1014900040F228403EE000BF9F20C4F2020081429B
:1014A00028DC7020C4F20200814236D0882031E06E
:1014B00040F29F40C4F20200814223DC40F27040BF
:1014C000C4F20200814228D040F2884022E000BFEE
:1014D0004020C4F2020081421FD058201AE000BF11
:1014E00040F24040C4F20200814216D040F258401F
:1014F00010E000BFA020C4F2020081420DD0B8204D
:1015000008E000BF40F2B840C4F20200814204D0BB
:1015100040F2A040C4F202008142086820F00100BD
:101520000860002080BD00BF0A6822F00E020A6039
:1015300045F25742C5F6020291420A6822F00102C2
:101540000A600FDC45F22F42C5F60202914219DC17
:1015500045F20842C5F60202914229D045F21C42EA
:1015600022E000BF45F27F42C5F60202914213DC41
:1015700045F25842C5F60202914219D045F26C423A
:1015800012E000BF45F23042C5F6020291420FD090
:1015900045F2444208E000BF45F29442C5F602021B
:1015A000914205D045F28042C5F6020291421AD11D
:1015B000D0E9181CD0E916E30A6822F480720A60A8
:1015C00003F01F01012202FA01F1CEF80410816E2E
:1015D000CCF80410C16E31B10A6822F480720A603E
:1015E000D0E91C124A60012180F83510016D0022FB
:1015F000002980F8342094D08847002080BD000066
:101600002DE9F04F83B00F68002F00F0C98000F182
:10161000264642F2004506F1FF76C5F602050A228B
:10162000A8424FEAB62540F2040C08BF092200F197
:1016300020030093082DC5F6000C38BF4FEAB622F0
:10164000002400264FF0000801920AE008F101088A
:101650000F6837FA08F206F1020604F1040400F0FC
:101660009F80012202FA08FE17EA0E09EED0D1F897
:1016700004B003220BF00307B2407D1E6FEA020A9A
:10168000012D11D88268CD6802EA0A02B5402A43CA
:101690008260CBF30015426822EA0E0205FA08F5D3
:1016A0002A43426004E000BF032F01D103271FE05B
:1016B000C2688D6802EA0A02B540022F42EA0502BA
:1016C000C26015D16FF0030204F01C0502EA580B4A
:1016D000009A0F2352F80BE0AB400F692EEA030388
:1016E000AF403B4342F80B30D1F804B00BF0030796
:1016F000026807FA06F302EA0A021BF4403F42EAD4
:1017000003020260A2D044F2F44340F2084EC5F650
:101710000203C5F6000E0F251A6842F002021A6095
:101720001A6802F00202029228F00302029B04F0FF
:101730000C0352F80E709D40AF43019D05FA03F370
:101740003B4342F80E304FF0B04EDEF800204B68BD
:1017500042EA0907DD0258BF22EA09079D02CEF8D6
:101760000070DCF8002042EA090758BF22EA0907A6
:101770009D03CCF80070DCF8802042EA090758BFCE
:1017800022EA0907DB03CCF88070DCF87C2042EA0F
:10179000090758BF22EA0907CCF87C7056E700BF5A
:1017A00003B0BDE8F08F00000069084018BF0120B9
:1017B0007047000000000000002A08BF0904816192
:1017C000704700000000000040F64C20C2F20040CC
:1017D000006870470000000040F2140040F64C2101
:1017E000C2F20040C2F2004100780A68104408606A
:1017F000704700000000000080B5032000F0ACF846
:1018000001F012F944F2184148F60223C5F602012C
:10181000C0F600030A68C2F303229A5C096801F06B
:101820000F0102F01F02595CD04040F22002C2F2C8
:10183000004201F01F0120FA01F1116040F21C0189
:10184000C2F2004108600F2000F00AF800281CBF17
:10185000012080BD00F02CF8002080BD00000000B9
:10186000B0B540F21405C2F200452978F1B1044642
:1018700040F21C00C2F200404FF47A72B2FBF1F168
:101880000068B0FBF1F001F0F7FB0F2C01464FF0C0
:1018900001000AD8002918BFB0BD4FF0FF30002268
:1018A000214600F029F800206C60B0BD0120B0BDD9
:1018B00081B044F2F440C5F60200016841F0020133
:1018C0000160006800F002000090009801B07047CD
:1018D000002848BF704700F01F01012202FA01F101
:1018E0004EF20012C0F34A10CEF2000242F820106D
:1018F000704700000000000070B54EF60C5C4FF021
:10190000FF36CEF2000C00F1604505F56445DCF8C9
:101910000030C3F3022E8EF00703042B28BF0423EC
:10192000BEF1030406FA03F321EA030100F00F03FA
:1019300038BF0024043B0028634406FA04F048BF83
:1019400003F10C05A14022EA0000084300012870C1
:1019500070BD0000000000004EF60C514FF6FF0372
:10196000CEF200010A681A4060F30A2242F0806059
:1019700040F0FD7008607047B0B544F60C05C5F640
:10198000020529684907296806D401F00701081AE9
:1019900018BF0120B0BD00BF21F007010843286037
:1019A000FFF712FF044600BF55F8080C800407D467
:1019B000FFF70AFF001BB0F57A7FF5D90120B0BD13
:1019C0000020B0BD0000000080B500F0A5FF44F28B
:1019D000204148F60222C5F60201C0F6000209685D
:1019E000C1F30211515C01F01F01C84080BD00002D
:1019F00080B544F2384EC5F6020E5EF8103C5EF833
:101A0000101C5EF80C2CC1F3053CDEF80410BCF190
:101A1000000F19D0C9089FED3C1AD20601EAE27105
:101A200003F003026FF35F3100EE101AB8EE400AC4
:101A3000DFE802F0022210225EF8381C89060DD47D
:101A40009FED331A18E000BF00218160C0E900114A
:101A500080BD00BF9FED2D1A0EE000BF5EF8381C60
:101A600049F20002C0F2D032C1F3C10122FA01F101
:101A700001EE101AB8EE411ADEF800109FED253A7B
:101A80006FF35F2102EE101ADEF80010C1F3462159
:101A9000B8EE422A013100EE032A00EE10CAB7EE7A
:101AA000003AB8EE400A81EE000A32EE031A20EE48
:101AB000010A01EE101AB8EE411A80EE011ABCEECE
:101AC000C11A80ED001ADEF80010C1F306410131A1
:101AD00001EE101AB8EE411A80EE011ABCEEC11ADE
:101AE00080ED011ADEF80010C1F30661013101EE4C
:101AF000101AB8EE411A80EE010ABCEEC00A10EED0
:101B0000101A816080BD00BF0024744A20BCBE4B07
:101B10000024744C0000003980B544F2404EC5F6F4
:101B2000020E5EF8183C5EF8181C5EF8142CC1F327
:101B3000055CDEF80410BCF1000F19D0C9089FED58
:101B40003C1AD20501EAE27103F003026FF35F3140
:101B500000EE101AB8EE400ADFE802F0022210226E
:101B60005EF8401C89060DD49FED331A18E000BFC3
:101B700000218160C0E9001180BD00BF9FED2D1ADA
:101B80000EE000BF5EF8401C49F20002C0F2D03205
:101B9000C1F3C10122FA01F101EE101AB8EE411AA7
:101BA000DEF800109FED253A6FF35F2102EE101A68
:101BB000DEF80010C1F34621B8EE422A013100EEF2
:101BC000032A00EE10CAB7EE003AB8EE400A81EEE2
:101BD000000A32EE031A20EE010A01EE101AB8EEE6
:101BE000411A80EE011ABCEEC11A80ED001ADEF82F
:101BF0000010C1F30641013101EE101AB8EE411A8E
:101C000080EE011ABCEEC11A80ED011ADEF8001058
:101C1000C1F30661013101EE101AB8EE411A80EEEF
:101C2000010ABCEEC00A10EE101A816080BD00BF30
:101C30000024744A20BCBE4B0024744C00000039C0
:101C40002DE9F0470446C07844F22C480007C5F659
:101C5000020828D5606E4FEA305103292AD8DFE800
:101C600001F0030B131B00BFD8F8001041F4003142
:101C7000C8F8001010E000BF04F10800022103F0D2
:101C8000E7FF064680B906E004F12800022104F0CF
:101C900073F8064640B9606ED8F8241021F440115C
:101CA0000843C8F8240000266078C00706D13546EE
:101CB0002FE000BF01266078C007F8D0A06D04288F
:101CC0003ED83546DFE800F004140E0B0B0000BFD1
:101CD000D8F80000354640F40030C8F800002F4620
:101CE000C5B90DE004F12800002104F045F804E036
:101CF00004F10800002103F0ABFF05462F464DB963
:101D0000D8F82400A16D20F0070000250843C8F88A
:101D100024003746607840073AD5D4F8A4004FEA4B
:101D20007050052818D8DFE800F0031D1123232385
:101D3000D8F8000040F40030C8F8000018E000BFF8
:101D40000125012760784007E7D421E004F128004D
:101D5000002104F011F80AE001250126607800074F
:101D60001AD44FE004F10800002103F071FF05468A
:101D70002E461DB1607800070ED443E0D8F82C0041
:101D8000D4F8A41020F4600000250843C8F82C0003
:101D90003E466078000735D5D4F8A8004FEA306099
:101DA000052813D8DFE800F004180C1E1E1E00BF23
:101DB000D8F8000040F40030C8F8000012E000BF7E
:101DC00004F12800002103F0D7FF0AE001250127D4
:101DD000E07880071AD434E004F10800002103F011
:101DE00037FF05462F461DB1E07880070ED428E066
:101DF000D8F82C00D4F8A81020F0E06000250843A3
:101E0000C8F82C003746E07880071AD5E06C4FEA16
:101E10003010032838D8DFE800F009032D0900BF8F
:101E2000D8F8000040F40030C8F800002E464DB944
:101E3000D8F82000E16C20F0300000250843C8F8F5
:101E400020003E466078C00639D5E06D4FEA30305C
:101E5000042847D8DFE800F004221C0A0A0000BF6B
:101E6000D8F8000040F40030C8F800002F463DBB11
:101E70001CE000BF04F10800022103F0E9FE054662
:101E8000002D2E46DED1D3E701250126DAE700BF7B
:101E900004F12800002103F06FFF04E004F10800C2
:101EA000002103F0D5FE05462F464DB9D8F8240091
:101EB000E16D20F4E04000250843C8F824003746CF
:101EC0006078800635D5206E4FEA3040052815D859
:101ED000DFE800F0041A0E04040400BF2E46DDB94A
:101EE0001EE000BF0125012760788006EBD420E0CA
:101EF00004F12800012103F03FFF0AE0012501263B
:101F00006078400619D449E004F10800012103F08B
:101F10009FFE05462E461DB1607840060DD43DE07B
:101F2000D8F82400216E20F4E02000250843C8F8EA
:101F300024003E466078400630D5D4F8AC004FEA25
:101F4000307005280ED8DFE800F003130703030301
:101F50002F46ADB918E000BF04F12800012103F0BD
:101F60000BFF0AE001250127607800061AD43CE047
:101F700004F10800012103F06BFE05462F461DB158
:101F8000607800060ED430E0D8F82C00D4F8AC10FD
:101F900020F0E04000250843C8F82C003746607860
:101FA000000622D5E06E58B1B0F1005F0CD0B0F160
:101FB000805F37D1D8F8000040F40030C8F8000046
:101FC0002E469DB908E000BF04F10800012103F08E
:101FD0003FFE05462E464DB9D8F82400E16E20F0AC
:101FE000405000250843C8F824003E46E078C0076A
:101FF0001DD0A06C032855D8DFE800F008024A087D
:10200000D8F8000040F40030C8F80000A9467DB9B7
:10201000D8F82000A16C20F0030000250843C8F880
:10202000200004E001250126E078C007E1D1B14697
:10203000A078400602D44F4618E000BFD8F8D40379
:1020400040F48070C8F8D403FFF7BEFB064600BF1B
:10205000D8F8D403C00507D4FFF7B6FB801B64286B
:10206000F6D90325032701E02F46FDB12078C007EC
:1020700000F06F80A06F4FEAF00005284ED8DFE82F
:1020800000F0035347030303002D2E4654D157E0BD
:1020900004F10800022103F0DBFD0546002DA946EE
:1020A000C6D1B5E701254FF00109C1E7D8F84410C2
:1020B000D4F8B000414011F4407F11D0D8F844105A
:1020C000D8F8442042F48032C8F84420D8F844209C
:1020D00021F4407122F48032C8F84420C8F844103A
:1020E000B0F5807F40F0D082FFF76EFB064641F2EC
:1020F000883A0325032700BFD8F84400800700F181
:10210000C182FFF761FB801B5045F5D9AEE700BFE8
:1021100004F12800012103F02FFE0AE00125012629
:102120002078800719D446E004F10800012103F06B
:102130008FFD05462E461DB1207880070DD43AE06C
:10214000D8F82800A16F20F0380000250843C8F80F
:1021500028003E46207880072DD5606F05280FD8CF
:10216000DFE800F004140804040400BF2F46ADB9F2
:1021700018E000BF04F12800012103F0FDFD0AE092
:10218000012501272078400719D447E004F1080011
:10219000012103F05DFD05462F461DB12078400763
:1021A0000DD43BE0D8F82800616F20F0070000252F
:1021B0000843C8F828003746207840072ED5D4F8C1
:1021C000900005280ED8DFE800F00313070303038F
:1021D0002E46ADB918E000BF04F12800012103F03C
:1021E000CBFD0AE001250126207880061AD44BE0B9
:1021F00004F10800012103F02BFD05462E461DB118
:10220000207880060ED43FE0D8F82C00D4F8901047
:1022100020F0070000250843C8F82C003E4620782F
:10222000800631D5D4F88C004FEA307005280FD8DD
:10223000DFE800F004140804040400BF2F46ADB921
:1022400018E000BF04F12800022103F095FD0AE028
:1022500001250127207840061AD44BE004F108003C
:10226000002103F0F5FC05462F461DB120784006FD
:102270000ED43FE0D8F82800D4F88C1020F0E040CD
:1022800000250843C8F8280037462078400631D595
:10229000D4F898004FEAB02005280FD8DFE800F006
:1022A00004140804040400BF2E46ADB918E000BFB2
:1022B00004F12800022103F05FFD0AE00125012658
:1022C000207800061AD44EE004F10800002103F043
:1022D000BFFC05462E461DB1207800060ED442E014
:1022E000D8F82C00D4F8981020F4E05000250843CA
:1022F000C8F82C003E462078000634D5D4F89C005F
:102300004FEA7030052815D8DFE800F0041A0E04F3
:10231000040400BF2F46E5B12068010727D4C10699
:102320003ED4000355D477E004F12800022103F0E5
:1023300023FD0AE00125012720680107EFD516E0FB
:1023400004F10800002103F083FC0546002D2F4610
:10235000E2D1D8F82C00D4F89C1020F4604000257D
:102360000843C8F82C00374620680107D7D5D4F8B1
:102370008000B0F5805F09D104F12800022103F04C
:10238000FBFC002818BF0127D4F88000D8F82810DB
:1023900021F440510843C8F828002068C106C0D580
:1023A000D4F89400B0F5807F09D104F1280002210F
:1023B00003F0E2FC002818BF0127D4F89400D8F8F5
:1023C0002C1021F440710843C8F82C002068000349
:1023D00022D5D4F8A000B0F5003F11D0B0F5803F71
:1023E00008D0002844D104F10800002103F030FC9B
:1023F00005E000BF04F12800022103F0BDFC054602
:102400002E4655B9D8F82C00D4F8A01020F440304E
:1024100000250843C8F82C003E46A07840072CD57C
:10242000D4F88400B0F5401F0BD0B0F5001F0BD0DE
:10243000B0F5801F2AD1D8F8000040F40030C8F869
:1024400000002F46D5B907E004F12800012103F070
:1024500093FC05462F468DB9D8F82800D4F884108F
:1024600020F4401000250843C8F8280005E000BF0C
:1024700001250126A0784007D2D43746A078C007AE
:1024800009D13E462168880015D532E00125012793
:10249000A078C007F5D0206DB0F5803F10D018BBF4
:1024A000D8F8000040F40030C8F800002E4685B18E
:1024B000216888001DD460688A0326D465E000BFC7
:1024C00004F10800022103F0C3FB0546002D2E464F
:1024D000EED1D8F82000216D20F48030002508438B
:1024E000C8F82000CDE700BF01250126216888003B
:1024F000E1D504F12800022103F03EFC002818BFBA
:102500000126D4E900108A033FD5E26F6FF0010382
:1025100003EB3223022B0BD34FEA322343B1012BBF
:1025200040F0AA80D8F8003043F40033C8F80030F7
:1025300025B3CA022CD48A0234D44A003CD4CA0F30
:1025400049D1090251D4C1075AD1810763D4410747
:102550006CD4010776D4C10600F18080800607D5CF
:1025600004F12800022103F007FC002818BF012510
:10257000002D18BF01252846BDE8F087D8F828307F
:1025800023F440731A43C8F828203546CA02D2D52E
:10259000D8F82420236F22F000421A43C8F82420E0
:1025A0008A02CAD5D8F82420A36E22F080721A437A
:1025B000C8F824204A00C2D558F81C2C22F4004246
:1025C00048F81C2CD4F8B42058F81C3C1A4348F89E
:1025D0001C2CCA0FB5D0D8F82020636D22F04052D1
:1025E0001A43C8F820200902ADD5D8F82810D4F82D
:1025F000882021F440011143C8F82810C107A4D055
:1026000004F10800002103F023FB002818BF054651
:10261000606881079BD504F10800012103F018FBD5
:10262000002818BF05466068410792D504F10800EC
:10263000022103F00DFB002818BF05466068010762
:102640007FF589AF04F12800002103F095FB0028F5
:1026500018BF05466068C1067FF580AF04F1280009
:10266000012103F089FB002818BF05466068800639
:102670003FF576AF7CE700BF0125CA027FF55BAF6F
:1026800086E700BFD4F8B0004FF6CF7358F81C2C83
:10269000C0F2FF0300F4407122F47C5203EA1013ED
:1026A0006FF31F30B1F5407F08BF1A43002548F88B
:1026B0001C2CD8F844100843C8F84400FFF7BBBCF2
:1026C0002DE9F04381B0002800F0208142F200099A
:1026D0000446C5F20029D9F8000000F00F0081423D
:1026E0000DD9D9F8000020F00F000843C9F8000008
:1026F000D9F8000000F00F00884240F00781206800
:1027000044F218464207C5F602060AD52269336824
:1027100003F070039A4204D9336823F070031A431C
:10272000326002070AD56269736803F070039A4247
:1027300004D9736823F070031A437260C2060AD585
:10274000A269736803F4E0639A4204D9736823F4BE
:10275000E0631A43726082060AD5E269B36803F047
:1027600070039A4204D9B36823F070031A43B2602D
:1027700010F002020AD0E368376807F00F07BB4287
:1027800004D9376827F00F073B433360C3073FD0B6
:10279000306820F47062D4E901031A4332600128E2
:1027A00056F8182C0AD0032804D002280AD1920324
:1027B0000BD4ABE0920108D4A8E000BFD20504D44A
:1027C000A4E000BF520740F1A180884656F8081CDB
:1027D00021F00701084346F8080CFEF7F5FF05460F
:1027E00041F2883756F8080C616800F03800B0EB09
:1027F000C10F09D0FEF7E8FF401BB842F2D9032011
:1028000001B0BDE8F08300BF2068414600F002023D
:1028100052B1E268336803F00F039A4204D233687E
:1028200023F00F031A433260D9F8002002F00F02A0
:1028300091420CD2D9F8002022F00F020A43C9F8C5
:102840000020D9F8002002F00F028A425ED1410731
:102850000AD52169326802F07002914204D23268CE
:1028600022F070021143316001070AD56169726874
:1028700002F07002914204D2726822F07002114399
:102880007160C1060AD5A169726802F4E0629142E2
:1028900004D2726822F4E0621143716080060AD5A6
:1028A000E069B16801F07001884204D2B16821F09A
:1028B00070010843B06000F0B7F8316848F60222B2
:1028C000C0F60002C1F30321515C336803F00F032B
:1028D00001F01F01D25C20FA01F102F01F0040F26A
:1028E0002002C2F2004221FA00F0106040F218000B
:1028F00040F21C02C2F20040C2F2004200681160C5
:1029000001B0BDE8F043FEF7ABBF00BF012001B04E
:10291000BDE8F0830000000080B500F085F844F2C7
:10292000184148F60223C5F60201C0F600030A6802
:10293000C2F303229A5C096801F00F0102F01F0242
:10294000595C20FA02F201F01F0040F22001C2F2AD
:10295000004122FA00F0086040F21C01C2F200417E
:102960000A6080BD0000000080B500F05DF844F210
:10297000184C48F60223C5F6020CC0F60003DCF83A
:102980000020C2F303229A5CDCF8001001F00F0172
:1029900002F01F02595CD04040F22002C2F2004215
:1029A00001F01F0120FA01F1116040F21C02C2F295
:1029B00000421060DCF80400C0F30210185C00F064
:1029C0001F0021FA00F080BD80B500F02DF844F220
:1029D000184C48F60223C5F6020CC0F60003DCF8DA
:1029E0000020C2F303229A5CDCF8001001F00F0112
:1029F00002F01F02595CD04040F22002C2F20042B5
:102A000001F01F0120FA01F1116040F21C02C2F234
:102A100000421060DCF80400C0F30220185C00F0F3
:102A20001F0021FA00F080BD44F20041C5F602010A
:102A30000869C0F3C200032816D002280ED000286F
:102A400032D10868800649F20000C0F2D03058BF89
:102A500070470968C1F3C101C840704747F640009C
:102A6000C0F27D10704700BF8B6A886AD1F82CC015
:102A70004A6BC0F30510E8B1C2F3CC0203F00303C4
:102A800000EE102A9FED2A1AB8EE400A20EE010A45
:102A90009FED281ADFE803F0022110210A68920650
:102AA0000ED49FED261A18E040F60010C0F23D004B
:102AB000704700BF002070479FED1F1A0DE000BF58
:102AC0000A6849F20003C0F2D033C2F3C10223FA0C
:102AD00002F201EE102AB8EE411A0A6B9FED183A85
:102AE0006FF35F2202EE102A5FEACC7203FE000A47
:102AF00003EE100A086BB8EE422AC0F34620B8EE87
:102B0000433A013030EE020AB7EE002A81EE031A92
:102B100030EE020A21EE000A01EE100AB8EE411A68
:102B200080EE010ABCEEC00A10EE100A704700BF2A
:102B3000000000390024744A20BCBE4B0024744CB1
:102B4000000000000000000070B3F0B581B0044642
:102B5000007844F20046C007C5F6020626D1207868
:102B600080076AD5306910F03801B06A42D0182960
:102B700008BF5FEA80703DD0E0683168002800F04F
:102B80002D8121F0190108433060FEF71DFE054636
:102B9000306840074AD4FEF717FE401B0228F7D9D9
:102BA000032001B0F0BD00BF01207047306900F084
:102BB0003801B06A102905D018290BD100F00300A4
:102BC000022807D130688003C9D560680028C6D1C3
:102BD000AAE000BF61683068002900F03981B1F5D2
:102BE000A02F00F02D81B1F5803F40F0478140F4E7
:102BF000803049E130684007E06802D5002800F0E5
:102C00009380316821F0190108433060FEF7DCFD44
:102C1000054600BF3068400708D4FEF7D5FD401BCD
:102C200002284FF00300F5D901B0F0BD70682169AA
:102C300020F0FE4040EA016070602078C0061AD59E
:102C4000306900F03801B06A082907D0182940F02F
:102C5000858000F00300012840F080803068C005C6
:102C600002D5E06980285FD1F068216A20F07C50AD
:102C700040EA0160F060207800073FD420788006A9
:102C800056D42078400700F18180656A9DB3306991
:102C900000F03800182840F01981012DB16A306B1E
:102CA00042D001F00302A36A9A423DD1C1F305115B
:102CB000E26A914238D10146226B6FF35F21013AFB
:102CC000914231D1C0F34622616B01398A422BD146
:102CD000C0F30642A16B01398A4225D1C0F30660D8
:102CE000E16B013988421FD1706BA16CC0F3CC003D
:102CF000814240F0A581002001B0F0BD606900284C
:102D0000706F59D040F001007067FEF75DFD054619
:102D1000706F8007B2D4FEF757FD401B0228F7D929
:102D2000032001B0F0BD00BF012001B0F0BD00BF25
:102D3000A0690028306871D040F480503060FEF700
:102D400043FD0546306880049BD4FEF73DFD401BE3
:102D50000228F7D9032001B0F0BD00BFE0690028C8
:102D6000306800F0A18040F080003060FEF72CFD5C
:102D7000054600BF3068C0053FF576AFFEF724FD7D
:102D8000401B02284FF00300F4D94DE7D6F80004A9
:102D900040F48070C6F80004FEF716FD054600BF3B
:102DA000D6F80004C0052BD4FEF70EFD401B6428A6
:102DB000F6D9032001B0F0BD20F001007067FEF7E6
:102DC00003FD0546706F80077FF558AFFEF7FCFCEA
:102DD000401B02284FF00300F4D925E721F0010041
:102DE0003060FEF7F1FC0546306840077FF525AFFF
:102DF000FEF7EAFC401B02284FF00300F4D913E76A
:102E0000A168306F002900F08B80052900F08080D8
:102E1000012940F09D8040F001009FE020F48050A7
:102E20003060FEF7D1FC0546306880047FF529AF9D
:102E3000FEF7CAFC401B02284FF00300F4D9F3E66A
:102E400040F480203060306840F480301CE000BFE7
:102E500020F480303060306820F480203060FEF74D
:102E6000B3FC0546306880037FF579AEFEF7ACFC15
:102E7000401B64284FF00300F4D9D5E620F48030DD
:102E80003060306820F480203060FEF79DFC0546FD
:102E9000306880033FF563AEFEF796FC401B642864
:102EA000F6D9032001B0F0BD20F080003060FEF7BD
:102EB0008BFC05463068C0057FF5DDAEFEF784FC6F
:102EC000401B02284FF00300F4D9ADE6306820F033
:102ED00080703060FEF778FC022D05460CD100BFF3
:102EE000306880014CD5FEF76FFC401B02284FF084
:102EF0000300F5D998E600BF306880017FF5FBAE8E
:102F0000FEF762FC401B02284FF00300F4D98BE669
:102F100040F004003067306F40F001001EE000BF59
:102F200020F001003067306F20F004003067FEF7BA
:102F30004BFC054641F28837306F80077FF5A5AE20
:102F4000FEF742FC401BB8424FF00300F4D96BE699
:102F500020F001003067306F20F004003067FEF78A
:102F600033FC054641F28837306F80073FF58DAE60
:102F7000FEF72AFC401BB8424FF00300F4D953E699
:102F800004F12807B06A40F2F33188438ECF08433A
:102F9000591E40EA02104FF47E426FF35F21B06287
:102FA00002EB47204FF4FE0280B2E36B0844A16BB2
:102FB00002EB01414FF0FE4201F4FE0102EB03621D
:102FC000084402F0FE4108443063F06A4FF6F8719D
:102FD00020F00100F062706BA26C884340EAC200EE
:102FE0007063F06A216C20F00C000843F062F06A14
:102FF000616C20F002000843F062F06A40F4803017
:10300000F062F06A40F40030F062F06A40F4802030
:10301000F062F06A40F00100F062306840F08070C9
:103020003060FEF7D1FB0446306880013FF563AEA7
:10303000FEF7CAFB001B02284FF00300F4D9F3E5AA
:10304000F06A20F00100F062FEF7BEFB0546FEF7D5
:10305000BBFBA842FBD0706B4FF6F871A26C8843A3
:1030600040EAC2007063F06A40F00100F0620020A4
:1030700001B0F0BD00000000411E0020B0EB116F58
:1030800002D00120704700BF4EF21002F023CEF2B2
:10309000000251604EF62351CEF200010B70072161
:1030A0009060116070470000704700000000000051
:1030B00070470000000000007047000000000000A2
:1030C00090F83C20012A4FF0020266D0B0B580F89B
:1030D0003D2040F2004C0268C4F2010C42F48063CF
:1030E00063455368D2F808E002BF23F470034C68CC
:1030F00023434DF6FF740D68C4F2000423F07003FF
:10310000A24243EA0503536014DC40F2FF73C4F2A9
:1031100000039A4222DD40F60003C4F200039A4203
:103120002ED040F60043C4F200039A4228D041F664
:10313000000321E04FF6FF73C4F200039A4213DD4F
:103140000023C4F201039A421AD044F20003C4F2ED
:1031500001039A4214D0624512D016E0B2F1804FBA
:103160000ED040F2004307E04EF20003C4F2000329
:103170009A4205D04EF20043C4F200039A4204D1B1
:103180002EF080038968194391600022012180F8A4
:103190003D1080F83C20BDE8B0401046704700006C
:1031A00060B310B5044690F83D0028B9002084F8BB
:1031B0003C00204600F024F8022084F83D002068FE
:1031C000211D02F049FF012084F8480084F83E00E8
:1031D00084F83F0084F8400084F8410084F84200FD
:1031E00084F8430084F8440084F8450084F84600DD
:1031F00084F8470084F83D00002010BD012070478E
:1032000080B582B041F200010068C4F2000188423A
:1032100012D0B0F1804F0CD144F2E840C5F6020064
:10322000016841F001010160006800F001000190B7
:10323000019802B080BD00BF44F2E8400022C5F60C
:103240000200016841F0100101600068012100F0F6
:103250001000009000983620FEF74EFB362002B09A
:10326000BDE88040FEF734BB90F83D10012927D11E
:10327000022180F83D1001684DF6FF70C4F2000095
:103280008142C86840F00100C8601BDC40F2FF705A
:10329000C4F2000081422DDD40F60000C4F20000BF
:1032A00081423DD040F60040C4F20000814237D058
:1032B00041F60000C4F20000814231D03CE000BF82
:1032C000012070474FF6FF70C4F2000081421BDD01
:1032D0000020C4F20100814222D044F20000C4F276
:1032E000010081421CD040F20040C4F20100814242
:1032F00016D021E0B1F1804F12D040F20040C4F26C
:10330000000081420CD017E04EF20000C4F2000031
:10331000814205D04EF20040C4F2000081420BD140
:1033200007228868C0F2010202400020062A18BF66
:10333000B2F5803F00D17047086840F00100086096
:10334000002070470000000090F83C20012A4FF058
:10335000020200F0AA8080B580F83D208822D0F8D3
:1033600000C0CFF6CE72DCF808301A40CCF8082046
:103370000B686F2B0EDDB3F1101F37DAB3F5005F6A
:103380006EDA702B00F0B680B3F5805F00F08480B9
:10339000D8E000BF2F2B33DD4F2B39DC302B6FD023
:1033A000402B40F0CF80D1F804E0C968DCF8203031
:1033B000DCF8202022F00102CCF82020DCF81820D4
:1033C00022F0F00242EA011123F00A02CCF81810B0
:1033D00042EA0E01CCF820104FF68872DCF8081093
:1033E000CFF6CF721140473154E000BF2F21C0F219
:1033F00010018B423ADCB3F1101F41D020213BE099
:10340000002B18BF102B3BD0202B39D09AE000BFE7
:10341000502B4DD0602B40F09580D1F804E0C96866
:10342000DCF82030DCF8202022F01002CCF820203C
:10343000DCF8182022F4704242EA013123F0A002A5
:10344000CCF8181042EA0E11CCF820104FF6887212
:10345000DCF80810CFF6CF72114067311AE000BFD8
:103460005CD0B3F5801F0BD06CE000BF3021C0F200
:1034700010018B4204D04021C0F210018B4261D177
:103480004FF68872DCF80810CFF6CF72114019435E
:1034900041F00701CCF808100022012180F83D100E
:1034A000002180F83C10BDE880401046704700BF06
:1034B000D1F804E0C968DCF82030DCF8202022F0E4
:1034C0000102CCF82020DCF8182022F0F00242EAB9
:1034D000011123F00A02CCF8181042EA0E01CCF8D0
:1034E00020104FF68872DCF80810CFF6CF7211402A
:1034F0005731CFE701F1040E9EE80C40DCF80810CC
:103500001A4321F47F4142EA0E221143CCF80810FD
:10351000DCF8081041F07701BCE700BF01F1040EB0
:103520009EE80C40DCF808101A4321F47F4142EA7F
:103530000E221143CCF80810DCF8081041F4804149
:10354000A8E700BF0122A8E77047000000000000C4
:10355000F0B581B004460068C5680669B10717D5A3
:1035600015F0020114D06FF00201016101212177F1
:103570008069800704D02046FFF7E6FF06E000BF21
:10358000204600F0CDF8204600F05EFB00202077BA
:10359000700719D515F0040016D020686FF00401EB
:1035A000016102212177806910F4407F04D0204618
:1035B000FFF7CAFF06E000BF204600F0B1F8204642
:1035C00000F042FB00202077300717D515F00800E7
:1035D00014D020686FF00801016104212177C069CF
:1035E000800703D02046FFF7AFFF05E0204600F03C
:1035F00097F8204600F028FB00202077F00619D528
:1036000015F0100016D020686FF01001016108213C
:103610002177C06910F4407F04D02046FFF794FF63
:1036200006E000BF204600F07BF8204600F00CFBCF
:1036300000202077F00718BF15F0010006D02068A1
:103640006FF001010161204600F0BAFB05F0800730
:1036500016F4025F18BF002F02D1F00509D410E064
:1036600020686FF4025101612046FFF721FDF0054B
:1036700007D537B120686FF4807101612046FFF7EC
:1036800013FD700609D515F0400006D020686FF0D4
:1036900040010161204600F0E7FBB0060CD515F0B3
:1036A000200009D020686FF020010161204601B0A0
:1036B000BDE8F040FFF700BD01B0F0BD0000000024
:1036C00080B586B000680021B0F1804F0591CDE94A
:1036D00003110291019101D006B080BD44F2E04097
:1036E000C5F60200026842F002020260006800F0C3
:1036F0000200009000984FF4406001900220CDE954
:1037000002010120059040F200400491C5F602003C
:1037100001A9FDF775FF06B080BD000000000000A4
:10372000704700000000000090F83C30012B01D1F0
:10373000022070474FEAB202052A00F223812DE9E8
:10374000F041DFE812F00700BB00570095003100A0
:10375000F90000BF036843F6FF76C4F201061C6A55
:10376000B3421A6A24F0020422F001021A621A46D5
:10377000D3F804C052F818EF8D6844EA0504D1F874
:10378000008040F3818144F20007C4F20107BB428C
:1037900000F0858144F60007C4F20107BB4200F047
:1037A0007E8144F2004776E1036843F6FF77C4F276
:1037B0000107D3F820C0BB421A6A22F480321A6291
:1037C0001A465C6852F8546F0D68D1F808E040F36F
:1037D000DF8044F20007C4F20107BB4200F0E3803F
:1037E00044F60007C4F20107BB4200F0DC8044F25B
:1037F0000047D4E0036840F2004E43F48067C4F20F
:10380000010E1C6A77451A6A24F4007422F480724F
:103810001A621A465D6852F81CCF8E6844EA062484
:1038200007D1CE6840F2FF47360224F44064BE431D
:10383000344343F6FF76D1F80080C4F20106B34268
:1038400040F3D28044F20007C4F20107BB4200F00B
:10385000D28044F60007C4F20107BB4200F0CB80DF
:1038600044F20047C4F20107BB4200F0C480C9E043
:10387000036843F6FF77C4F20107D3F820C0BB42C8
:103880001A6A22F480521A621A465C6852F81C6F57
:103890000D68D1F808E040F3CD8044F20007C4F28F
:1038A0000107BB4200F0D18044F60007C4F20107D3
:1038B000BB4200F0CA8044F20047C2E0036840F215
:1038C000004E43F48067C4F2010E1C6A77451A6A01
:1038D00024F0200422F010021A621A465D6852F8A1
:1038E00018CF8E6844EA061407D1CE686FF04007FF
:1038F00024F0C00407EA0616344343F6FF76D1F8F5
:103900000080C4F20106B34240F3E08044F20007B5
:10391000C4F20107BB4200F0E08044F60007C4F2A5
:103920000107BB4200F0D98044F20047C4F201070E
:10393000BB4200F0D280D7E0036843F6FF77C4F2C1
:103940000107D3F820C0BB421A6A22F480121A621F
:103950001A465C6852F8546F0D68D1F808E040F3DD
:10396000058144F20007C4F20107BB4200F009815F
:1039700044F60007C4F20107BB4200F0028144F2A2
:103980000047FAE00121002280F83C2008467047F9
:103990000027C4F20107BB4205D040F20047C4F241
:1039A0000107BB4204D14F6924F4803444EA072460
:1039B0004FF68C775C60CFF6FE7703373E402CF4F1
:1039C000003746EA05045C654E6809699E6547EA6A
:1039D0000E471F625F6D47F008075F655F6D27F058
:1039E00004075F65EEE000BF0027C4F20107BB4299
:1039F00001D0734506D1D1E90576374325F4405609
:103A000046EA07154FF68C775D60CFF6FE7707EA3A
:103A10000C0747EA0807DF614F680969DF631C622A
:103A2000DF6947F00807DF61DF6927F00407DF611E
:103A3000C8E000BF0027C4F20107BB4205D040F236
:103A40000047C4F20107BB4204D14F6924F480440B
:103A500044EA871448F6FF475C60CFF6FF673E40B4
:103A60002CF4005746EA0524DC614E6809691E649F
:103A700047EA0E371F62DF6947F40067DF61DF69DD
:103A800027F48067DF619CE00027C4F20107BB4296
:103A900005D040F20047C4F20107BB4205D1CF6810
:103AA00024F00C0427F004073C43B34234DD44F215
:103AB0000006C4F20106B34239D044F60006C4F24F
:103AC0000106B34233D044F200462CE00027C4F292
:103AD0000107BB4201D0734506D1D1E905763743D2
:103AE00025F4406646EA870548F6FF475D60CFF655
:103AF000FF6707EA0C0747EA08279F614F680969D3
:103B00009F631C629F6947F400679F619F6927F468
:103B100080679F6155E000BF0026C4F20106B342F2
:103B200005D040F20046C4F20106B34206D12CF49F
:103B30004077D1E90565374347EA050C4FF68C75A8
:103B4000C3F804C0CFF6FE750EEA050747EA08077A
:103B50009F614F6809695F631C629F6947F00807AE
:103B60009F619F6927F004079F612BE00027C4F243
:103B70000107BB4205D040F20047C4F20107BB4237
:103B800004D14F6924F4802444EA872448F6FF478F
:103B90005C60CFF6FF6707F540773E402CF40017D6
:103BA00046EA05245C654E680969DE6547EA0E57FA
:103BB0001F625F6D47F400675F655F6D27F4806784
:103BC0005F6509021368194311600021BDE8F041E7
:103BD000002280F83C2008467047000000000000EA
:103BE00060B310B5044690F83D0028B9002084F871
:103BF0003C00204600F024F8022084F83D002068B4
:103C0000211D02F029FA012084F8480084F83E00C2
:103C100084F83F0084F8400084F8410084F84200B2
:103C200084F8430084F8440084F8450084F8460092
:103C300084F8470084F83D00002010BD0120704743
:103C40007047000000000000704700000000000006
:103C500080B5C9B10B1F4FF03F0C4FEAB30E4322A2
:103C6000BEF1040F38BF0CEBB302825C012A13D102
:103C7000BEF1030F1ED8DFE80EF00319111500BFC7
:103C8000022280F83F2018E090F83E20012A03D15C
:103C9000022280F83E2010E0012080BD022280F840
:103CA00041200AE0022280F8422006E0022280F849
:103CB000402002E0022280F84320026801F01F0049
:103CC000012101FA00F0116A814311624EF2FF31C5
:103CD000C4F200018A42116A40EA0100106215DC58
:103CE00040F6FF30C4F20000824227DCB2F1804F80
:103CF0004ED040F20040C4F20000824248D040F66C
:103D00000000C4F20000824242D053E043F6FF704C
:103D10000021C4F20100C4F20101824244F2000019
:103D2000C4F201001EDC4EF20043C4F200039A42CA
:103D30002ED08A4224D040F200431DE040F60040DD
:103D4000C4F20000824223D041F60000C4F2000019
:103D500082421DD04EF20000C4F20000824217D011
:103D600028E000BF82420BD044F60003C4F20103F6
:103D70009A4205D044F20043C4F201039A4219D199
:103D8000536C8A4243F40041516418BF82420BD104
:103D900007219068C0F2010101400020062918BFE8
:103DA000B1F5803F06D180BD40F20040C4F2010071
:103DB0008242EDD0106840F001001060002080BD0C
:103DC00041F200010068C4F20001884218BF704748
:103DD00010B504F055FD40F2401240F2E731C2F256
:103DE000004240F2BC54C2F200441068884207D03E
:103DF00052688A4204D00121C4E9000205E000BFF4
:103E0000D4E90002511A18BF012140F2E732904272
:103E100018BF002908D140F200700021C2F2004012
:103E20004163BDE81040704700EE100A40F2C060E8
:103E3000C2F20040F8EEC00A9FED090A04F078F8DB
:103E400094ED010A40F20070F8EEC00AC2F20040A0
:103E50009FED040A04F06CF8BDE81040704700BF05
:103E60000000A04300007043704700000000000005
:103E700090F88410012901D1022070472421C0F854
:103E8000881001680A680B6822F0005223F00103D1
:103E90000B60002343660A602021C0F8881080F878
:103EA00084300020704700007047000000000000D0
:103EB000704700000000000090F88420012A01D122
:103EC0000220704770B52422C0F888200268D0F81C
:103ED00064E0BEF1000FD2F800C0136823F00103C4
:103EE0001360936823F0606341EA0301916019D085
:103EF000916849F2542E9368C0F6000E5B0F49F2A8
:103F00005C25C1F34266C0F600051EF80340E95C7B
:103F10002301B3FBF1F11EF80630AE5D1B01B3FBCC
:103F2000F6F301E001210123A0F86A102021A0F896
:103F30006830C2F800C0C0F88810002180F88410F2
:103F4000002070BD0000000090F88420012A01D1FB
:103F50000220704770B52422C0F888200268D0F88B
:103F600064E0BEF1000FD2F800C0136823F0010333
:103F70001360936823F0604341EA0301916019D014
:103F8000916849F2542E9368C0F6000E5B0F49F217
:103F90005C25C1F34266C0F600051EF80340E95CEB
:103FA0002301B3FBF1F11EF80630AE5D1B01B3FB3C
:103FB000F6F301E001210123A0F86A102021A0F806
:103FC0006830C2F800C0C0F88810002180F8841062
:103FD000002070BD000000007047000000000000DD
:103FE0007047000000000000704700000000000063
:103FF00070B5016840F62F02CB691A40202A0A6882
:104000008E680BD102F0200406F080552D1917D0D0
:10401000416F69B3BDE87040084700BF40F60F0527
:104020002B420DD0012540F22014C1F20005C0F250
:10403000004406EA050C02EA040515EB0C0525D13F
:10404000DD06C46E16D5012C14D112F0100511D066
:1040500010220A628968490666D4B0F85C10B0F88C
:104060005E20B0F85E30002B18BF914240F05C82B9
:1040700070BD00BFDD0215D516F4800512D04FF4D7
:1040800080120A62BDE87040FFF7AABFDD0718BFC3
:1040900012F4807540F01E819D0706F0010E00F1BC
:1040A00025812EE1190606D502F0800106F40006EE
:1040B000891940F0BF82590640F1008112F0400199
:1040C00000F0FC80016851E8001F026821F0400107
:1040D00042E80013F3B1016851E8001F026821F0C3
:1040E000400142E80013002B1FBF016851E8001F88
:1040F000026821F040011CBF42E80013002B09D0E8
:10410000016851E8001F026821F0400142E80013F5
:10411000002BD7D12021C0F8881000218167BDE88D
:10412000704000F0F9BB00BFD0F880100A685268F8
:1041300093B2002B9CD0B0F85C60B34298D2A0F848
:104140005E20C969B1F5807F00F0AC80016851E85C
:10415000001F026821F4807142E80013F3B1016886
:1041600051E8001F026821F4807142E80013002B1F
:104170001FBF016851E8001F026821F480711CBF55
:1041800042E80013002B09D0016851E8001F0268C3
:1041900021F4807142E80013002BD7D1016851E867
:1041A000021F026821F0010142E80213F3B1016825
:1041B00051E8021F026821F0010142E80213002BBE
:1041C0001FBF016851E8021F026821F001011CBFF6
:1041D00042E80213002B09D0016851E8021F02686F
:1041E00021F0010142E80213002BD7D1016851E808
:1041F000021F026821F0400142E80213F3B1016896
:1042000051E8021F026821F0400142E80213002B2E
:104210001FBF016851E8021F026821F040011CBF66
:1042200042E80213002B09D0016851E8021F02681E
:1042300021F0400142E80213002BD7D12021C0F821
:104240008C100021C166016851E8001F026821F04E
:10425000100142E80013F3B1016851E8001F026841
:1042600021F0100142E80013002B1FBF016851E844
:10427000001F026821F010011CBF42E80013002B50
:1042800009D0016851E8001F026821F0100142E8DE
:104290000013002BD7D1D0F8801004460846FCF755
:1042A000BFFD204602210167B0F85C10B0F85E2027
:1042B000891A89B2BDE87040FFF7F6BD190240F1D6
:1042C000C58112F0804100F0C181BDE87040FFF768
:1042D00083BE00BF01250D62D0F8905045F0010566
:1042E000C0F890509D0706F0010E0AD5BEF1000FF0
:1042F00007D002240C62D0F8904044F00404C0F8C7
:1043000090405C070AD5BEF1000F07D004250D626E
:10431000D0F8905045F00205C0F890501D070CD51C
:1043200002F0200555EA0C0507D008250D62D0F8EB
:10433000905045F00805C0F890501D050BD512F0BF
:10434000806508D04FF400650D62D0F8905045F0BC
:104350002005C0F89050D0F89050002D3FF488AE62
:104360009B060BD502F0200206F08053D21805D030
:10437000426F1AB10446904720462168D0F8902039
:10438000896801F0400102F02802891806D104462C
:10439000FFF72AFE0020C4F8900070BD016851E8C4
:1043A000001F026821F4907142E80013F3B1016824
:1043B00051E8001F026821F4907142E80013002BBD
:1043C0001FBF016851E8001F026821F490711CBFF3
:1043D00042E80013002B09D0016851E8001F026871
:1043E00021F4907142E80013002BD7D14FF6FE71F3
:1043F000CEF6FF71026852E8022F03680A4043E8D4
:104400000226DEB1026852E8022F03680A4043E840
:104410000226002E1FBF026852E8022F03680A40DE
:104420001CBF43E80226002E08D0026852E8022F83
:1044300003680A4043E80226002EDBD1C16E012941
:1044400027D1016851E8001F026821F0100142E8FD
:104450000013F3B1016851E8001F026821F0100158
:1044600042E80013002B1FBF016851E8001F0268DB
:1044700021F010011CBF42E80013002B09D0016895
:1044800051E8001F026821F0100142E80013002BE0
:10449000D7D12021C0F88C100021C1660268416785
:1044A0009168490640F1CE80016851E8021F026818
:1044B00021F0400142E80213F3B1016851E8021F04
:1044C000026821F0400142E80213002B1FBF01687F
:1044D00051E8021F026821F040011CBF42E80213AC
:1044E000002B09D0016851E8021F026821F0400149
:1044F00042E80213002BD7D1D0F88010002900F039
:10450000A18046F2414204460846C0F600020A6510
:10451000FCF71AFF00283FF4ABADD4F88000016D22
:10452000BDE87040084700BF891A026852E8002FB2
:10453000036822F4907243E80026F6B1026852E85C
:10454000002F036822F4907243E80026002E1FBF5C
:10455000026852E8002F036822F490721CBF43E8FF
:104560000026002E09D0026852E8002F036822F4CA
:10457000907243E80026002ED7D14FF6FE72CEF699
:10458000FF72036853E8023F0668134046E80235AD
:10459000DDB1036853E8023F0668134046E8023580
:1045A000002D1FBF036853E8023F066813401CBF7D
:1045B00046E80235002D08D0036853E8023F06683C
:1045C000134046E80235002DDBD12022C0F88C20B4
:1045D0000022C2664267026852E8002F036822F098
:1045E000100243E80026F6B1026852E8002F036883
:1045F00022F0100243E80026002E1FBF026852E896
:10460000002F036822F010021CBF43E80026002E92
:1046100009D0026852E8002F036822F0100243E834
:104620000026002ED7D189B202220267BDE8704071
:10463000FFF73ABC816F00293FF41AADBDE8704026
:10464000084700BFBDE87040FFF7CEBCD9017FF539
:104650000FADB2F1FF3FC8BF70BDBDE87040FFF7BE
:1046600027BC00000000000010B5D8B10446D0F807
:10467000880028B9002084F88400204600F028F83B
:104680002420C4F888002068A16A0268002922F06A
:104690000101016002D0204601F0AAFD204602F08F
:1046A00003FC08B1012010BD2068416821F490414D
:1046B0004160816821F02A018160016841F00101B7
:1046C00001602046BDE8104001F002BE000000007D
:1046D000B0B5B6B0044602A80830B0210025319527
:1046E000CDE93455CDE93255FCF756F841F60001D5
:1046F0002068C4F20101884202D036B0B0BD00BFCC
:104700000120029002A80395FDF79AFA08B1FCF780
:104710007FFB44F2E040C5F60200016941F0400130
:104720000161016901F0400101910199016841F0C5
:1047300008010160006831A900F0080001900198AB
:104740004FF440403190022032900020CDE93300F8
:104750000B20359040F60040C5F60200FCF750FFF4
:104760009B2000210022FDF7C7F89B20FDF7B0F841
:1047700036B0B0BD00000000D0F88C30202B07D13F
:104780000123002918BF002A06D11846704700BF30
:1047900002231846704700BF80B50023C36640F669
:1047A0000043D0F800C0C5F600039C4503D0DCF8F8
:1047B00004301B0204D402F0D3FD002080BD00BFF2
:1047C000036853E800CFD0F800E04CF080634EE877
:1047D000003CBCF1000FEED0036853E800CFD0F8E6
:1047E00000E04CF080634EE8003CBCF1000F1FBFBE
:1047F000036853E800CFD0F800E04CF080631CBFA2
:104800004EE8003CBCF1000FD5D0036853E800CF60
:10481000D0F800E04CF080634EE8003CBCF1000FA3
:10482000CED1C8E70000000040F21061C2F20041A2
:10483000884218BF704770B540F21015C2F20045AB
:10484000287840280ED10120A8700020E880287820
:10485000E9884A1CEA8040F6CC12C2F20042505469
:104860004AE000BFA878012846D12978EA88501C80
:10487000E88040F6CC10C2F200408154E988022959
:1048800034D3E988014411F8021C0D292ED1E9889E
:10489000084410F8010C0A2828D10026AE70687868
:1048A000042822D8288940F24071C2F20041EA88E7
:1048B00000EB801001EB400440F6CC11C2F2004145
:1048C0002046FBF724FFE88843F23431A4F8800047
:1048D000C3F2333128890130A0FB011202EB8201BF
:1048E000401A2881687801306870EE80E888802856
:1048F00002D30020A870E88040F2106040F210114E
:10490000C2F20040C2F200410122BDE87040FFF750
:1049100033BF0000000000007047000000000000EE
:10492000FEE7000000000000FEE7000000000000BD
:10493000FEE700000000000080B540F2B8104FF420
:104940008061C2F20040FBF727FF80BD000000003D
:10495000F0B581B00146CA68D2B11269C2B18A42CB
:104960000D4618D0D168A9B1096999B1914215468F
:1049700011D0CA6862B1126952B18A420D460AD09A
:10498000D16839B1096929B191421546E3D102E0F4
:104990000D4600E0154600214FF0FF342A4600BFC7
:1049A0008242526908BF0C469AB101318242526973
:1049B00008BF0C466AB101318242526908BF0C46F9
:1049C0003AB18242526908BF4C1C002A01F102012F
:1049D000E6D104F1FD000027032CC8BFC7B2002FA9
:1049E00018BF002D50D1002D4CD0A74207D1002078
:1049F0000021402210230026009600F061F82A686A
:104A000002200221082300F01FFF6D69D5B3781C36
:104A1000A04207D10020102140221023002600963A
:104A200000F04EF82A6802201221082300F00CFF43
:104A30006D693DB3B81CA04207D10020202140225F
:104A400010230026009600F03BF82A68022022215D
:104A5000082300F0F9FE6D69A5B1F81CA04207D14A
:104A600000203021402210230027009700F028F872
:104A70002A6802203221082301B0BDE8F04000F08E
:104A8000E3BE00BF01B0F0BD042000BFC11E6D69D0
:104A9000B942A8D2002DA6D0811E6D69B942A2D21A
:104AA000002DA0D0411E6D69B9429CD2002D9AD034
:104AB000B8426D6997D2002D00F10400E6D192E76B
:104AC0002DE9F043079F02EB000C002F3ED0002A97
:104AD00000F07E80002B6FD040F2B8195A184FF6C4
:104AE000F87E4FF00108C2F2004903E0013003B242
:104AF0009C456DDD85B20E46802D15D20E4603E035
:104B0000013633B29A42F1DDB7B23F2FF8D806EA48
:104B10000E0706F0070308FA03F309EB07177C5D9D
:104B200023437B55ECE700BF731C1BB29A42DDDDCB
:104B3000B31C1BB29A42C2BFF31C1BB29A42D5DD12
:104B4000043633B29A42EFDCD0E700BF002A00F00F
:104B50007C80CA180124013A402995B202F007026C
:104B600004FA02FE4FEAD50234D28EB201F00707F2
:104B700004FA07F8402D4FEAD60541D240F2B817A3
:104B8000C2F2004707EBC51607EBC215024603E069
:104B9000013214B2A44558DD97B27F2FF8D8F45DE6
:104BA00044EA0804F455EC5D44EA0E04EC55EFE7E2
:104BB000043001B28C450BDD411C09B28C4507DD88
:104BC000811C09B28C45C2BFC11C09B28C45EFDC07
:104BD000BDE8F083402D27D240F2B814C2F2004461
:104BE00004EBC212044603E0013425B2AC452CDDCF
:104BF000A5B27F2DF8D8565D46EA0E065655F3E766
:104C000040F2B8120646C2F2004202EBC51203E0BF
:104C1000013637B2BC4518DDB7B27F2FF8D8D55D65
:104C200045EA0805D555F3E70246571C3FB2BC4597
:104C30000BDD971C3FB2BC45C2BFD71C3FB2BC4581
:104C400003DD043217B2BC45EFDC002B08BFBDE822
:104C5000F0835A18ACF101039BB240F2B8184FF63A
:104C6000F87C4FF0010EC2F2004803E001310CB2B3
:104C7000A242ADDD8DB27F2898BF3F2D04D97F2B96
:104C800098BF3F2DF2D80EE001EA0C0601F00707AD
:104C90000EFA07F708EB0616345C3C4334547F2BBE
:104CA00098BF3F2DE2D801EA0C0401F007050EFA87
:104CB00005F508EB0414E65C3543E554D6E700003F
:104CC000B0B540F600040546C5F60204C20920212D
:104CD0002046FCF771FD0120FCF77EF8102101222F
:104CE0002046FCF769FD0120FCF776F81021002230
:104CF0002046FCF761FD0120FCF76EF8C5F3801239
:104D000020212046FCF758FD0120FCF765F8102112
:104D100001222046FCF750FD0120FCF75DF8102130
:104D200000222046FCF748FD0120FCF755F8C5F3AA
:104D3000401220212046FCF73FFD0120FCF74CF8F3
:104D4000102101222046FCF737FD0120FCF744F832
:104D5000102100222046FCF72FFD0120FCF73CF833
:104D6000C5F3001220212046FCF726FD0120FCF7A8
:104D700033F8102101222046FCF71EFD0120FCF72C
:104D80002BF8102100222046FCF716FD0120FCF72D
:104D900023F8C5F3C00220212046FCF70DFD0120B9
:104DA000FCF71AF8102101222046FCF705FD01202E
:104DB000FCF712F8102100222046FCF7FDFC012030
:104DC000FCF70AF8C5F3800220212046FCF7F4FC2A
:104DD0000120FCF701F8102101222046FCF7ECFC31
:104DE0000120FBF7F9FF102100222046FCF7E4FC2C
:104DF0000120FBF7F1FFC5F3400220212046FCF71C
:104E0000DBFC0120FBF7E8FF102101222046FCF724
:104E1000D3FC0120FBF7E0FF102100222046FCF725
:104E2000CBFC0120FBF7D8FF05F001022021204632
:104E3000FCF7C2FC0120FBF7CFFF10210122204626
:104E4000FCF7BAFC0120FBF7C7FF10210022204627
:104E5000FCF7B2FC0120FBF7BFFF10210122204626
:104E6000FCF7AAFC0120FBF7B7FF10210022204627
:104E7000FCF7A2FC0120BDE8B040FBF7ADBF00008D
:104E800010B540F600041021C5F6020401222046A8
:104E9000FCF792FC0120FBF79FFF20210122204616
:104EA000FCF78AFC0120FBF797FFAE2000F098FD8D
:104EB000D52000F095FD802000F092FDA82000F0A4
:104EC0008FFD3F2000F08CFDD32000F089FD0020F5
:104ED00000F086FD402000F083FDA12000F080FD61
:104EE000C82000F07DFDDA2000F07AFD122000F0ED
:104EF00077FD812000F074FDCF2000F071FDD920F6
:104F000000F06EFDF12000F06BFDDB2000F068FD8D
:104F1000302000F065FDA42000F062FDA62000F026
:104F20005FFD8D2000F05CFD142000F059FDAF20E6
:104F300000F056FD40F2B8104FF48061C2F200401C
:104F4000FBF72AFCBDE8104000F0D2BC00000000D6
:104F50002DE9F0472DED028B82B0B0EE408BB5EE1F
:104F6000400BF1EE10FA9A469046894607460C9D92
:104F70000CDA062D16D0082D20D148F64C40082218
:104F8000C0F600001023D03013E000BF062D19D06A
:104F9000082D23D148F64C400822C0F6000010230B
:104FA000B03016E048F612200622C0F600000823B2
:104FB0004E3000903846494600F086F8B1EE488BF6
:104FC0000CE000BF48F612200622C0F600000823BD
:104FD000423000903846494600F076F8B6EEC80BED
:104FE000BAF1000FBCEEC81B38EE400B11EE100AF0
:104FF00008D0BAF1040F0AF0030205D20A239AB9C5
:105000001EE000BF01241BE00AF0FC03012442F271
:10501000107600BF21467443043BFBD148F2A063E5
:10502000C0F201034B435AB1012A01D11C4607E0EB
:105030006421022A03FB01F403EB830108BF4C0047
:1050400001EE104A43460095B8EE411B20EE010BDD
:10505000BCFE400B10EE106AB6FBF4F10A1878198A
:1050600000B2494600F024FB08F10100062D10FBB8
:10507000057000B20AD0082D13D148F64C41082221
:10508000C0F600011023E03107E000BF48F612210E
:105090000622C0F60001082354310091494600F071
:1050A00013F808F10200494610FB057032465346DA
:1050B000009500B200F0FCFA02B0BDEC028BBDE836
:1050C000F0870000000000002DE9F04F8BB0002BAE
:1050D0000292099079D0029803EB0108002863D06E
:1050E000099A40F2B81E86184FF0010CC2F2004E29
:1050F0000C46894606E000BF09F101090FFA89F460
:10510000A04562DD1FFA89F2402A099A3AD209F0D5
:105110000702E4080CFA02F2099D6FEA020A0EEB9C
:10512000C4172A4604E000BF04352AB29642E3DDE4
:10513000ACB27F2C03D8BC5C04EA0A04BC546C1CDF
:1051400022B29642D8DDA4B27F2C03D8BC5C04EA1C
:105150000A04BC54AC1C22B29642CDDDA4B27F2C12
:1051600003D8BC5C04EA0A04BC54EC1C22B296428C
:10517000C2DDA4B27F2CD7D8BC5C04EA0A04BC54BC
:10518000D2E700BF541C24B2A642B5DD941C24B261
:10519000A642C2BFD41C24B2A642ADDD043214B272
:1051A000A642EFDCA8E700BF0A46571C3FB2B8454D
:1051B0000BDD971C3FB2B845C2BFD71C3FB2B84504
:1051C00003DD043217B2B845EFDC5A1EDDF8089053
:1051D000B9F1000F02EB52724FEAE20700F0508281
:1051E00001EB51723C46D31022F0070208278A1ABD
:1051F00007EA1137DDF824E003EBE1303A441FFA07
:1052000082F80EF10101019140F2B811C2F10802D9
:10521000C2F200411FFA82FA049009F003000790DD
:1052200009F0FC000EF10202009271440391002289
:1052300000210A90059410E000EBC21627FA0AF24A
:1052400033441F78059C3A431A7000BF0899013116
:105250000A98CAB29442C0F22782CBB2089114993C
:1052600019FB031B049B9E1802FB0911082E06F173
:10527000010206916CD2082A80F0B680B9F1040FC1
:1052800080F0FC804FF0000C0799DDF808900029B1
:10529000059CDBD00CEB0E037F2B18D840F2B81B1B
:1052A0000699C2F2004B30460BEBC61711F80C60A2
:1052B000FD5C06FA08F62E43FE540BEBC21711F8FC
:1052C0000C60FD5C26FA0AF62E43FE54064607994A
:1052D0000129BBD001980CEB00037F2B1DD840F2B5
:1052E000B81B0CF10107C2F2004B069930460BEBDC
:1052F000C616CD5D059C16F803E005FA08F545EAEB
:105300000E05F5540BEBC216CF5DDDF824E0F55C1D
:1053100027FA0AF72F43F75406460799022995D032
:1053200000980CEB00037F2B90D840F2B8100CF1E2
:105330000207C2F20040069900EBC616CD5D16F8D2
:1053400003C005FA08F545EA0C05F554CF5D73E78F
:10535000072A3FF67BAFB9F1040F80F005810025E5
:1053600007990029059C3FF471AF05EB0E037F2BD5
:105370000FD840F2B810059CC2F2004000EBC217F3
:105380000698465D17F803C026FA0AF646EA0C06A8
:10539000FE54079901293FF459AF01982B187F2B30
:1053A00010D840F2B8106F1CC2F20040059C00EB10
:1053B000C2160698C75D16F803C027FA0AF747EA2F
:1053C0000C07F754079902293FF440AF00982B18B7
:1053D0007F2B3FF63BAFAF1C0698C75D40F2B8107D
:1053E000C2F2004028E700BFB9F1040F80F00A8143
:1053F000B446002507990029059C3FF427AF05EB2B
:105400000E027F2A0DD840F2B810059CC2F200406F
:1054100000EBCC130698475D9E5C07FA08F737430C
:105420009F54079901293FF411AF01982A187F2A48
:105430000ED840F2B8106B1CC2F20040059C00EB85
:10544000CC170698C35CBE5C03FA08F33343BB5425
:10545000079902293FF4FAAE00982B187F2B3FF6EC
:10546000F5AEAA1C0698825C40F2B810C2F2004069
:1054700000EBCC1702FA08F23B44E2E603984FF047
:10548000000C00EBC61507E00CF1040C0A9860450F
:10549000DDF824E03FF4F8AEE64405EB0C03BEF182
:1054A0007F0F0FD90EF101010BEB0C097F2921D9D8
:1054B0000EF102017F2931D90EF103017F29E3D8D2
:1054C00040E000BF1BF80C1015F80C4001FA08F181
:1054D000214305F80C101BF80C1093F8804021FABA
:1054E0000AF1214383F880100EF101010BEB0C0946
:1054F0007F29DDD899F801105C7801FA08F1214381
:10550000597099F8011093F8814021FA0AF121436A
:1055100083F881100EF102017F29CDD899F802108D
:105520009C7801FA08F12143997099F8021093F8D8
:10553000824021FA0AF1214383F882100EF103011F
:105540007F29A1D899F80310DF7801FA08F13943CF
:10555000D97099F8031093F8837021FA0AF139434E
:1055600083F8831090E700BF0398002500EBC61373
:105570000A9803E00435A8423FF4F2AE0EEB0507AB
:105580007F2F09D9791C7F2913D9B91C7F291ED9EE
:10559000F91C7F29EED828E059191BF8056091F80D
:1055A000804026FA0AF6264381F88060791C7F291C
:1055B000EBD80BEB05015E19497896F8814021FA8A
:1055C0000AF1214386F88110B91C7F29E0D80BEB42
:1055D00005015E19897896F8824021FA0AF1214383
:1055E00086F88210F91C7F29C4D80BEB05015F19DE
:1055F000C97897F8836021FA0AF1314387F883105C
:10560000B8E700BF0399B446002501EBC61303E0D9
:105610000435A8423FF4EEAE0EEB05027F2A06D811
:105620001BF805705E5D07FA08F737435F55571C96
:105630000BEB05067F2F03EB050707D9911C7F298C
:105640000DD9D11C7F29E3D812E000BF71787C7896
:1056500001FA08F121437970911C7F29F1D8B178C2
:10566000BC7801FA08F12143B970D11C7F29CFD849
:10567000F178FA7801FA08F11143F970C8E700BF30
:10568000002040F00101C9B28F420DDB40F0020161
:10569000C9B28F4222BF40F00301C9B28F4203D387
:1056A0000430C1B28F42ECD20BB0BDE8F08F0000E5
:1056B000002B08BF70472DE9F04F83B007460C98C8
:1056C0001C4693468946082860D0062840F0B680DC
:1056D000C4F1000A651E4FF0000842F21076A01EC9
:1056E000029027E001204CF6CD410823BBFBF0F0EF
:1056F000CCF6CC41A0FB0112D10801EB8101A0EB5B
:1057000041000C9940F0100008FB017100EB4002D1
:1057100008B248F61221C0F6000101EB4201062250
:1057200000914946FFF7D0FC08F10108013DA04572
:1057300000F0848088EA0A000130D3D00298A0EB00
:105740000800032802D2012007E000BF25F0030172
:10575000012000BF70430439FCD16FEA08012144E5
:1057600011F00301BFD0012904D100EB80004000FB
:10577000B9E700BF4FF47A72022900FB02F24FF042
:10578000640108BF00FB01F21046ACE7C4F1000859
:10579000651E002642F2107AA01E029024E000BF8F
:1057A00001204CF6CD411023BBFBF0F0CCF6CC41F0
:1057B000A0FB0112D10848F64C42C0F6000201EBF2
:1057C0008101A0EB41000C9906FB017102EB001274
:1057D00008B202F58071082200914946FFF774FC77
:1057E0000136013DA64229D086EA08000130D7D013
:1057F0000298801B032801D2012007E025F0030155
:10580000012000BF00FB0AF00439FBD1F143214421
:1058100011F00301C5D0012904D100EB8000400044
:10582000BFE700BF4FF47A72022900FB02F24FF08B
:10583000640108BF00FB01F21046B2E703B0BDE807
:10584000F04F7047000000002DE9F04381B014468E
:105850001278002A48D01D46894607460020082BAA
:105860001AD0062D36D148F612280026C0F60008B8
:1058700002EB420100FB05700622082300B208EB90
:105880004101C03900914946FFF71EFC0136F0B2D4
:10589000225C002AECD127E048F64C480026C0F6EE
:1058A000000800BF00FB057008EB0211A1F50071B4
:1058B000082200B2102300914946FFF705FC01368B
:1058C000F0B2225C002AEDD10EE000BF0430C1B27C
:1058D000615C49B154FA80F14A782AB18A78002A89
:1058E0001CBFC9780029F1D101B0BDE8F0830000E8
:1058F00010B5B02000F074F8102000F071F800200E
:1059000000F06EF840F2B8148021C2F20044204644
:1059100000F0B2F8B12000F063F8102000F060F859
:10592000002000F05DF804F18000802100F0A4F870
:10593000B22000F055F8102000F052F8002000F0DE
:105940004FF804F58070802100F096F8B32000F045
:1059500047F8102000F044F8002000F041F804F56A
:10596000C070802100F088F8B42000F039F81020D1
:1059700000F036F8002000F033F804F500708021C4
:1059800000F07AF8B52000F02BF8102000F028F88D
:10599000002000F025F804F52070802100F06CF85C
:1059A000B62000F01DF8102000F01AF8002000F0DA
:1059B00017F804F54070802100F05EF8B72000F081
:1059C0000FF8102000F00CF8002000F009F804F5A2
:1059D00060708021BDE8104000F04EB8000000006B
:1059E000B0B540F600040546C5F6020420210122A8
:1059F0002046FBF7E1FE0120FBF7EEF91021012222
:105A00002046FBF7D9FE0120FBF7E6F92021002212
:105A10002046FBF7D1FE0120FBF7DEF91021002222
:105A20002046FBF7C9FE0120FBF7D6F97820FFF7E7
:105A300047F90020FFF744F92846FFF741F92021F4
:105A400000222046FBF7B8FE0120FBF7C5F9102124
:105A500001222046FBF7B0FE0120FBF7BDF9202113
:105A600001222046FBF7A8FE0120BDE8B040FBF76D
:105A7000B3B900000000000070B540F600040D4608
:105A8000C5F602040646202101222046FBF794FEBB
:105A90000120FBF7A1F9102101222046FBF78CFE23
:105AA0000120FBF799F9202100222046FBF784FE14
:105AB0000120FBF791F9102100222046FBF77CFE24
:105AC0000120FBF789F97820FFF7FAF84020FFF76B
:105AD000F7F83DB1013E00BF16F8010FFFF7F0F8EF
:105AE000013DF9D1202100222046FBF765FE01206F
:105AF000FBF772F9102101222046FBF75DFE012021
:105B0000FBF76AF9202101222046FBF755FE012010
:105B1000BDE87040FBF760B9B0B504460078402896
:105B200064D141A105222046FAF7A6FDF0B140A1BB
:105B300005222046FAF7A0FD002859D03EA10722F1
:105B40002046FAF799FD00285AD03DA106222046AA
:105B5000FAF792FD002849D140F23011A01DC2F29F
:105B6000004101F1100201F1140352E040F230153E
:105B700049F2EC31C2F20045601D05F1180205F151
:105B80001C03C0F60001FAF7A9FC02282ED1A01DC3
:105B90002821FAF767FD48B349F2EC3105F12002FC
:105BA00005F12403C0F600010446FAF797FC022829
:105BB0001CD1601C2821FAF755FDB8B149F2EC312F
:105BC00005F1280205F12C03C0F600010446FAF79E
:105BD00085FC02280AD1601C2821FAF743FD28B170
:105BE00005F1300205F1340313E000BF0020B0BD21
:105BF00040F23012601DC2F20042131D09E000BFE6
:105C000040F23011E01DC2F2004101F1080201F141
:105C10000C0349F2EC31C0F60001FAF75FFC0238E0
:105C2000B0FA80F04009B0BD40524F493A00000040
:105C3000405245443A00000040475245454E3A0024
:105C400040424C55453A00007047000000000000FB
:105C5000F0B581B044F22C47C5F6020757F8042C82
:105C600002F00302032A03D1012001B0F0BD00BFFE
:105C7000054657F82C0C0C4620F0806047F82C0C99
:105C8000FBF7A2FD064600BF57F82C0C000105D516
:105C9000FBF79AFD801B0228F6D964E057F8040C44
:105CA000EE6895E80E0020F47C30012C40EA0130CB
:105CB000A2F101016FF35F214FF47E4202EB432218
:105CC00047F8040C92B24FF0FE4302EB01004FF490
:105CD000FE012A6901EB064101F4FE0103EB0262B9
:105CE000084402F0FE410844F8603868696920F011
:105CF000C00040EA010038603868A96920F020003F
:105D000040EA0100386038684FF6F87120F0100062
:105D100038603869EA6920EA01004FF4001140EA6E
:105D2000C2003861386808BF4FF4801140F010009D
:105D3000002C386008BF4FF40021386808433860F1
:105D400057F82C0C40F0806047F82C0CFBF73CFD1A
:105D5000044600BF57F82C0C000107D4FBF734FDB4
:105D6000001B0328F6D3032001B0F0BD002001B0D2
:105D7000F0BD000000000000F0B581B044F22C47F7
:105D8000C5F6020757F8042C02F00302032A03D1D8
:105D9000012001B0F0BD00BF054657F82C0C0C46A1
:105DA00020F0805047F82C0CFBF70EFD064600BF94
:105DB00057F82C0C800005D5FBF706FD801B022848
:105DC000F6D964E057F8040CEE6895E80E0020F070
:105DD0007C70012C40EA0150A2F101016FF35F21B8
:105DE0004FF47E4202EB432247F8040C92B24FF08C
:105DF000FE4302EB01004FF4FE012A6901EB06416C
:105E000001F4FE0103EB0262084402F0FE41084483
:105E100078613868696920F4406040EA01003860C0
:105E20003868A96920F4007040EA010038603868D9
:105E30004FF6F87120F480703860B869EA6920EA9A
:105E400001004FF0807140EAC200B861386808BFB5
:105E50004FF4000140F48070002C386008BF4FF40C
:105E6000800138680843386057F82C0C40F08050A7
:105E700047F82C0CFBF7A8FC044600BF57F82C0C85
:105E8000800007D4FBF7A0FC001B0328F6D30320F7
:105E900001B0F0BD002001B0F0BD00000000000026
:105EA000704700000000000040F21C13C2F20043E3
:105EB000C3E9000148F20000C4F2BB401861C3E925
:105EC0000220704700000000FBF786BC00000000C5
:105ED000B0B59CB044F6180409A84C21C5F60204DC
:105EE000FAF75AFC02200025CDE90755CDE9055502
:105EF000CDE90355CDE90155FBF73EFD009520683E
:105F000040F440402060206800F440400090009839
:105F10002068800409D4206880045CBF20685FEAA0
:105F2000804002D420688004F2D50120099020220C
:105F30004FF48031CDE915200C20199009A80A9161
:105F400002211491CDE91211CDE917110024CDE9F8
:105F50001A44FCF7F9FD28B1EFF3108072B600BFC8
:105F6000FEE700BF3F20019003204FF48061CDE9A0
:105F70000204082004904020CDE90500CDE9071077
:105F800001A80221FCF79CFB20B1EFF3108072B650
:105F9000FEE700BF1CB0B0BD4EF6885042F2000CC8
:105FA000CEF20000C5F2002C026842F470020260DA
:105FB000DCF8000000F00F00062806D8DCF800002E
:105FC000072262F30300CCF8000044F200404EF6D2
:105FD0007F51C5F60200CEF6F621026842F00102BA
:105FE000026000220261036819400160DCF80010C1
:105FF000090706D5DCF80010072363F30301CCF88A
:10600000001040F200218261C261C0F202210262EE
:1060100081620021C0F2FF11C16240F28021C0F212
:106020000111016342638163C263016442640168D8
:1060300021F480210160026644F20000C5F20020D4
:1060400043F2D2010160704740F2C450C2F20040F6
:10605000FDF77EBA0000000040F6FF32C4F20002F5
:106060009042026810DCB0F1804F1ED040F2004335
:10607000C4F20003984218D040F60003C4F20003B3
:10608000984212D015E000BF40F60043C4F200036E
:1060900098420AD040F20043C4F20103984204D06F
:1060A0000023C4F20103984203D122F070024B682E
:1060B0001A434EF2FF3343F6FF7CC4F20003C4F2EE
:1060C000010C984214DD60452CDC4EF20043C4F212
:1060D0000003984243D00023C4F2010398423ED00B
:1060E00040F20043C4F20103984238D03BE000BFC5
:1060F00040F2FF73C4F20003984227DD40F600032C
:10610000C4F2000398422AD040F60043C4F20003D0
:10611000984224D04EF20003C4F2000398421ED0ED
:1061200021E000BF44F20003C4F20103984216D0FC
:1061300044F60003C4F20103984210D044F2004335
:10614000C4F2010398420AD00DE000BFB0F1804FC5
:1061500005D040F20043C4F20003984203D122F478
:106160004072CB681A4310B522F08002D1F800E0EB
:106170004C698B6822430260C3626045C0F828E026
:10618000BDE8104012DD44F20002C4F20102904268
:1061900017D044F60002C4F20102904211D044F23A
:1061A0000042C4F2010290420BD00CE00022C4F283
:1061B0000102904205D040F20042C4F20102904236
:1061C00001D109690163012141610169C90708BF62
:1061D0007047016921F00101016170470000000072
:1061E00040F21060C2F20040FDF702BF0000000064
:1061F000816A0A070CD4CA0715D18A071ED44A0738
:1062000027D4CA0630D48A0639D44A0642D454E088
:106210000268D0F838C0536823F4004343EA0C0303
:106220005360CA07E9D00268D0F82CC0536823F441
:10623000003343EA0C0353608A07E0D50268D0F8C4
:1062400030C0536823F4803343EA0C0353604A0799
:10625000D7D50268D0F834C0536823F4802343EACA
:106260000C035360CA06CED50268D0F83CC09368D0
:1062700023F4805343EA0C0393608A06C5D5026871
:10628000D0F840C0936823F4005343EA0C039360B2
:106290004A0612D50268D0F844C0BCF5801F536886
:1062A00023F4801343EA0C03536006D1536823F4AC
:1062B000C00C836C43EA0C035360090658BF704757
:1062C0000168C06C4A6822F400221043486070479D
:1062D000B0B582B004460020C4F89000FBF774FA11
:1062E000216805460A68120737D54FF400110022CD
:1062F0006FF07E40009020462B4601F06DF958B3B8
:10630000206850E8000F216820F0800041E800027A
:10631000002A1FBF206850E8000F216820F080008D
:106320001CBF41E80002002A12D0206850E8000F8C
:10633000216820F0800041E800024AB1206850E85E
:10634000000F216820F0800041E80002002AD7D128
:106350000320202188226CE02168086840075FD56F
:106360004FF4800100226FF07E40009020462B46C3
:1063700001F032F9002853D0206850E8000F21685E
:1063800020F4907041E80002F2B1206850E8000F5C
:10639000216820F4907041E80002002A1FBF2068A5
:1063A00050E8000F216820F490701CBF41E8000203
:1063B000002A09D0206850E8000F216820F490706E
:1063C00041E80002002AD7D1206850E8020F216876
:1063D00020F0010041E80202002A1FBF206850E8B7
:1063E000020F216820F001001CBF41E80202002AD0
:1063F00012D0206850E8020F216820F0010041E827
:1064000002024AB1206850E8020F216820F0010022
:1064100041E80202002AD7D1032020218C2208E083
:106420002020C4F88800C4F88C00002170220020CD
:10643000E166A150002184F8841002B0B0BD0000D4
:10644000806B0021A0F85E10A0F85610FDF7CCBDBF
:10645000F0B581B040F21017C2F200477C78FCB171
:10646000B98840F24072C2F20042064601EB811147
:1064700002EB4101B1F880502A46FAF748F9A6F834
:10648000805043F23431B888C3F233310130A0FB7D
:10649000011202EB8201401AB880787801387870D6
:1064A000002C18BF0124204601B0F0BD0000000000
:1064B000B0F860200168D0F88C30222B40F0A88022
:1064C000496A836D114023F8021B8365B0F85E10A2
:1064D0000139A0F85E10B0F85E10002918BF7047AF
:1064E000016851E8001F026821F4907142E800132E
:1064F000F3B1016851E8001F026821F4907142E88D
:106500000013002B1FBF016851E8001F026821F42F
:1065100090711CBF42E80013002B09D0016851E8BC
:10652000001F026821F4907142E80013002BD7D1BC
:10653000016851E8021F026821F0010142E80213DC
:10654000F3B1016851E8021F026821F0010142E83D
:106550000213002B1FBF016851E8021F026821F0DF
:1065600001011CBF42E80213002B09D0016851E869
:10657000021F026821F0010142E80213002BD7D16B
:106580002021C0F88C1000214167016740F60042CD
:106590000168C5F60002914202D0496809023DD463
:1065A000C16E012964D10021C166016851E8001F54
:1065B000026821F0100142E80013F3B1016851E8CC
:1065C000001F026821F0100142E80013002B1FBFDA
:1065D000016851E8001F026821F010011CBF42E869
:1065E0000013002B09D0016851E8001F026821F058
:1065F000100142E80013002BD7D10168CA69D20606
:1066000001D510220A62B0F85C10FDF74DBC00BF46
:10661000886940F008008861704700BF016851E850
:10662000001F026821F0806142E80013002BB7D000
:10663000016851E8001F026821F0806142E8001300
:10664000002B1FBF016851E8001F026821F0806124
:106650001CBF42E80013002BA2D0016851E8001FC4
:10666000026821F0806142E80013002BD6D197E741
:10667000FEF7DAB8000000002DE9F04F81B00446C3
:106680000368B0F86050DA6918689968D4F88C70BB
:10669000222F65D1B4F86830002B18BF12F0200209
:1066A00066D1B4F85E0000285ED0B4F86810884265
:1066B0005AD2206850E8020F216820F0805041E84B
:1066C0000202F2B1206850E8020F216820F08050E9
:1066D00041E80202002A1FBF206850E8020F21682B
:1066E00020F080501CBF41E80202002A09D0206837
:1066F00050E8020F216820F0805041E80202002A91
:10670000D7D146F2B140C0F600006067206850E87B
:10671000000F216840F0200041E8000222B3206809
:1067200050E8000F216840F0200041E80002002AF4
:106730001FBF206850E8000F216840F020001CBFF8
:1067400041E80002002A0FD0206850E8000F2168BD
:1067500040F0200041E80002002AD7D104E000BF49
:10676000986940F00800986101B0BDE8F08F00BF63
:106770004FF6FE7640F60049CEF6FF760027C5F6C6
:10678000000900F4807B01F0010A07E02046FEF7D3
:106790004BF800BF5FEA88607FF583AF2068A16D8A
:1067A000426A2A4021F8022BA165B4F85E10013933
:1067B000A4F85E10D0F81C805FEA487135D05FEA1B
:1067C000C87218BFBBF1000F04D15FEA88720CD405
:1067D00016E000BF01220262D4F8902042F00102CC
:1067E000C4F890205FEA88720AD5BAF1000F07D08A
:1067F00002220262D4F8902042F00402C4F89020F1
:1068000000290AD5BAF1000F07D004210162D4F89B
:10681000900040F00200C4F89000D4F8900020B13D
:106820002046FDF7E1FBC4F89070B4F85E00002844
:10683000B0D1206850E8000F216820F4807041E852
:106840000002FAB1206850E8000F216820F480703F
:1068500041E80002002A1FBF206850E8000F2168AD
:1068600020F480701CBF41E80002002A0AD0206892
:1068700050E8000F216820F4807041E80002002AEF
:10688000D7D100BF206850E8020F2168304041E8AE
:106890000202DAB1206850E8020F2168304041E876
:1068A0000202002A1FBF206850E8020F2168304012
:1068B0001CBF41E80202002A08D0206850E8020FFD
:1068C0002168304041E80202002ADBD12020C4F8D0
:1068D0008C00676727672068484502D0406800023F
:1068E00038D4E06E01287FF451AFE766206850E8A5
:1068F000000F216820F0100041E80002F2B120688A
:1069000050E8000F216820F0100041E80002002A42
:106910001FBF206850E8000F216820F010001CBF46
:1069200041E80002002A09D0206850E8000F2168E1
:1069300020F0100041E80002002AD7D12068C16988
:10694000C90601D510210162B4F85C102046FDF79C
:10695000ABFA1FE7206850E8000F216820F0806044
:1069600041E80002002ABCD0206850E8000F2168EE
:1069700020F0806041E80002002A1FBF206850E834
:10698000000F216820F080601CBF41E80002002A4F
:10699000A7D0206850E8000F216820F0806041E80F
:1069A0000002002AD6D19CE7B0F860100268D0F847
:1069B0008C30222B40F0AA80526A836D11401970EE
:1069C000816D01318165B0F85E100139A0F85E106B
:1069D000B0F85E10002918BF7047016851E8001F29
:1069E000026821F4907142E80013FBB1016851E89C
:1069F000001F026821F4907142E80013002B1FBFB2
:106A0000016851E8001F026821F490711CBF42E840
:106A10000013002B0AD0016851E8001F026821F41E
:106A2000907142E80013002BD7D100BF016851E8F4
:106A3000021F026821F0010142E80213F3B101686C
:106A400051E8021F026821F0010142E80213002B05
:106A50001FBF016851E8021F026821F001011CBF3D
:106A600042E80213002B09D0016851E8021F0268B6
:106A700021F0010142E80213002BD7D12021C0F8F8
:106A80008C1000214167016740F600420168C5F69D
:106A90000002914202D0496809023DD4C16E012929
:106AA00064D10021C166016851E8001F026821F02D
:106AB000100142E80013F3B1016851E8001F0268B9
:106AC00021F0100142E80013002B1FBF016851E8BC
:106AD000001F026821F010011CBF42E80013002BC8
:106AE00009D0016851E8001F026821F0100142E856
:106AF0000013002BD7D10168CA69D20601D5102234
:106B00000A62B0F85C10FDF7CFB900BF906940F0A1
:106B100008009061704700BF016851E8001F0268DB
:106B200021F0806142E80013002BB7D0016851E8E2
:106B3000001F026821F0806142E80013002B1FBF94
:106B4000016851E8001F026821F080611CBF42E823
:106B50000013002BA2D0016851E8001F026821F049
:106B6000806142E80013002BD6D197E7FDF75CBEA9
:106B70002DE9F04F81B004460368B0F86050DA693F
:106B800018689968D4F88C70222F65D1B4F86830F1
:106B9000002B18BF12F0200266D1B4F85E00002866
:106BA0005ED0B4F8681088425AD2206850E8020FCC
:106BB000216820F0805041E80202F2B1206850E8DC
:106BC000020F216820F0805041E80202002A1FBF16
:106BD000206850E8020F216820F080501CBF41E877
:106BE0000202002A09D0206850E8020F216820F034
:106BF000805041E80202002AD7D146F6A910C0F61B
:106C000000006067206850E8000F216840F0200015
:106C100041E8000222B3206850E8000F216840F0EC
:106C2000200041E80002002A1FBF206850E8000F42
:106C3000216840F020001CBF41E80002002A0FD06C
:106C4000206850E8000F216840F0200041E8000271
:106C5000002AD7D104E000BF986940F0080098618D
:106C600001B0BDE8F08F00BF4FF6FE7640F6004958
:106C7000CEF6FF760027C5F6000900F4807B01F010
:106C8000010A07E02046FDF7CFFD00BF5FEA8860FC
:106C90007FF583AF2068A16D406A28400870A06D21
:106CA0000130A0652068B4F85E100139A4F85E10C8
:106CB000D0F81C805FEA487135D05FEAC87218BF0F
:106CC000BBF1000F04D15FEA88720CD416E000BF5C
:106CD00001220262D4F8902042F00102C4F8902010
:106CE0005FEA88720AD5BAF1000F07D00222026269
:106CF000D4F8902042F00402C4F8902000290AD56C
:106D0000BAF1000F07D004210162D4F8900040F0DE
:106D10000200C4F89000D4F8900020B12046FDF79E
:106D200063F9C4F89070B4F85E000028AED1206812
:106D300050E8000F216820F4807041E80002FAB1A9
:106D4000206850E8000F216820F4807041E80002BC
:106D5000002A1FBF206850E8000F216820F48070CF
:106D60001CBF41E80002002A0AD0206850E8000F4A
:106D7000216820F4807041E80002002AD7D100BFCA
:106D8000206850E8020F2168304041E80202DAB181
:106D9000206850E8020F2168304041E80202002AD2
:106DA0001FBF206850E8020F216830401CBF41E837
:106DB0000202002A08D0206850E8020F2168304003
:106DC00041E80202002ADBD12020C4F88C0067676A
:106DD00027672068484502D04068000238D4E06E3A
:106DE00001287FF44FAFE766206850E8000F216864
:106DF00020F0100041E80002F2B1206850E8000FD6
:106E0000216820F0100041E80002002A1FBF20681E
:106E100050E8000F216820F010001CBF41E800027C
:106E2000002A09D0206850E8000F216820F01000E7
:106E300041E80002002AD7D12068C169C90601D5FE
:106E400010210162B4F85C102046FDF72DF81DE713
:106E5000206850E8000F216820F0806041E80002BF
:106E6000002ABCD0206850E8000F216820F0806024
:106E700041E80002002A1FBF206850E8000F216887
:106E800020F080601CBF41E80002002AA7D02068E3
:106E900050E8000F216820F0806041E80002002ADD
:106EA000D6D19CE700000000F0B583B0044600682E
:106EB00046F6F31640F6004E22696569D4E90213DE
:106EC0000A43E7690168CCF6FF762A433140114353
:106ED000C5F6000E394301604168704521F4405108
:106EE00044F2544C41EA03014160A2694FF2FF436E
:106EF0001CBF216A0A438168C1F2FF131940C5F61D
:106F0000020C1143816047F6FF32C16AC4F20002ED
:106F100021F00F01656A90424FF0800341EA0501BC
:106F2000C16219DD41F2FF71C4F2010188422DDC1A
:106F300047F60041C4F20001884257D041F20001F7
:106F4000C4F20101884239D041F20041C4F201018A
:106F5000884233D056E000BF44F6FF31C4F200014E
:106F6000884237DD44F60041C4F2000188423DD03A
:106F700045F20001C4F20001884237D047F6000113
:106F8000C4F20001884231D03CE000BF41F600016C
:106F9000C4F20101884211D041F60041C4F201015E
:106FA00088420BD070452DD1DCF8041001F00702A7
:106FB000062A27D20FF2883122E000BFDCF8001049
:106FC000C1F3C202062A1DD248F6FC11C0F6000128
:106FD00016E000BF44F20041C4F20001884205D02F
:106FE00044F60001C4F2000188420BD1DCF8001025
:106FF00001F00702062A05D248F6F611C0F6000194
:107000008B181B78704540F60010C0F23D0000F070
:107010005380B7F5004F40F07B80402B4FF00101CB
:1070200000F28581DFE813F042002E018301830125
:1070300036018301830183014201830183018301BE
:1070400083018301830183010A0183018301830199
:107050008301830183018301830183018301830110
:10706000830183018301830148018301830183013B
:1070700083018301830183018301830183018301F0
:1070800083018301830183018301830183018301E0
:1070900083018301830183018301830183018301D0
:1070A0008301830183018301260100BFFBF75CFCA0
:1070B000002840F0008136E19A1E01211E2A00F2CC
:1070C0007580DFE812F01F003401870034013401BD
:1070D00034018D00340134013401340134013401B0
:1070E00034017900340134013401340134013401B4
:1070F00034013401340134013401340134013401E8
:1071000034019500FAF760FC002840F070800AE135
:10711000402B4FF0010100F20A81DFE813F041003B
:10712000B70008010801C100080108010801E900D1
:1071300008010801080108010801080108019D0073
:1071400008010801080108010801080108010801F7
:107150000801080108010801080108010801EF0001
:1071600008010801080108010801080108010801D7
:1071700008010801080108010801080108010801C7
:1071800008010801080108010801080108010801B7
:107190000801080108010801080108010801AF0001
:1071A000FBF7E2FB002840F0A880BCE0402B40F059
:1071B000BE804FF400401BE05CF8540C800649F29E
:1071C0000000C0F2D03013D55CF8541CC1F3C101EB
:1071D000C8400DE06846FAF70BFC019838B9A2E008
:1071E0006846FAF799FC0198002800F09C80656ACF
:1071F00049F23C216268C0F6000131F81510B0FB7D
:10720000F1F002EB420188424FF00101C0F08F80A3
:107210001303984200F28B80010E0023000210EB52
:10722000520041F10001F9F7E0F84FF60052A0F5E5
:107230004071C0F20F02914273D377E05CF8540CB6
:10724000800649F20000C0F2D03035D55CF8541CFD
:10725000C1F3C101C8402FE05CF8540C800649F22C
:107260000000C0F2D03049D55CF8541CC1F3C10114
:10727000C84043E04FF400401EE000BF4FF4004020
:107280003CE000BFFBF7A0FBA8B94CE0FBF79CFB80
:1072900098BB48E06846FAF7ABFB019858B942E062
:1072A0006846FAF7A5FB019838BB3CE06846FAF758
:1072B00033FC0198B8B3656A49F23C21C0F600017D
:1072C00031F81510B0FBF1F061684A0802EB40009C
:1072D0004FF6EF72B0FBF1F0A0F11001914225D80A
:1072E0004FF6F0710140C0F34200084419E000BFBE
:1072F0006846FAF711FC0198A8B1656A49F23C2189
:107300006268C0F6000131F81510B0FBF1F000EB37
:107310005200B0FBF2F0A0F110014FF6EF72914273
:1073200004D82168C860002101E000BF01214FF0AE
:107330000110A0660020C4E91D00084603B0F0BD9E
:10734000020408102040000040F2106040F21011CA
:10735000C2F20040C2F200410122FDF70DBA000066
:1073600081650023A0F85C20A0F85E208168436757
:1073700071B1B1F1805F07D0B1F5805F0ED10169C5
:1073800051B940F2FF110AE0016919B13F2106E04D
:10739000016909B17F2102E0FF2100E00021A0F88E
:1073A00060100021C0F890102221C0F88C100168F4
:1073B00051E8021FD0F800C041F001014CE802136F
:1073C0000BB3016851E8021FD0F800C041F0010181
:1073D0004CE80213002B1FBF016851E8021FD0F8D0
:1073E00000C041F001011CBF4CE80213002B0AD081
:1073F000016851E8021FD0F800C041F001014CE8DB
:107400000213002BD3D1416EB1F1005F03D1B0F86C
:1074100068108A4240D28168B1F5805F016907D166
:10742000002947D046F6A911C0F60001416706E0E1
:1074300046F6A9120029C0F6000242673FD0016853
:1074400051E8001F026841F4907142E80013002BDC
:1074500000F0BE80016851E8001F026841F490719D
:1074600042E80013002B1FBF016851E8001F0268AB
:1074700041F490711CBF42E80013002B00F0A8807B
:10748000016851E8001F026841F4907142E800135E
:10749000002BD4D19CE000BF8168B1F5805F016909
:1074A00038D1002966D046F67131C0F60001416737
:1074B00036E000BF46F2B141C0F600014167016805
:1074C00051E8001F026841F0200142E80013002B40
:1074D0007ED0016851E8001F026841F0200142E8B7
:1074E0000013002B1FBF016851E8001F026841F024
:1074F00020011CBF42E80013002B69D0016851E84D
:10750000001F026841F0200142E80013002BD6D191
:107510005EE000BF46F67132C0F60002426779B302
:10752000016851E8001F026841F4807142E80013CD
:1075300033B3016851E8001F026841F4807142E8EA
:107540000013002B1FBF016851E8001F026841F4BF
:1075500080711CBF42E80013002B11D0016851E874
:10756000001F026841F4807142E80013002BD7D15C
:1075700006E000BF46F27961C0F60001416700BF36
:10758000016851E8021F026841F0805142E802138D
:10759000F3B1016851E8021F026841F0805142E8EE
:1075A0000213002B1FBF016851E8021F026841F05F
:1075B00080511CBF42E80213002B09D0016851E83A
:1075C000021F026841F0805142E80213002BD7D11C
:1075D00000207047000000002DE9F041804600685F
:1075E0000D46C7693940491BB1FA81F149098A4200
:1075F00025D1069C34B31646611C29D1C1692940A6
:10760000491BB1FA81F149098E4218D1C16929405B
:10761000491BB1FA81F149098E4201BFC169294074
:10762000491BB1FA81F104BF49098E4207D1C169F2
:107630002940491BB1FA81F149098E42DED0002070
:10764000BDE8F081FAF7C0F80320BDE8F08100BF83
:107650001F4607E0C0692840401BB0FA80F040098F
:107660008642ECD1FAF7B0F8C01BA04200F2B68017
:10767000D8F8000001684907ECD5402D18BF802DCF
:10768000E8D0C169090700F1AD80C1690905E1D5FC
:107690004FF400610162D8F8000050E8000FD8F8FC
:1076A000001020F4907041E8000222B3D8F80000E6
:1076B00050E8000FD8F8001020F4907041E8000264
:1076C000002A1FBFD8F8000050E8000FD8F80010BB
:1076D00020F490701CBF41E80002002A0BD0D8F8BB
:1076E000000050E8000FD8F8001020F4907041E836
:1076F0000002002ACFD14FF6FE70CEF6FF70D8F808
:10770000001051E8021FD8F80020014042E802139F
:107710000BB3D8F8001051E8021FD8F80020014040
:1077200042E80213002B1FBFD8F8001051E8021FD7
:10773000D8F8002001401CBF42E80213002B0AD0F9
:10774000D8F8001051E8021FD8F80020014042E8A4
:107750000213002BD3D1D8F86C0001282FD1D8F810
:10776000000050E8000FD8F8001020F0100041E8A9
:10777000000222B3D8F8000050E8000FD8F800103B
:1077800020F0100041E80002002A1FBFD8F80000D6
:1077900050E8000FD8F8001020F010001CBF41E89E
:1077A0000002002A0BD0D8F8000050E8000FD8F8EB
:1077B000001020F0100041E80002002ACFD1202064
:1077C000C8F88C000021C8F86C10C8F87410C8F80C
:1077D0009000032088F88410BDE8F0810320BDE804
:1077E000F08100BF08210162D8F8000050E8000FC6
:1077F000D8F8001020F4907041E8000222B3D8F8C5
:10780000000050E8000FD8F8001020F4907041E814
:107810000002002A1FBFD8F8000050E8000FD8F877
:10782000001020F490701CBF41E80002002A0BD029
:10783000D8F8000050E8000FD8F8001020F490703D
:1078400041E80002002ACFD14FF6FE70CEF6FF705D
:10785000D8F8001051E8021FD8F80020014042E893
:1078600002130BB3D8F8001051E8021FD8F800201B
:10787000014042E80213002B1FBFD8F8001051E866
:10788000021FD8F8002001401CBF42E80213002B61
:107890000AD0D8F8001051E8021FD8F800200140A3
:1078A00042E80213002BD3D1D8F86C0001282FD165
:1078B000D8F8000050E8000FD8F8001020F01000B1
:1078C00041E8000222B3D8F8000050E8000FD8F8D1
:1078D000001020F0100041E80002002A1FBFD8F875
:1078E000000050E8000FD8F8001020F010001CBF76
:1078F00041E80002002A0BD0D8F8000050E8000F41
:10790000D8F8001020F0100041E80002002ACFD182
:107910002020C8F88C000020C8F86C00C8F874005B
:107920000821C8F8901088F884000120BDE8F08193
:10793000FEE70000000000007047000000000000AB
:10794000BFEE002A9FED911AB0EE413AB4EE420A22
:10795000F1EE10FA1BDDB0EE413A9FED8D4AB4EE28
:10796000440AF1EE10FA12DAB4EE420AF1EE10FA1D
:1079700002D1B7EE003A0AE0B4EE420AF1EE10FA94
:1079800005DB34EE403A9FED834A83EE043A80ED06
:10799000003AB0EE413AB4EE420AF1EE10FA25DDBB
:1079A000B0EE413A9FED7C2AB4EE420AF1EE10FAB5
:1079B0001CDA9FED773AB4EE430AF1EE10FA03D1E8
:1079C000B7EE003A12E000BFB4EE430AF1EE10FA4F
:1079D00006DAB7EE002A9FED6F3A30EE022A03E096
:1079E00032EE402A9FED6D3A82EE033AB0EE414A04
:1079F0009FED672AB4EE420A80ED013AF1EE10FAEB
:107A000020DDB0EE414AB5EE400AF1EE10FA19DA87
:107A10009FED613AB4EE430AF1EE10FA02D1B7EEEF
:107A2000004A0FE0B4EE430AF1EE10FA08DA9FEDD7
:107A30005C3A30EE033A9FED594A83EE044A01E086
:107A400080EE034AB0EEC05A80ED024AB0EE414AE1
:107A50009FED543AB4EE435AF1EE10FA14DAB5EE53
:107A6000400AF1EE10FA03D1B7EE004A0CE000BF75
:107A7000B5EE400AF1EE10FA02DA30EE034A01E008
:107A800033EE404A84EE034A80ED034AB0EE414AA9
:107A9000B5EE400AF1EE10FA1EDDB0EE414A9FED60
:107AA000405AB4EE450AF1EE10FA15DAB4EE430A84
:107AB000F1EE10FA02D1B7EE004A0DE0B4EE430A3F
:107AC000F1EE10FA02DA80EE034A05E035EE404AA4
:107AD0009FED325A84EE054AB4EE430AB0EE413AC5
:107AE000F1EE10FA80ED044A26DDB7EE004AB0EE62
:107AF000413AB4EE440AF1EE10FA1DDAB0EE443A1F
:107B00009FED275AB4EE450AF1EE10FA14D0B4EE08
:107B1000450AF1EE10FA07DA9FED1F3A30EE033A0C
:107B20009FED1E4A06E000BFB7EE003A9FED194AEE
:107B300033EE403A83EE043A9FED194A80ED053A60
:107B4000B4EE440AF1EE10FA0DDDB7EE003AB4EEF1
:107B5000430AF1EE10FA06DAB0EE431AB4EE430A25
:107B6000F1EE10FA02D180ED061A7047B7EE001A56
:107B7000B4EE410AF1EE10FAF5DA30EE020A9FEDAA
:107B8000051A80EE011A80ED061A70470000000009
:107B90009A9919BFCCCCCC3ECDCC4CBECECCCC3EF1
:107BA0009A99193FCDCC4C3E10B52DED028B8EB07D
:107BB000044607A8B0EE608AFFF7C2FEB0EE480A9E
:107BC0006846FFF7BDFE9DED001ADDED070A20EEC9
:107BD000814A94ED000A9DED012A94ED016A20EEA0
:107BE000825A9DED023A24EE000A94ED027AD4ED19
:107BF000031ADDED083AA5EE060A20EE836A34EE9C
:107C0000055A9DED034AA6EE070A20EE847A35EE6A
:107C1000066A9DED045AA7EE210A60EE851A36EE3B
:107C2000077A94ED046AA1EE860A9DED056A60EE7E
:107C3000862A77EE211A94ED057AA2EE870A9DED49
:107C4000067A60EE870A71EEA21AD4ED062AA0EE3B
:107C5000A20A63EE812A71EEA00AD4ED071AA2EE01
:107C6000A10A63EE821A70EEA20AD4ED082AA1EEF0
:107C7000A20A63EE832A70EEA10AD4ED091AA2EEDD
:107C8000A10A63EE841A70EEA20AD4ED0A2AA1EECC
:107C9000A20A63EE852A70EEA10AD4ED0B1AA2EEB9
:107CA000A10A63EE861A70EEA20AD4ED0C2AA1EEA8
:107CB000A20A63EE872ADDED093A70EEA10AD4ED3F
:107CC0000D1AA2EEA10A63EE811A70EEA20AD4ED9B
:107CD0000E2AA1EEA20A63EE822A70EEA10AD4ED6A
:107CE0000F1AA2EEA10A63EE831A70EEA20AD4ED77
:107CF000102AA1EEA20A63EE842A70EEA10AD4ED46
:107D0000111AA2EEA10A63EE851A70EEA20AD4ED52
:107D1000122AA1EEA20A63EE862A70EEA10AD4ED21
:107D2000131AA2EEA10A63EE871ADDED0A3A70EE8D
:107D3000A20AD4ED142AA1EEA20A63EE812A70EE03
:107D4000A10AD4ED151AA2EEA10A63EE821A70EE12
:107D5000A20AD4ED162AA1EEA20A63EE832A70EEDF
:107D6000A10AD4ED171AA2EEA10A63EE841A70EEEE
:107D7000A20AD4ED182AA1EEA20A63EE852A70EEBB
:107D8000A10AD4ED191AA2EEA10A63EE861A70EECA
:107D9000A20AD4ED1A2AA1EEA20A63EE872A70EE97
:107DA000A10AD4ED1B1AA2EEA10ADDED0B1A61EEB9
:107DB000813A70EEA20AD4ED1C2AA3EEA20A61EE6B
:107DC000822A70EEA30AD4ED1D3AA2EEA30A61EE58
:107DD000833A70EEA20AD4ED1E2AA3EEA20A61EE47
:107DE000842A70EEA30AD4ED1F3AA2EEA30A61EE34
:107DF000853A70EEA20AD4ED202AA3EEA20A61EE23
:107E0000862A70EEA30AD4ED213A61EE871AA2EE1B
:107E1000A30A70EEA20AD4ED222AA1EEA20ADDED99
:107E20000C2A62EE813A70EEA10AD4ED231AA3EE79
:107E3000A10A62EE821A70EEA30AD4ED243AA1EEF2
:107E4000A30A62EE833A70EEA10AD4ED251AA3EEDE
:107E5000A10A62EE841A70EEA30AD4ED263AA1EECE
:107E6000A30A62EE853A70EEA10AD4ED271AA3EEBA
:107E7000A10A62EE861A70EEA30AD4ED283A62EEE9
:107E8000872AA1EEA30A70EEA10AD4ED291AA2EE68
:107E9000A10ADDED0D1A21EE811A70EEA20AD4EDD1
:107EA0002A2A21EE822AA1EE220A30EE811AD4ED8E
:107EB0002B0A21EE833AA2EE200A31EE021A94ED4B
:107EC0002C2AA3EE020A21EE842A31EE031A94ED45
:107ED0002D3AA2EE030A21EE853A31EE021A94ED14
:107EE0002E2AA3EE020A21EE862A31EE031A94ED21
:107EF0002F3AA2EE030A21EE873A31EE021A94EDF0
:107F0000302AA3EE020A31EE031AB5EE401A80EED3
:107F1000010A9FED051AF1EE10FA01FE000A0EB0FB
:107F2000BDEC028B10BD00BF00000000000000008F
:107F300010B52DED0C8B30EE60BA90ED06CA90EDC9
:107F4000092A044690ED07DA80ED06BAB0EECB1AA6
:107F500080ED07CA3BEE4C0A80ED08DA80ED0A0A94
:107F6000B4EE421AF1EE10FA03DC9FED5ABA00208B
:107F7000A061BFEE008A9FED581A2BEE012AB0EEE9
:107F8000489AB4EE482AF1EE10FA08DBB7EE009AF0
:107F9000B4EE492AF1EE10FA01DCB0EE429A20EE7E
:107FA000010AB4EE480AF1EE10FA08DBB7EE008AD7
:107FB000B4EE480AF1EE10FA01DCB0EE408A206916
:107FC000002848D0B0EE490AF0EE480A49F22830BD
:107FD000C0F60000FFF7E8FDB0EE40AAB0EE490A97
:107FE000F0EE480A49F26420C0F60000FFF7DCFD1D
:107FF00094ED001A3AEE012AB6EE001A94ED023A18
:1080000030EE030AB4EE412AF1EE10FA08DBB0EECE
:10801000081AB4EE412AF1EE10FA01DCB0EE421A71
:10802000B5EE400A84ED001AF1EE10FA02DA9FED87
:10803000292A08E09FED292AB4EE420AF1EE10FA4F
:1080400001DCB0EE402A94ED030A84ED022A81EEB1
:10805000000A84ED010A94ED050A94ED0E1A3BEE38
:10806000000A84ED050AB4EE410AF1EE10FA03DDD0
:10807000B0EE410A84ED051A94ED0F1AB4EE410AF0
:10808000F1EE10FA03DAB0EE410A84ED051A3DEE86
:108090000B2AB8EE003A94ED011A21EE001A94ED85
:1080A000000AACEE032AA0EE0B1A94ED020AA0EE31
:1080B000021A94ED0C0AB4EE401AF1EE10FA03DB4A
:1080C00094ED0B0A81FE400A84ED0D0ABDEC0C8B89
:1080D00010BD00BF000000000AD7A33B6666A63FA4
:1080E00040F2A4600023C2F20040024612F8041FCE
:1080F00000294FF0000103D011A01170C05C70473F
:10810000024612F80A3F2BB101230DA01170C05C8A
:10811000704700BF024612F8103F2BB1022308A09F
:108120001170C05C704700BF10F8162F32B10323E6
:10813000024603A01170C05C704700BF0420704766
:1081400000010203000000002DE9F04140F2C0618F
:1081500040F2000CC2F2004140F2000E40F2000872
:1081600044F2000344F200044EF2481541F29476C2
:108170004DF20A774DF20A720020C4F2A00CC4F24C
:10818000963EC1E9080C8862CCF29638C1E90BE84A
:10819000C4F29C634863CCF29C648B63C3F63A756B
:1081A000CC63C3F699460D60C3F6A3474E60C3F691
:1081B0002342C1E90272C1E90400C1E9060040F2AC
:1081C0000071C2F20041C1E909C001F1340CC1E9FA
:1081D0000BE88CE8190081E8E000C1E90320C1E95F
:1081E0000500C1E90700BDE8F081000000000000C3
:1081F00080B540F22400C2F2004000F164018165C4
:108200000164816201610160FCF796FBBDE880407A
:10821000FDF76EBB00000000AAB0F9F7EDFAFDF71C
:1082200057FE44F2E0400026C5F602000696CDE96E
:108230000466CDE90266016840F6000441F02001C1
:1082400001600168C5F6020401F02001269126991B
:10825000016841F0800101600168002201F08001A5
:1082600026912699016841F00401016001684FF0F0
:10827000300801F0040126912699016841F00201BD
:108280000160016801F0020126912699016841F020
:1082900008010160016801F0080126912699016832
:1082A00041F0010101600068302100F001002690DA
:1082B00026982046F9F780FA02AD3C20CDE9020667
:1082C00004F54060294601270497F9F799F92046FB
:1082D0002946CDE90287CDE90466F9F791F940F224
:1082E000681B4FF08041C2F2004B299658462496F5
:1082F000CDE9276640F8041FC721CDE90766CDE91F
:108300000566C0E9011644F61F61C0E90316802125
:108310008161FAF745FF28B1EFF3108072B600BF14
:10832000FEE700BF0BF104044FF48050269026A90D
:108330002046FBF709F828B1EFF3108072B600BFB2
:10834000FEE700BF2046FBF74BFC28B1EFF310809F
:1083500072B600BFFEE700BF23A920460025239583
:108360002595FAF7ADFE28B1EFF3108072B600BF85
:10837000FEE700BF602002A9CDE9020508222046E1
:1083800004950695FBF7D0F920B1EFF3108072B693
:10839000FEE700BF02A90C222046FBF7C5F928B171
:1083A000EFF3108072B600BFFEE700BF41F2000598
:1083B0002046C4F20005FBF783F940F2C4500026C2
:1083C000C2F200400396C7210560C0E9011642F2DF
:1083D0000F71C1608661FAF7E3FE28B1EFF31080F8
:1083E00072B600BFFEE700BF40F2C45002A9C2F25D
:1083F000004002960496FAF763FE28B1EFF310806E
:1084000072B600BFFEE700BF40F2106005F5843190
:10841000C2F200400C2201604FF4E13141600021C2
:10842000C0E902110161C0E90521C0E90711C0E9F5
:108430000911FCF719F928B1EFF3108072B600BFEB
:10844000FEE700BF40F210600021C2F20040FBF7DF
:108450007BFD28B1EFF3108072B600BFFEE700BFCE
:1084600040F210600021C2F20040FBF725FD18B178
:10847000EFF3108072B6FEE740F21060C2F20040E7
:10848000FBF7F6FC20B1EFF3108072B6FEE700BFF9
:10849000F8F76AFC08212046FBF7DAFB0C2120469E
:1084A000FBF7D6FB08210C222046FDF7FDFC4FF41C
:1084B000FA70F8F775FCFEF747FFFCF7E1FCFCF7F4
:1084C0003BFA6420F8F76CFC40F2C450C2F2004062
:1084D000FAF7CAFEFFF78CFEFFF736FE40F2B858F7
:1084E00040F2BC6640F2240740F200059FEDAA9BD3
:1084F00040F2C06902AC9FEDA6ABC2F20048C2F2E6
:108500000046C2F200474FF0060A9FEDB88AC2F259
:108510000045C2F2004909E000F06AF93860FCF752
:1085200017FAFDF7E5F9C820F8F73AFCFCF704FA6A
:108530002046FDF78DFF10B12046FDF7EDFAFFF75D
:10854000CFFD3278014688F800003868002AE3D071
:1085500040680028E5D103295AD8DFE801F003215B
:108560000D1D00BFBBF80000013001B20229C8BFD9
:108570000020ABF800004BE0BBF80000022829D037
:1085800001281FD0002843D195ED020AB7EEC00A9A
:1085900030EE0A0B11E000BF0020307038E000BF61
:1085A000BBF80000022829D001281BD080BB95ED24
:1085B000020AB7EEC00A30EE090BB7EEC00B85ED2C
:1085C000020A25E095ED030AB7EEC00A30EE0A0B69
:1085D0000EE000BF95ED040AB7EEC00A30EE0A0BBC
:1085E00012E000BF95ED030AB7EEC00A30EE090BAA
:1085F000B7EEC00B85ED030A0AE000BF95ED040A53
:10860000B7EEC00A30EE090BB7EEC00B85ED040AD9
:1086100000200021062362A2FDF716F940F64C2047
:108620000021C2F20040082302683020CDF800A0EB
:10863000FDF73EF80020082106235BA2FDF704F9B0
:1086400040F240173020C2F2004708210323CDF842
:1086500000A03A68FDF72CF87A684A200821032325
:10866000CDF800A0FDF724F800201021062350A229
:10867000FDF7EAF840F200773020C2F200471021FF
:108680000522052397ED050ACDF800A0B7EEC00A34
:10869000FCF75EFC00201821062346A2FDF7D4F863
:1086A00099ED0D0A3820B7EEC00A182104220223E2
:1086B000CDF800A0FCF74CFC00202021062340A2AE
:1086C000FDF7C2F897ED0D0A3820B7EEC00A202159
:1086D00004220223CDF800A0FCF73AFC0020282158
:1086E00006233AA2FDF7B0F800203021062339A274
:1086F000FDF7AAF8BBF90020582030210123CDF85E
:1087000000A0FCF7D5FF00203821062335A2FDF795
:108710009BF899ED000A1820B7EEC00A3821012213
:108720000223CDF800A0FCF713FC99ED010A3820D4
:10873000B7EEC00A382101220423CDF800A0FCF7CF
:1087400007FC99ED020A6820B7EEC00A3821012221
:108750000223CDF800A0FCF7FBFBF0EE481A95EDE4
:10876000020A95ED031AD5ED040A484600F018F9FF
:10877000F0EE481A95ED001AD5ED010A95ED020AC2
:10878000384600F00DF940F22407C2F20047C8E66F
:108790007B14AE47E17A843F7B14AE47E17A84BF15
:1087A000636C6F636B3A0000626C75653A000000A1
:1087B000493A0000785F7069645F6F75743A000031
:1087C000795F7069645F6F75743A0000785F7261F9
:1087D0006E673A006368616E67655F696E646578AD
:1087E0003A0000007069643A000000000AD7233C98
:1087F00010B5F8B1032931D8DFE801F002241E22B8
:10880000C16859B30A69824228D03AB35369114604
:10881000834213D013B35A69194682420ED0EAB18B
:1088200053691146834209D0C3B15A69194682423D
:10883000EBD103E0002010BD016949B1084610BD2D
:10884000C16800E04169002908BF0146084610BD23
:10885000816819B104468847204610BD0146084684
:1088600010BD00000000000040F2BC60C2F20040F9
:108870000178002918BF704701210170704700007E
:10888000B0B540F2A0050421C2F200452868F8F70F
:108890008BFF40F2A464C2F200442178022913D075
:1088A000012907D099B9A0B901202070002060806B
:1088B0000FE000BF58B960880130608081B281420A
:1088C00007D1022004E000BF18B101202071002070
:1088D000207068680821F8F767FFA17961B1012964
:1088E00006D0022905D198B10120A07201E000BF95
:1088F00040B10020A0710BE050B90120A071002010
:10890000208105E020890130208181B2814243D05D
:10891000A8681021F8F748FF217B59B1012905D03B
:10892000022904D190B10120207400E040B1002060
:1089300020730BE050B9012020730020E08105E096
:10894000E0890130E08181B2814227D0E8682021AE
:10895000F8F72AFFA17C69B1012907D0022906D1C5
:1089600078B10120A0750020A074B0BD50B10020E6
:10897000A074B0BD002818BFB0BD0120A0740020B5
:10898000A082B0BDA08A0130A08281B28142F8D11C
:108990000220A074B0BD00BF0220ABE70220C7E7F1
:1089A00080ED000A80ED011AC0ED020A7047000058
:1089B00010B500290AD00878002807D00548784467
:1089C000F7F712FF002801D0002010BD02487844BC
:1089D00010BD00007A0A0000720A0000F1EE100AD1
:1089E0004FF6FF71C0F2C03120EA010040F0407044
:1089F000E1EE100A7047000408102040010408103E
:108A000020400000000001020304010203040607E5
:108A100008090000000000000000002F0000000016
:108A20000700070000147F147F1400242A7F2A12F5
:108A300000231308646200364955225000000007E5
:108A4000000000001C224100000041221C00001414
:108A5000083E08140008083E0808000000A0600056
:108A600000080808080800006060000000201008E6
:108A70000402003E5149453E0000427F4000004252
:108A800061514946002141454B31001814127F10B5
:108A9000002745454539003C4A49493000017109E4
:108AA000050300364949493600064949291E000098
:108AB000363600000000563600000008142241003F
:108AC000001414141414000041221408000201516F
:108AD0000906003E4955592E007C1211127C007F78
:108AE00049494936003E41414122007F4141221C13
:108AF000007F49494941007F09090901003E414978
:108B0000497A007F0808087F0000417F410000206B
:108B100040413F01007F08142241007F4040404017
:108B2000007F020C027F007F0408107F003E41415D
:108B3000413E007F09090906003E4151215E007F48
:108B4000091929460046494949310001017F0101BF
:108B5000003F4040403F001F2040201F003F403862
:108B6000403F0063140814630007087008070061A1
:108B70005149454300007F41410000020408102094
:108B8000000041417F000004020102040040404017
:108B90004040000001020400002054545478007F3B
:108BA0004844443800384444442000384444487F12
:108BB00000385454541800087E0901020018A4A477
:108BC000A47C007F080404780000447D400000403D
:108BD00080847D00007F102844000000417F400019
:108BE000007C04180478007C0804047800384444AD
:108BF000443800FC242424180018242418FC007C89
:108C00000804040800485454542000043F44402001
:108C1000003C4040207C001C2040201C003C403098
:108C2000403C004428102844001CA0A0A07C004424
:108C300064544C440000087F41000000007F0000A5
:108C40000000417F08000008040810080000000030
:108C5000000000000000000000000000000000F81C
:108C600000000000000000333000000000160E007D
:108C7000160E0000000000000000000040C0784018
:108C8000C0784000043F04043F040400007088FCE6
:108C900008300000001820FF211E0000F008F0003E
:108CA000E018000000211C031E211E0000F00888AF
:108CB000700000001E212324192721100000001637
:108CC0000E0000000000000000000000000000E0B6
:108CD00018040200000000071820400000020418D9
:108CE000E00000000040201807000000404080F035
:108CF000804040000202010F01020200000000F06B
:108D0000000000000101011F01010100000000003E
:108D10000000000000B07000000000000000000033
:108D2000000000000001010101010101000000003C
:108D300000000000003030000000000000000000D3
:108D400080601804006018060100000000E01008B0
:108D50000810E000000F102020100F00001010F885
:108D6000000000000020203F2020000000700808C4
:108D70000888700000302824222130000030088844
:108D8000884830000018202020110E000000C0206C
:108D900010F8000000070424243F240000F808888D
:108DA000880808000019212020110E0000E010881A
:108DB00088180000000F112020110E00003808084C
:108DC000C83808000000003F00000000007088085C
:108DD00008887000001C222121221C0000E01008DD
:108DE0000810E0000000312222110F00000000C036
:108DF000C00000000000003030000000000000C093
:108E0000C0000000000080B0700000000000804042
:108E100020100800000102040810200040404040DB
:108E2000404040000404040404040400000810202E
:108E30004080000000201008040201000070480873
:108E40000808F0000000003036010000C030C828DB
:108E5000E810E0000718272423140B000000C03896
:108E6000E0000000203C23020227382008F8888810
:108E700088700000203F202020110E00C03008081C
:108E800008083800071820202010080008F80808F3
:108E90000810E000203F202020100F0008F88888EC
:108EA000E8081000203F20202320180008F88888B8
:108EB000E8081000203F200003000000C030080830
:108EC0000838000007182020221E020008F80800B9
:108ED0000008F808203F210101213F20000808F880
:108EE000080800000020203F2020000000000808A3
:108EF000F8080800C08080807F00000008F888C063
:108F000028180800203F20012638200008F8080013
:108F100000000000203F20202020300008F8F8004A
:108F2000F8F80800203F003F003F200008F830C05C
:108F30000008F808203F200007183F00E01008084C
:108F40000810E0000F10202020100F0008F808087B
:108F50000808F000203F210101010000E01008088E
:108F60000810E0000F18242438504F0008F88888B3
:108F700088887000203F2000030C30200070880893
:108F8000080838000038202121221C00180808F8A1
:108F9000080818000000203F2000000008F8080022
:108FA0000008F808001F202020201F0008788800F3
:108FB00000C83808000007380E010000F80800F863
:108FC0000008F800033C0700073C0300081868800D
:108FD0008068180820302C03032C30200838C80083
:108FE000C83808000000203F2000000010080808D2
:108FF000C83808002038262120201800000000FE74
:10900000020202000000007F40404000000C30C01F
:1090100000000000000000010638C000000202024B
:10902000FE000000004040407F00000000201008CB
:1090300004081020000000000000000000000000F4
:109040000000000080808080808080800002040812
:109050000000000000000000000000000000808010
:10906000808000000019242222223F2008F800807E
:1090700080000000003F112020110E000000008041
:1090800080800000000E11202020110000000080D0
:109090008088F800000E112020103F200000808002
:1090A00080800000001F222222221300008080F016
:1090B000888888180020203F202000000000808041
:1090C00080808000006B94949493600008F8008086
:1090D00080800000203F210000203F2000809898E1
:1090E000000000000020203F202000000000008041
:1090F0009898000000C08080807F000008F8000081
:1091000080808000203F24022D302000000808F8D5
:10911000000000000020203F202000008080808090
:1091200080808000203F20003F20003F00808000A2
:109130008080000000203F2100203F200000808030
:1091400080800000001F202020201F0080800080E1
:109150008000000080FFA12020110E000000008090
:1091600080808000000E112020A0FF808080800081
:109170008080800020203F212000010000008080AE
:10918000808080000033242424241900008080E0A3
:10919000808000000000001F202000008080000070
:1091A00000808000001F202020103F208080800051
:1091B0000080808000010E30080601008080008061
:1091C000008080800F300C030C300F000080800086
:1091D000808080000020312E0E31200080808000B1
:1091E0000080808080818E70180601000080808061
:1091F000808080000021302C2221300000000000FF
:10920000807C020200000000003F4040000000009F
:10921000FF00000000000000FF0000000002027CD0
:10922000800000000040403F0000000000804040FF
:109230008000008000000000000101000100020029
:109240000400060008000A000C0010002000400086
:10925000800000010101010307010000080402046D
:10926000080101016F1283BB6F1283BBA69B44BB35
:109270006F1203BBA69BC4BA6F1283BA0000000032
:109280006F1283BBA69B44BB6F1203BBA69BC4BAE1
:109290006F1283BA000000006F12833AA69B44BB92
:1092A0006F1203BBA69BC4BA6F1283BA0000000002
:1092B0006F12833AA69BC43A6F1203BBA69BC4BA33
:1092C0006F1283BA000000006F12833AA69BC43A63
:1092D0006F12033BA69BC4BA6F1283BA0000000052
:1092E0006F12833AA69BC43A6F12033BA69B443B82
:1092F0006F1283BA000000006F12833AA69BC43A33
:109300006F12033BA69B443B6F12833B000000009F
:109310006F12833AA69BC43A6F12033BA69B443B51
:109320006F12833B6F12833B0AD723BC0AD723BC3F
:109330006F1203BCA69BC4BB6F1283BB6F1203BB2F
:10934000000000000AD723BC6F1203BCA69BC4BB5D
:109350006F1283BB6F1203BB000000006F12033B50
:109360006F1203BCA69BC4BB6F1283BB6F1203BBFF
:10937000000000006F12033B6F12833BA69BC4BB2F
:109380006F1283BB6F1203BB000000006F12033B20
:109390006F12833BA69BC43B6F1283BB6F1203BB50
:1093A000000000006F12033B6F12833BA69BC43B7F
:1093B0006F12033C6F1203BB000000006F12033BEF
:1093C0006F12833BA69BC43B6F12033C0AD7233C1E
:1093D000000000006F12033B6F12833BA69BC43B4F
:1093E0006F12033C0AD7233C0AD7233C2825642C60
:1093F000256429004D6F646531004D6F646532004E
:109400004D6F646533004D6F646534004D61696E66
:10941000204D656E7500000048950008000000248E
:10942000B000000030030008F8950008B0000024E8
:10943000A00F0000500300081001000043000000CE
:10944000F8FFFFFF00404040404040404040414165
:109450004141414040404040404040404040404009
:1094600040404040400502020202020202020202A3
:1094700002020202022020202020202020202002A0
:109480000202020202029090909090901010101030
:1094900010101010101010101010101010101010CC
:1094A0000202020202028888888888880808080860
:1094B000080808080808080808080808080808082C
:1094C0000202020240000000000000000000000054
:1094D000000000000000000000000000000000008C
:1094E000000000000000000000000000000000007C
:1094F000000000000000000000000000000000006C
:10950000000000000000000000000000000000005B
:10951000000000000000000000000000000000004B
:10952000000000000000000000000000000000003B
:10953000000000000000000000000000000000002B
:1095400000000000000000008FC2F53C0AD7A33CD9
:109550000AD7A33E0AD7233D0AD7A33C0100000047
:10956000100000000090D0030090D0038800002479
:10957000069400080300000069880008000000004D
:10958000000000000000000000940008020000003D
:109590006988000800000000000000002800002486
:1095A000FA9300080100000069880008000000002C
:1095B0000000000040000024F493000800000000B8
:1095C0006988000800000000000000005800002426
:1095D0000C940008FFFFFFFF0000000000000000E7
:1095E000700000240000000000140258001402580B
:0895F000001402580014025897
:04000005080002CD20
:00000001FF
