:020000040800F2
:1000000050110024A9030008A94A0008994A0008D1
:10001000A14A0008810D0008297E000800000000A8
:1000200000000000000000000000000099620008CD
:10003000810E00080000000041600008A163000874
:10004000C3030008C3030008C3030008C303000878
:10005000C3030008C3030008C3030008C303000868
:10006000C3030008C3030008C3030008C303000858
:10007000C3030008C3030008C3030008C303000848
:10008000C3030008C3030008C3030008C303000838
:10009000C3030008C3030008C3030008C303000828
:1000A000C3030008C3030008C3030008C303000818
:1000B000C303000831650008C3030008C303000838
:1000C000C3030008C3030008C3030008C3030008F8
:1000D000C3030008C3030008C3030008C3030008E8
:1000E000C3030008C303000800000000C3030008A6
:1000F000C3030008C3030008C3030008C3030008C8
:10010000C3030008C3030008C3030008C3030008B7
:10011000C3030008C303000841650008C3030008C7
:10012000C3030008C3030008C3030008C303000897
:10013000C3030008C3030008C3030008C303000887
:1001400000000000000000000000000000000000AF
:10015000C3030008C3030008C3030008C303000867
:10016000C3030008C3030008C3030008C303000857
:10017000C3030008C3030008C30300080000000015
:10018000C3030008C3030008C3030008C303000837
:10019000C3030008C3030008C3030008C303000827
:1001A000C3030008C3030008C303000800000000E5
:1001B000C3030008C3030008C3030008C303000807
:1001C000C3030008C3030008000000000000000093
:1001D0000000000000000000C30300080000000051
:1001E000000000000000000000000000000000000F
:1001F0000000000000000000C3030008C303000863
:10020000C3030008C303000800000000C303000884
:10021000C3030008C3030008C3030008C3030008A6
:10022000C303000800000000C30300080000000032
:10023000C3030008C303000800000000C303000854
:10024000C3030008C3030008C3030008C303000876
:10025000C3030008C3030008C3030008C303000866
:10026000C3030008C3030008C3030008C303000856
:10027000C3030008C3030008C30300080000000014
:10028000C3030008C3030008C3030008C303000836
:1002900000000000C3030008C303000800000000C2
:1002A00000000000C3030008C3030008D96600086B
:1002B000C3030008C3030008C3030008C303000806
:1002C000C3030008C30300082165000800F002F81A
:1002D00000F05BF814A696E8000CB244B344DA458B
:1002E00001D100F052F8BAE80F000FA696E83000EE
:1002F000A5EB040504EB0607AAEB0704A7F1010729
:100300004FEA15154FEA3414A4F10104AC4201D3AD
:1003100000F03BF813F0010F18BFFB1A43F0010384
:1003200000F001F8DBE718478C9A0000AC9A000057
:10033000103A24BF78C878C1FAD8520724BF30C811
:1003400030C144BF04680C60704700007047000073
:100350000023002400250026103A28BF78C1FBD8CE
:10036000520728BF30C148BF0B6070471FB509F066
:1003700025F800F0F7FC04000020002109F008F83F
:10038000401C60601FBD10B510BD00F0BDFC1146E3
:10039000FFF7ECFF07F0ECFD00F0E8FC03B4FFF71B
:1003A000F2FF03BC07F044FD0948804709480047B5
:1003B000FEE7FEE7FEE7FEE7FEE7FEE7FEE7FEE715
:1003C000FEE7FEE704480549054A064B7047000072
:1003D00071640008CD020008500B00245011002465
:1003E000500D0024500D0024704753EA020C00F019
:1003F00069802DE9F04B4FF00006002B1FBFB3FAC8
:1004000083F503FA05F424FA05F65E4012BF16439D
:10041000B2FA82F502FA05F4C5F120051EBF22FAF0
:1004200005FC44EA0C04203556EA044C4FEA144417
:1004300018BF641C4FF000084FF00009904271EBA8
:10044000030C39D3002919BFB1FA81F701FA07F675
:10045000B0FA80F700FA07F6C7F120071EBF20FAAE
:1004600007FC46EA0C062037B6FBF4FCA7EB0507B1
:10047000103F07F01F0BCBF120062CFA06F60CFA02
:100480000BFB44BFB3460026202FA4BF5E464FF0AF
:10049000000B5BEA060C08BF4FF0010B19EB0B09D0
:1004A00048EB0608ABFB027C06FB02CC0BFB03CC43
:1004B000C01B71EB0C01C1E70B46024641464846A2
:1004C000BDE8F08B13B5084318BF4FF0FF3001466D
:1004D000AFF30080BDE81C40704700000FB400B5CA
:1004E0008DB010A9099000910B904FF0FF300A9049
:1004F00000200C90064878440690064878446A46E6
:1005000007900F9909A800F0D1F90DB05DF814FB20
:10051000D3030000EB0300002DE9FF5F1D464FF001
:10052000FF3B91464FF000085F46D5E90146A969B7
:1005300001987F1C8847296A824688470028F6D19F
:10054000BAF1FF3F0CD0002E24F4C06419DD600620
:1005500014D5BAF12B0F09D0BAF12D0F0ED103E04B
:10056000584604B0BDE8F09F44F48064A96901983E
:100570007F1C8847761E8246002E02DDBAF1300FBE
:1005800003D0B9F1000F26D032E0A969761E019898
:100590007F1C44F400748847002E824605DDBAF1C2
:1005A000780F06D0BAF1580F03D0B9F1000F10D070
:1005B0001EE0B9F1000F02D0B9F1100F18D1A969EE
:1005C000761E01987F1C24F4007488478246102010
:1005D00002E0082000E00A20814609E0A96908FB42
:1005E0000908761E01987F1C44F4007488478246EF
:1005F000002E05DD4946504600F043F90028EDDAAB
:10060000E96901988847A00502D46FF00100A8E7C6
:10061000E00725D1600613D5600502D5C8F10000BA
:1006200000E0404629680A1D2A600968220501D5B4
:10063000087015E0220701D5088011E008600FE07E
:100640002868011D29600068210502D580F8008016
:1006500006E0210702D5A0F8008001E0C0F8008084
:1006600038467EE7401ECAB210F8011F8A4202D007
:100670000029F9D10020704740EA010370B59B07BB
:100680002ED14FF00136042A2AD308C810C99D1B69
:100690009D43121F15EAC61517D0D8B2E1B2401A11
:1006A00050EA056110D198B2A1B2401A50EA054152
:1006B0000AD123F07F4024F07F41401A50EA0521FF
:1006C00002D1180EA0EB146070BDA342DBD018BAA3
:1006D00021BA884201D9012070BD4FF0FF3070BDB2
:1006E0000AB9002070BD10F8013B11F8014B63B14D
:1006F000A3420AD1521E08D010F8013B11F8014B59
:100700001BB1A34201D1521EEDD1181B70BD032AAB
:1007100040F2308010F0030C00F0158011F8013B1E
:10072000BCF1020F624498BF11F801CB00F8013B05
:1007300038BF11F8013BA2F1040298BF00F801CBC9
:1007400038BF00F8013B11F0030300F0DF80083AE6
:10075000C0F0088051F8043B083A51F804CBA0E8F7
:100760000810F5E7121D5CBF51F8043B40F8043B4C
:10077000AFF30080D20724BF11F8013B11F801CB81
:1007800048BF11F8012B24BF00F8013B00F801CB52
:1007900048BF00F8012B70474FF0000200B5134628
:1007A00094469646203922BFA0E80C50A0E80C5091
:1007B000B1F12001BFF4F7AF090728BFA0E80C5042
:1007C00048BF0CC05DF804EB890028BF40F8042B3B
:1007D00008BF704748BF20F8022B11F0804F18BFA8
:1007E00000F8012B7047000030B44FF0013C50F886
:1007F000042BCCFA52F451F8043BD51A20D1FCB9A1
:1008000050F8042BCCFA52F451F8043BD51A17D106
:10081000B4B950F8042BCCFA52F451F8043BD51A71
:100820000ED16CB950F8042BCCFA52F451F8043BB9
:10083000D51A05D1002CDAD030BC4FF0000070473B
:1008400029BAB1FA81F111F01801D1F120008440E8
:10085000F2D1CA40CB4012F0FF0213F0FF0330BCCC
:10086000D01A7047704770477047704710B500F056
:100870007FF8006810BD10B5044600F079F80460F8
:1008800010BD3A2800D2303820F02002412A01D38E
:10089000A2F13700884201D34FF0FF3070470000CB
:1008A000026811441378016018467047D160054909
:1008B0007944516104497944116200211161114662
:1008C00000F064B8EDFFFFFFBF000000426842B1D6
:1008D000016811F8013B23B1521EC0E9001218460D
:1008E00070470121C160881E704742685AB1C368D1
:1008F000016843B983688B4205D0491E521CC0E988
:100900000012002070474FF0FF30704710B5203ABA
:10091000C0F00B80B1E81850A0E81850B1E81850AA
:10092000A0E81850203ABFF4F5AF5FEA027C24BF7C
:10093000B1E81850A0E8185044BF18C918C0BDE865
:1009400010405FEA827C24BF51F8043B40F8043B2E
:1009500008BF7047D20728BF31F8023B48BF11F8E3
:10096000012B28BF20F8023B48BF00F8012B70473D
:1009700000487047B000002410B5044600F0EAF9C2
:100980000068005D00F0010010BD00002DE9F34F8C
:100990004FF0000A0C4656468DB001200C9001F134
:1009A0000C000B9062690B9801219047051E2DD019
:1009B000252D2CD0216A8847C0B162690B9801218E
:1009C0009047216A88470028F7D16269411E0B9839
:1009D000904700E0761CA1690D988847216A8847F6
:1009E0000028F7D1E1690D988847DBE7A1690D98E8
:1009F0008847A842074601D1761CD3E7E1690D98E4
:100A000088477F1C02D1BAF1000F6FD06BE1626999
:100A10000B9800273D46394690472A2804D1626941
:100A20000B98012190470125DFF8D08262690B986D
:100A300001219047A0F130010A290AD24745E5DC9F
:100A400007EB870100EB4107303FDFD445F010058D
:100A5000ECE7E90601D46FF000476C280AD04C2877
:100A600014D0682815D06A280DD074281CD07A2894
:100A70001AD01DE062690B98012190476C2802D0C2
:100A800045F0040514E045F002050DE045F02005B1
:100A90000AE062690B9801219047682802D045F06E
:100AA000080505E045F4006562690B98012190474F
:100AB000C4E9015765283DD019DC58287AD00CDCF0
:100AC000452837D004DC252826D041289ED131E0A6
:100AD00046282FD0472899D12CE05B2877D0612871
:100AE00028D063287CD0642823D15AE0F6E06F2810
:100AF00048D008DC66281DD067281BD0692821D083
:100B00006E2816D127E0702845D0732868D0752844
:100B100047D078280DD14DE0A1690D988847252848
:100B200005463FF469AFE1690D9888476D1C3FF4B5
:100B30006AAFD8E00D9923466A466FF00100AFF323
:100B40000080C5E045F0400023464FF000026060A1
:100B5000A80736D43EE0E8077FF447AF2068011DC0
:100B600021600068290501D506701BE7290701D51A
:100B7000068017E7A90703D5F117C0E9006111E75F
:100B800006600FE745F0400023464FF00802606022
:100B9000A80716D41EE040F60E0125EA01006060A9
:100BA00016E045F0400023464FF00A026060A807B7
:100BB00007D40FE045F040006060A80708D5234641
:100BC00010220D996FF00100AFF3008080E007E084
:100BD000102223460D996FF00100FFF79DFC77E08E
:100BE0004FF0000963284F46C8464B46CB4602D01B
:100BF0005B2806D038E0E80601D40120A060012778
:100C000032E06269D4F80CB00B98012190475E285D
:100C100007D14FF0010949466269D4F80CB00B982E
:100C20009047216939B900210A4603AB43F82120D6
:100C3000491C0829FADBD8B3216949B308F1010836
:100C400062690B98012190475D28F4D1B9F1000F3A
:100C500009D0002003A951F82020D24341F82020D8
:100C6000401C0828F7DB03AB2069002820794FEAF5
:100C700040701ED05B462246CDF80080CDE901973A
:100C80000D9900286FF0010020DAAFF300801FE01B
:100C9000C11703AA00EBD1614B1121F01F0102EB38
:100CA0008302411A13680120884003431360C7E799
:100CB00019E00D99224600286FF00100009702DA32
:100CC000AFF3008004E0AFF3008001E0AFF30080F9
:100CD00000280ADA401C06D10C9820B14FF0FF30F2
:100CE0000FB0BDE8F08F5046FAE7E90701D10AF1ED
:100CF000010A064400200C9054E60000CCCCCC0C39
:100D000000487047B00000247546FFF7F9FFAE4673
:100D100005006946534620F00700854618B020B507
:100D2000FFF750FBBDE820404FF000064FF00007F2
:100D30004FF000084FF0000BAC46ACE8C009ACE83F
:100D4000C009ACE8C009ACE8C00921F007018D4634
:100D50007047000010B500F005F8001D10BD00BF81
:100D60003186000000487047D000002410B50446CA
:100D7000AFF300802046BDE81040FFF70FBB000036
:100D8000FEE70000000000000A46002948BF4A4272
:100D9000042A03D800210160704700BF10B500EE9F
:100DA000101AB6EE001A4AF220110446C0F20701EA
:100DB000B8EEC00A20EE010A9FED231ABDEEC00A6C
:100DC00010EE103A00EE102A45F6E062CFF6F87207
:100DD0008B42B8EE400AB8BF1946914280EE010A34
:100DE000D8BF1146B7EE001A0160826880FE410A42
:100DF00001EE102AB8EE411A20EE010ABCEEC00A3C
:100E000010EE101A8A4228BF0A46B1F5FA6F01693E
:100E100038BF4FF4FA62426040F21C02C2F2004254
:100E2000D2F800C043680A68BCFBF3F3013BD3620D
:100E3000CB600122C277084602F0CEFAD4E9040161
:100E4000BDE8104002F0E8BF0000C8430000000009
:100E50004EF6FC50CEF20000016841F08071016056
:100E600041F200000021CEF200004160016841F033
:100E7000010101604068B0FA80F04009704700004D
:100E8000704700000000000043F6800241F20401B8
:100E9000C0F20102CEF2000150430A680B689B1AAF
:100EA00083420BD20B689B1A83423EBF0B689B1A8E
:100EB000834203D20B689B1A8342EFD37047000032
:100EC00041F2040100EB8002CEF200011201086839
:100ED0000B681B1A93420BD20B681B1A93423EBF3E
:100EE0000B681B1A934203D20B681B1A9342EFD371
:100EF0007047000000000000EFF3108072B600BFE2
:100F0000FEE70000000000002DE9F041044600F07B
:100F1000CFFC1CB3054694F83500022822D140F2DC
:100F20000F472668C4F2020740F26F48BE426FF0D6
:100F30000E00C4F202081DDC6F21C4F202018E42D1
:100F40002ADC3F21C4F202018E4241DC1021C4F2AE
:100F500002018E4263D028215CE000BF0120BDE881
:100F6000F08100BF802060650120002184F83410EA
:100F7000BDE8F08146451BDC40F23F41C4F202016E
:100F80008E422DDC40F21041C4F202018E4246D066
:100F900040F228413EE000BF9F21C4F202018E4290
:100FA00028DC7021C4F202018E4238D0882131E061
:100FB00040F29F41C4F202018E4223DC40F27041B4
:100FC000C4F202018E422AD040F2884122E000BFE2
:100FD0004021C4F202018E4221D058211AE000BF04
:100FE00040F24041C4F202018E4218D040F2584112
:100FF00010E000BFA021C4F202018E420FD0B82140
:1010000008E000BF40F2B841C4F202018E4206D0AF
:1010100040F2A041C4F202018E42314607D131466E
:10102000306820F01E0041F8140B6FF080000A6851
:10103000464500EA020008601ADC9F20C4F2020064
:10104000864233DC5720C4F2020086425ADC10206C
:10105000C4F20200864200F097802820C4F2020009
:10106000864200F091804020C4F202008AE000BF76
:1010700045F22F40C5F6020086422DDC40F2B74013
:10108000C4F2020086424BDC40F27040C4F202001F
:10109000864279D040F28840C4F20200864273D082
:1010A00040F2A040C4F202006CE000BF40F22740D2
:1010B000C4F20200864243DCA020C4F20200864251
:1010C00062D0B820C4F2020086425DD040F21040E7
:1010D000C4F2020056E000BF45F26B40C5F60200C4
:1010E00086423FDC45F23040C5F6020086424BD0D6
:1010F00045F24440C5F60200864245D045F25840CC
:101100003EE000BF5820C4F2020086423CD070206E
:10111000C4F20200864237D08820C4F2020031E0D7
:1011200040F2B840C4F2020086422DD045F2084099
:10113000C5F60200864227D045F21C4020E000BFE1
:1011400040F22840C4F2020086421DD040F24040E6
:10115000C4F20200864217D040F25840C4F20200A6
:1011600010E000BF45F26C40C5F6020086420BD08D
:1011700045F29440C5F60200864205D045F2804013
:10118000C5F60200864204D1206E016821F4807108
:101190000160306820F00100306000BF3068C00797
:1011A00010D000F085FB401B0628F7D32020606597
:1011B000032084F835000120002184F83410BDE8B4
:1011C000F08100BF20680821B8424FF03F0211DCD7
:1011D0006F23C4F2020398421EDC3F23C4F20203D1
:1011E000984235DC1023C4F20203984257D02823DA
:1011F00050E000BF40451BDC40F23F43C4F2020315
:1012000098422DDC40F21043C4F20203984246D0CB
:1012100040F228433EE000BF9F23C4F202039842FD
:1012200028DC7023C4F20203984238D0882331E0CE
:1012300040F29F43C4F20203984223DC40F2704321
:10124000C4F2020398422AD040F2884322E000BF51
:101250004023C4F20203984221D058231AE000BF71
:1012600040F24043C4F20203984218D040F258437F
:1012700010E000BFA023C4F2020398420FD0B823AD
:1012800008E000BF40F2A043C4F20203984206D037
:1012900040F2B843C4F20203984240F0C580D4E95A
:1012A000163707F01F07404502FA07F25A5019DCBB
:1012B0009F21C4F20201884232DC5721C4F20201AC
:1012C000884259DC1021C4F20201884200F0968065
:1012D0002821C4F20201884200F090804021C4F22B
:1012E000020189E045F22F41C5F6020188422DDC5A
:1012F00040F2B741C4F2020188424BDC40F2704137
:10130000C4F20201884279D040F28841C4F202015D
:10131000884273D040F2A041C4F202016CE000BFE9
:1013200040F22741C4F20201884243DCA021C4F20A
:101330000201884262D0B821C4F2020188425DD025
:1013400040F21041C4F2020156E000BF45F26B4189
:10135000C5F6020188423FDC45F23041C5F6020184
:1013600088424BD045F24441C5F60201884245D03F
:1013700045F258413EE000BF5821C4F202018842C4
:101380003CD07021C4F20201884237D08821C4F2D7
:10139000020131E040F2B841C4F2020188422DD08E
:1013A00045F20841C5F60201884227D045F21C41AA
:1013B00020E000BF40F22841C4F2020188421DD063
:1013C00040F24041C4F20201884217D040F2584135
:1013D000C4F2020110E000BF45F26C41C5F6020103
:1013E00088420BD045F29441C5F60201884205D0EF
:1013F00045F28041C5F6020188420BD1616EA26EB2
:10140000E06E4A6030B1016821F480710160D4E976
:101410001C014160012084F835000020002184F87F
:101420003410BDE8F08100BF0421012237E700003D
:10143000F0B190F83510022918D180B540F20F4272
:101440000168C4F20202914214DC6F23C4F2020369
:10145000994225DC3F23C4F2020399423CDC10236D
:10146000C4F2020399425DD0282357E080214165F0
:101470000120704740F26F43C4F2020399421BDC23
:1014800040F23F43C4F2020399422DDC40F2104384
:10149000C4F20203994245D040F228433EE000BF27
:1014A0009F23C4F20203994228DC7023C4F2020392
:1014B000994237D0882331E040F29F43C4F20203BF
:1014C000994223DC40F27043C4F20203994229D0CE
:1014D00040F2884322E000BF4023C4F20203994255
:1014E00020D058231AE000BF40F24043C4F2020368
:1014F000994217D040F2584310E000BFA023C4F235
:10150000020399420ED0B82308E000BF40F2B8436E
:10151000C4F20203994205D040F2A043C4F2020390
:10152000994275D191424FF0040280F8352011DCC8
:101530006F20C4F20200814222DC3F20C4F202008C
:10154000814239DC1020C4F20200814259D02820A7
:1015500054E000BF40F26F40C4F2020081421BDC45
:1015600040F23F40C4F2020081422DDC40F21040C4
:10157000C4F20200814244D040F228403EE000BF65
:101580009F20C4F20200814228DC7020C4F20200D5
:10159000814236D0882031E040F29F40C4F2020000
:1015A000814223DC40F27040C4F20200814228D024
:1015B00040F2884022E000BF4020C4F20200814295
:1015C0001FD058201AE000BF40F24040C4F2020091
:1015D000814216D040F2584010E000BFA020C4F273
:1015E000020081420DD0B82008E000BF40F2B840B0
:1015F000C4F20200814204D040F2A040C4F20200D2
:101600008142086820F001000860002080BD00BF12
:101610000A6822F00E020A6045F25742C5F602023D
:1016200091420A6822F001020A600FDC45F22F4263
:10163000C5F60202914219DC45F20842C5F60202E3
:10164000914229D045F21C4222E000BF45F27F4280
:10165000C5F60202914213DC45F25842C5F6020279
:10166000914219D045F26C4212E000BF45F230427F
:10167000C5F6020291420FD045F2444208E000BF95
:1016800045F29442C5F60202914205D045F28042ED
:10169000C5F6020291421AD1D0E9181CD0E916E32E
:1016A0000A6822F480720A6003F01F01012202FA24
:1016B00001F1CEF80410816ECCF80410C16E31B186
:1016C0000A6822F480720A60D0E91C124A60012183
:1016D00080F83510016D0022002980F8342094D064
:1016E0008847002080BD00002DE9F04F83B00F68CF
:1016F000002F00F0C98000F1264642F2004506F1B5
:10170000FF76C5F602050A22A8424FEAB62540F246
:10171000040C08BF092200F120030093082DC5F630
:10172000000C38BF4FEAB622002400264FF0000814
:1017300001920AE008F101080F6837FA08F206F191
:10174000020604F1040400F09F80012202FA08FE60
:1017500017EA0E09EED0D1F804B003220BF003070C
:10176000B2407D1E6FEA020A012D11D88268CD6851
:1017700002EA0A02B5402A438260CBF300154268B0
:1017800022EA0E0205FA08F52A43426004E000BF8F
:10179000032F01D103271FE0C2688D6802EA0A0205
:1017A000B540022F42EA0502C26015D16FF0030274
:1017B00004F01C0502EA580B009A0F2352F80BE0C4
:1017C000AB400F692EEA0303AF403B4342F80B30B6
:1017D000D1F804B00BF00307026807FA06F302EA37
:1017E0000A021BF4403F42EA03020260A2D044F224
:1017F000F44340F2084EC5F60203C5F6000E0F256D
:101800001A6842F002021A601A6802F0020202929A
:1018100028F00302029B04F00C0352F80E709D4066
:10182000AF43019D05FA03F33B4342F80E304FF0FE
:10183000B04EDEF800204B6842EA0907DD0258BFCF
:1018400022EA09079D02CEF80070DCF8002042EA87
:10185000090758BF22EA09079D03CCF80070DCF89D
:10186000802042EA090758BF22EA0907DB03CCF8C7
:101870008070DCF87C2042EA090758BF22EA090799
:10188000CCF87C7056E700BF03B0BDE8F08F0000D5
:101890000069084018BF01207047000000000000E8
:1018A000002A08BF090481617047000000000000A1
:1018B00040F64830C2F20040006870470000000067
:1018C00040F2140040F64831C2F20040C2F200413A
:1018D00000780A68104408607047000000000000AB
:1018E00080B5032000F0ACF801F012F944F2184181
:1018F00049F22053C5F60201C0F600030A68C2F39C
:1019000003229A5C096801F00F0102F01F02595C82
:10191000D04040F22002C2F2004201F01F0120FA42
:1019200001F1116040F21C01C2F2004108600F2079
:1019300000F00AF800281CBF012080BD00F02CF840
:10194000002080BD00000000B0B540F21405C2F2D6
:1019500000452978F1B1044640F21C00C2F2004073
:101960004FF47A72B2FBF1F10068B0FBF1F001F0D4
:10197000F7FB0F2C01464FF001000AD8002918BFD1
:10198000B0BD4FF0FF300022214600F029F80020C2
:101990006C60B0BD0120B0BD81B044F2F440C5F62A
:1019A0000200016841F002010160006800F00200DD
:1019B0000090009801B07047002848BF704700F0C1
:1019C0001F01012202FA01F14EF20012C0F34A1087
:1019D000CEF2000242F82010704700000000000024
:1019E00070B54EF60C5C4FF0FF36CEF2000C00F1F5
:1019F000604505F56445DCF80030C3F3022E8EF037
:101A00000703042B28BF0423BEF1030406FA03F3E3
:101A100021EA030100F00F0338BF0024043B002833
:101A2000634406FA04F048BF03F10C05A14022EA22
:101A3000000008430001287070BD00000000000095
:101A40004EF60C514FF6FF03CEF200010A681A4021
:101A500060F30A2242F0806040F0FD700860704739
:101A6000B0B544F60C05C5F6020529684907296892
:101A700006D401F00701081A18BF0120B0BD00BF4D
:101A800021F0070108432860FFF712FF044600BF5A
:101A900055F8080C800407D4FFF70AFF001BB0F5C7
:101AA0007A7FF5D90120B0BD0020B0BD0000000054
:101AB00080B500F0A5FF44F2204149F22052C5F65E
:101AC0000201C0F600020968C1F30211515C01F085
:101AD0001F01C84080BD000080B544F2384EC5F6F5
:101AE000020E5EF8103C5EF8101C5EF80C2CC1F380
:101AF000053CDEF80410BCF1000F19D0C9089FEDB9
:101B00003C1AD20601EAE27103F003026FF35F317F
:101B100000EE101AB8EE400ADFE802F002221022AE
:101B20005EF8381C89060DD49FED331A18E000BF0B
:101B300000218160C0E9001180BD00BF9FED2D1A1A
:101B40000EE000BF5EF8381C49F20002C0F2D0324D
:101B5000C1F3C10122FA01F101EE101AB8EE411AE7
:101B6000DEF800109FED253A6FF35F2102EE101AA8
:101B7000DEF80010C1F34621B8EE422A013100EE32
:101B8000032A00EE10CAB7EE003AB8EE400A81EE22
:101B9000000A32EE031A20EE010A01EE101AB8EE26
:101BA000411A80EE011ABCEEC11A80ED001ADEF86F
:101BB0000010C1F30641013101EE101AB8EE411ACE
:101BC00080EE011ABCEEC11A80ED011ADEF8001099
:101BD000C1F30661013101EE101AB8EE411A80EE30
:101BE000010ABCEEC00A10EE101A816080BD00BF71
:101BF0000024744A20BCBE4B0024744C0000003901
:101C000080B544F2404EC5F6020E5EF8183C5EF810
:101C1000181C5EF8142CC1F3055CDEF80410BCF14E
:101C2000000F19D0C9089FED3C1AD20501EAE271F4
:101C300003F003026FF35F3100EE101AB8EE400AB2
:101C4000DFE802F0022210225EF8401C89060DD463
:101C50009FED331A18E000BF00218160C0E9001138
:101C600080BD00BF9FED2D1A0EE000BF5EF8401C46
:101C700049F20002C0F2D032C1F3C10122FA01F1EF
:101C800001EE101AB8EE411ADEF800109FED253A69
:101C90006FF35F2102EE101ADEF80010C1F3462147
:101CA000B8EE422A013100EE032A00EE10CAB7EE68
:101CB000003AB8EE400A81EE000A32EE031A20EE36
:101CC000010A01EE101AB8EE411A80EE011ABCEEBC
:101CD000C11A80ED001ADEF80010C1F3064101318F
:101CE00001EE101AB8EE411A80EE011ABCEEC11ACC
:101CF00080ED011ADEF80010C1F30661013101EE3A
:101D0000101AB8EE411A80EE010ABCEEC00A10EEBD
:101D1000101A816080BD00BF0024744A20BCBE4BF5
:101D20000024744C000000392DE9F0470446C078C7
:101D300044F22C480007C5F6020828D5606E4FEA29
:101D4000305103292AD8DFE801F0030B131B00BF31
:101D5000D8F8001041F40031C8F8001010E000BFBE
:101D600004F10800022104F06FF9064680B906E08C
:101D700004F12800022104F0FBF9064640B9606E28
:101D8000D8F8241021F440110843C8F82400002694
:101D90006078C00706D135462FE000BF0126607885
:101DA000C007F8D0A06D04283ED83546DFE800F023
:101DB00004140E0B0B0000BFD8F80000354640F4A9
:101DC0000030C8F800002F46C5B90DE004F1280026
:101DD000002104F0CDF904E004F10800002104F032
:101DE00033F905462F464DB9D8F82400A16D20F0EF
:101DF000070000250843C8F82400374660784007EC
:101E00003AD5D4F8A4004FEA7050052818D8DFE876
:101E100000F0031D11232323D8F8000040F4003004
:101E2000C8F8000018E000BF0125012760784007CE
:101E3000E7D421E004F12800002104F099F90AE038
:101E400001250126607800071AD44FE004F108004C
:101E5000002104F0F9F805462E461DB16078000710
:101E60000ED443E0D8F82C00D4F8A41020F460007D
:101E700000250843C8F82C003E466078000735D599
:101E8000D4F8A8004FEA3060052813D8DFE800F046
:101E900004180C1E1E1E00BFD8F8000040F40030CD
:101EA000C8F8000012E000BF04F12800002104F08F
:101EB0005FF90AE001250127E07880071AD434E0B1
:101EC00004F10800002104F0BFF805462F461DB1BB
:101ED000E07880070ED428E0D8F82C00D4F8A810B9
:101EE00020F0E06000250843C8F82C003746E07871
:101EF00080071AD5E06C4FEA3010032838D8DFE8A5
:101F000000F009032D0900BFD8F8000040F40030AC
:101F1000C8F800002E464DB9D8F82000E16C20F03A
:101F2000300000250843C8F820003E466078C0060F
:101F300039D5E06D4FEA3030042847D8DFE800F0AB
:101F400004221C0A0A0000BFD8F8000040F4003048
:101F5000C8F800002F463DBB1CE000BF04F108009C
:101F6000022104F071F80546002D2E46DED1D3E79C
:101F700001250126DAE700BF04F12800002104F062
:101F8000F7F804E004F10800002104F05DF80546CC
:101F90002F464DB9D8F82400E16D20F4E04000252B
:101FA0000843C8F8240037466078800635D5206E8F
:101FB0004FEA3040052815D8DFE800F0041A0E0477
:101FC000040400BF2E46DDB91EE000BF0125012735
:101FD00060788006EBD420E004F12800012104F0B1
:101FE000C7F80AE0012501266078400619D449E0C7
:101FF00004F10800012104F027F805462E461DB122
:10200000607840060DD43DE0D8F82400216E20F41D
:10201000E02000250843C8F824003E4660784006CA
:1020200030D5D4F8AC004FEA307005280ED8DFE880
:1020300000F00313070303032F46ADB918E000BFF8
:1020400004F12800012104F093F80AE0012501279A
:10205000607800061AD43CE004F10800012103F086
:10206000F3FF05462F461DB1607800060ED430E020
:10207000D8F82C00D4F8AC1020F0E040002508433C
:10208000C8F82C0037466078000622D5E06E58B1BB
:10209000B0F1005F0CD0B0F1805F37D1D8F800000C
:1020A00040F40030C8F800002E469DB908E000BF9B
:1020B00004F10800012103F0C7FF05462E464DB983
:1020C000D8F82400E16E20F0405000250843C8F8FD
:1020D00024003E46E078C0071DD0A06C032855D8E8
:1020E000DFE800F008024A08D8F8000040F40030A9
:1020F000C8F80000A9467DB9D8F82000A16C20F0EE
:10210000030000250843C8F8200004E0012501264B
:10211000E078C007E1D1B146A078400602D44F462E
:1021200018E000BFD8F8D40340F48070C8F8D40396
:10213000FFF7BEFB064600BFD8F8D403C00507D49E
:10214000FFF7B6FB801B6428F6D90325032701E0BF
:102150002F46FDB12078C00700F06F80A06F4FEAD6
:10216000F00005284ED8DFE800F0035347030303CF
:10217000002D2E4654D157E004F10800022103F04F
:1021800063FF0546002DA946C6D1B5E701254FF0EE
:102190000109C1E7D8F84410D4F8B000414011F467
:1021A000407F11D0D8F84410D8F8442042F480324F
:1021B000C8F84420D8F8442021F4407122F4803239
:1021C000C8F84420C8F84410B0F5807F40F0D082B1
:1021D000FFF76EFB064641F2883A0325032700BF4E
:1021E000D8F84400800700F1C182FFF761FB801B33
:1021F0005045F5D9AEE700BF04F12800012103F0F6
:10220000B7FF0AE0012501262078800719D446E0AF
:1022100004F10800012103F017FF05462E461DB109
:10222000207880070DD43AE0D8F82800A16F20F07C
:10223000380000250843C8F828003E46207880076B
:102240002DD5606F05280FD8DFE800F004140804CE
:10225000040400BF2F46ADB918E000BF04F1280008
:10226000012103F085FF0AE00125012720784007BE
:1022700019D447E004F10800012103F0E5FE05460A
:102280002F461DB1207840070DD43BE0D8F8280038
:10229000616F20F0070000250843C8F82800374682
:1022A000207840072ED5D4F8900005280ED8DFE816
:1022B00000F00313070303032E46ADB918E000BF77
:1022C00004F12800012103F053FF0AE00125012653
:1022D000207880061AD44BE004F10800012103F0B5
:1022E000B3FE05462E461DB1207880060ED43FE091
:1022F000D8F82C00D4F8901020F0070000250843EF
:10230000C8F82C003E462078800631D5D4F88C00E1
:102310004FEA307005280FD8DFE800F004140804F5
:10232000040400BF2F46ADB918E000BF04F1280037
:10233000022103F01DFF0AE0012501272078400655
:102340001AD44BE004F10800002103F07DFE05469D
:102350002F461DB1207840060ED43FE0D8F8280063
:10236000D4F88C1020F0E04000250843C8F828007D
:1023700037462078400631D5D4F898004FEAB0208F
:1023800005280FD8DFE800F004140804040400BF97
:102390002E46ADB918E000BF04F12800022103F079
:1023A000E7FE0AE001250126207800061AD44EE057
:1023B00004F10800002103F047FE05462E461DB13A
:1023C000207800060ED442E0D8F82C00D4F89810FB
:1023D00020F4E05000250843C8F82C003E46207841
:1023E000000634D5D4F89C004FEA7030052815D883
:1023F000DFE800F0041A0E04040400BF2F46E5B124
:102400002068010727D4C1063ED4000355D477E0E5
:1024100004F12800022103F0ABFE0AE001250127A8
:1024200020680107EFD516E004F10800002103F051
:102430000BFE0546002D2F46E2D1D8F82C00D4F82B
:102440009C1020F4604000250843C8F82C00374653
:1024500020680107D7D5D4F88000B0F5805F09D196
:1024600004F12800022103F083FE002818BF012791
:10247000D4F88000D8F8281021F440510843C8F857
:1024800028002068C106C0D5D4F89400B0F5807F3C
:1024900009D104F12800022103F06AFE002818BFC8
:1024A0000127D4F89400D8F82C1021F44071084387
:1024B000C8F82C002068000322D5D4F8A000B0F59D
:1024C000003F11D0B0F5803F08D0002844D104F17E
:1024D0000800002103F0B8FD05E000BF04F128006A
:1024E000022103F045FE05462E4655B9D8F82C00CA
:1024F000D4F8A01020F4403000250843C8F82C0080
:102500003E46A07840072CD5D4F88400B0F5401F93
:102510000BD0B0F5001F0BD0B0F5801F2AD1D8F832
:10252000000040F40030C8F800002F46D5B907E09D
:1025300004F12800012103F01BFE05462F468DB94A
:10254000D8F82800D4F8841020F44010002508435F
:10255000C8F8280005E000BF01250126A078400743
:10256000D2D43746A078C00709D13E4621688800FA
:1025700015D532E001250127A078C007F5D0206DE0
:10258000B0F5803F10D018BBD8F8000040F4003000
:10259000C8F800002E4685B1216888001DD4606807
:1025A0008A0326D465E000BF04F10800022103F08D
:1025B0004BFD0546002D2E46EED1D8F82000216DAA
:1025C00020F4803000250843C8F82000CDE700BF84
:1025D0000125012621688800E1D504F128000221A7
:1025E00003F0C6FD002818BF0126D4E900108A03B5
:1025F0003FD5E26F6FF0010303EB3223022B0BD3C5
:102600004FEA322343B1012B40F0AA80D8F80030C2
:1026100043F40033C8F8003025B3CA022CD48A0230
:1026200034D44A003CD4CA0F49D1090251D4C1075D
:102630005AD1810763D441076CD4010776D4C1060F
:1026400000F18080800607D504F12800022103F004
:102650008FFD002818BF0125002D18BF0125284631
:10266000BDE8F087D8F8283023F440731A43C8F83F
:1026700028203546CA02D2D5D8F82420236F22F06C
:1026800000421A43C8F824208A02CAD5D8F8242068
:10269000A36E22F080721A43C8F824204A00C2D5E3
:1026A00058F81C2C22F4004248F81C2CD4F8B42012
:1026B00058F81C3C1A4348F81C2CCA0FB5D0D8F85F
:1026C0002020636D22F040521A43C8F820200902EE
:1026D000ADD5D8F82810D4F8882021F44001114352
:1026E000C8F82810C107A4D004F10800002103F0A5
:1026F000ABFC002818BF0546606881079BD504F134
:102700000800012103F0A0FC002818BF05466068FE
:10271000410792D504F10800022103F095FC00283E
:1027200018BF0546606801077FF589AF04F12800EE
:10273000002103F01DFD002818BF05466068C10692
:102740007FF580AF04F12800012103F011FD00287E
:1027500018BF0546606880063FF576AF7CE700BF8E
:102760000125CA027FF55BAF86E700BFD4F8B00051
:102770004FF6CF7358F81C2CC0F2FF0300F44071E1
:1027800022F47C5203EA10136FF31F30B1F5407F3F
:1027900008BF1A43002548F81C2CD8F844100843F9
:1027A000C8F84400FFF7BBBC2DE9F04381B0002816
:1027B00000F0208142F200090446C5F20029D9F850
:1027C000000000F00F0081420DD9D9F8000020F080
:1027D0000F000843C9F80000D9F8000000F00F000E
:1027E000884240F00781206844F218464207C5F647
:1027F00002060AD52269336803F070039A4204D9AD
:10280000336823F070031A43326002070AD5626905
:10281000736803F070039A4204D9736823F070035D
:102820001A437260C2060AD5A269736803F4E063B2
:102830009A4204D9736823F4E0631A4372608206F3
:102840000AD5E269B36803F070039A4204D9B36809
:1028500023F070031A43B26010F002020AD0E3685A
:10286000376807F00F07BB4204D9376827F00F0716
:102870003B433360C3073FD0306820F47062D4E933
:1028800001031A433260012856F8182C0AD0032895
:1028900004D002280AD192030BD4ABE0920108D4F1
:1028A000A8E000BFD20504D4A4E000BF520740F165
:1028B000A180884656F8081C21F00701084346F815
:1028C000080CFEF7F5FF054641F2883756F8080C6C
:1028D000616800F03800B0EBC10F09D0FEF7E8FFE7
:1028E000401BB842F2D9032001B0BDE8F08300BF1D
:1028F0002068414600F0020252B1E268336803F0FA
:102900000F039A4204D2336823F00F031A43326054
:10291000D9F8002002F00F0291420CD2D9F8002021
:1029200022F00F020A43C9F80020D9F8002002F073
:102930000F028A425ED141070AD52169326802F04E
:102940007002914204D2326822F070021143316069
:1029500001070AD56169726802F07002914204D2DF
:10296000726822F0700211437160C1060AD5A16934
:10297000726802F4E062914204D2726822F4E0626A
:102980001143716080060AD5E069B16801F07001F9
:10299000884204D2B16821F070010843B06000F0B1
:1029A000B7F8316849F22052C0F60002C1F30321A2
:1029B000515C336803F00F0301F01F01D25C20FA71
:1029C00001F102F01F0040F22002C2F2004221FA9F
:1029D00000F0106040F2180040F21C02C2F2004009
:1029E000C2F200420068116001B0BDE8F043FEF79A
:1029F000ABBF00BF012001B0BDE8F08300000000C4
:102A000080B500F085F844F2184149F22053C5F62C
:102A10000201C0F600030A68C2F303229A5C096847
:102A200001F00F0102F01F02595C20FA02F201F0DE
:102A30001F0040F22001C2F2004122FA00F00860BB
:102A400040F21C01C2F200410A6080BD000000009B
:102A500080B500F05DF844F2184C49F22053C5F6F9
:102A6000020CC0F60003DCF80020C2F303229A5CDB
:102A7000DCF8001001F00F0102F01F02595CD04099
:102A800040F22002C2F2004201F01F0120FA01F1DF
:102A9000116040F21C02C2F200421060DCF8040037
:102AA000C0F30210185C00F01F0021FA00F080BD96
:102AB00080B500F02DF844F2184C49F22053C5F6C9
:102AC000020CC0F60003DCF80020C2F303229A5C7B
:102AD000DCF8001001F00F0102F01F02595CD04039
:102AE00040F22002C2F2004201F01F0120FA01F17F
:102AF000116040F21C02C2F200421060DCF80400D7
:102B0000C0F30220185C00F01F0021FA00F080BD25
:102B100044F20041C5F602010869C0F3C20003286F
:102B200016D002280ED0002832D10868800649F25B
:102B30000000C0F2D03058BF70470968C1F3C1012E
:102B4000C840704747F64000C0F27D10704700BF94
:102B50008B6A886AD1F82CC04A6BC0F30510E8B1C3
:102B6000C2F3CC0203F0030300EE102A9FED2A1AF1
:102B7000B8EE400A20EE010A9FED281ADFE803F0C4
:102B8000022110210A6892060ED49FED261A18E041
:102B900040F60010C0F23D00704700BF00207047B3
:102BA0009FED1F1A0DE000BF0A6849F20003C0F252
:102BB000D033C2F3C10223FA02F201EE102AB8EEBA
:102BC000411A0A6B9FED183A6FF35F2202EE102A4A
:102BD0005FEACC7203FE000A03EE100A086BB8EE3F
:102BE000422AC0F34620B8EE433A013030EE020AE2
:102BF000B7EE002A81EE031A30EE020A21EE000A37
:102C000001EE100AB8EE411A80EE010ABCEEC00ACD
:102C100010EE100A704700BF000000390024744A0B
:102C200020BCBE4B0024744C0000000000000000DB
:102C300070B3F0B581B00446007844F20046C00796
:102C4000C5F6020626D1207880076AD5306910F0D3
:102C50003801B06A42D0182908BF5FEA80703DD0C1
:102C6000E0683168002800F02D8121F01901084347
:102C70003060FEF71DFE0546306840074AD4FEF777
:102C800017FE401B0228F7D9032001B0F0BD00BF9A
:102C900001207047306900F03801B06A102905D072
:102CA00018290BD100F00300022807D130688003F7
:102CB000C9D560680028C6D1AAE000BF6168306845
:102CC000002900F03981B1F5A02F00F02D81B1F578
:102CD000803F40F0478140F4803049E13068400750
:102CE000E06802D5002800F09380316821F01901D6
:102CF00008433060FEF7DCFD054600BF3068400742
:102D000008D4FEF7D5FD401B02284FF00300F5D98B
:102D100001B0F0BD7068216920F0FE4040EA01601A
:102D200070602078C0061AD5306900F03801B06AAA
:102D3000082907D0182940F0858000F003000128F9
:102D400040F080803068C00502D5E06980285FD1FE
:102D5000F068216A20F07C5040EA0160F060207841
:102D600000073FD42078800656D42078400700F131
:102D70008180656A9DB3306900F03800182840F002
:102D80001981012DB16A306B42D001F00302A36AB0
:102D90009A423DD1C1F30511E26A914238D1014610
:102DA000226B6FF35F21013A914231D1C0F3462289
:102DB000616B01398A422BD1C0F30642A16B013904
:102DC0008A4225D1C0F30660E16B013988421FD1E8
:102DD000706BA16CC0F3CC00814240F0A581002053
:102DE00001B0F0BD60690028706F59D040F001005B
:102DF0007067FEF75DFD0546706F8007B2D4FEF781
:102E000057FD401B0228F7D9032001B0F0BD00BFD9
:102E1000012001B0F0BD00BFA0690028306871D06A
:102E200040F480503060FEF743FD05463068800472
:102E30009BD4FEF73DFD401B0228F7D9032001B0CB
:102E4000F0BD00BFE0690028306800F0A18040F0CC
:102E500080003060FEF72CFD054600BF3068C005DD
:102E60003FF576AFFEF724FD401B02284FF003002C
:102E7000F4D94DE7D6F8000440F48070C6F8000499
:102E8000FEF716FD054600BFD6F80004C0052BD49A
:102E9000FEF70EFD401B6428F6D9032001B0F0BDFB
:102EA00020F001007067FEF703FD0546706F800794
:102EB0007FF558AFFEF7FCFC401B02284FF00300E3
:102EC000F4D925E721F001003060FEF7F1FC05465A
:102ED000306840077FF525AFFEF7EAFC401B02286B
:102EE0004FF00300F4D913E7A168306F002900F018
:102EF0008B80052900F08080012940F09D8040F002
:102F000001009FE020F480503060FEF7D1FC0546C0
:102F1000306880047FF529AFFEF7CAFC401B022809
:102F20004FF00300F4D9F3E640F4802030603068BD
:102F300040F480301CE000BF20F480303060306806
:102F400020F480203060FEF7B3FC05463068800333
:102F50007FF579AEFEF7ACFC401B64284FF0030010
:102F6000F4D9D5E620F480303060306820F4802039
:102F70003060FEF79DFC0546306880033FF563AE88
:102F8000FEF796FC401B6428F6D9032001B0F0BD83
:102F900020F080003060FEF78BFC05463068C005ED
:102FA0007FF5DDAEFEF784FC401B02284FF00300E6
:102FB000F4D9ADE6306820F080703060FEF778FC20
:102FC000022D05460CD100BF306880014CD5FEF7BC
:102FD0006FFC401B02284FF00300F5D998E600BFB4
:102FE000306880017FF5FBAEFEF762FC401B0228D3
:102FF0004FF00300F4D98BE640F004003067306FE7
:1030000040F001001EE000BF20F001003067306F8B
:1030100020F004003067FEF74BFC054641F288378C
:10302000306F80077FF5A5AEFEF742FC401BB8422B
:103030004FF00300F4D96BE620F001003067306FE9
:1030400020F004003067FEF733FC054641F2883774
:10305000306F80073FF58DAEFEF72AFC401BB8426B
:103060004FF00300F4D953E604F12807B06A40F2A8
:10307000F33188438ECF0843591E40EA02104FF4C3
:103080007E426FF35F21B06202EB47204FF4FE02F5
:1030900080B2E36B0844A16B02EB01414FF0FE42AA
:1030A00001F4FE0102EB0362084402F0FE41084411
:1030B0003063F06A4FF6F87120F00100F062706B37
:1030C000A26C884340EAC2007063F06A216C20F071
:1030D0000C000843F062F06A616C20F002000843C3
:1030E000F062F06A40F48030F062F06A40F4003040
:1030F000F062F06A40F48020F062F06A40F0010073
:10310000F062306840F080703060FEF7D1FB04461A
:10311000306880013FF563AEFEF7CAFB001B022852
:103120004FF00300F4D9F3E5F06A20F00100F062FB
:10313000FEF7BEFB0546FEF7BBFBA842FBD0706B5B
:103140004FF6F871A26C884340EAC2007063F06ADF
:1031500040F00100F062002001B0F0BD000000006E
:10316000411E0020B0EB116F02D00120704700BF5C
:103170004EF21002F023CEF2000251604EF62351BF
:10318000CEF200010B7007219060116070470000C3
:1031900070470000000000007047000000000000C1
:1031A000704700000000000090F83C20012A4FF01A
:1031B000020266D0B0B580F83D2040F2004C0268B3
:1031C000C4F2010C42F4806363455368D2F808E00E
:1031D00002BF23F470034C6823434DF6FF740D685F
:1031E000C4F2000423F07003A24243EA05035360D3
:1031F00014DC40F2FF73C4F200039A4222DD40F671
:103200000003C4F200039A422ED040F60043C4F2F9
:1032100000039A4228D041F6000321E04FF6FF73E5
:10322000C4F200039A4213DD0023C4F201039A4260
:103230001AD044F20003C4F201039A4214D062454A
:1032400012D016E0B2F1804F0ED040F2004307E0FA
:103250004EF20003C4F200039A4205D04EF200433E
:10326000C4F200039A4204D12EF080038968194306
:1032700091600022012180F83D1080F83C20BDE8DB
:10328000B04010467047000060B310B5044690F897
:103290003D0028B9002084F83C00204600F024F8C6
:1032A000022084F83D002068211D03F051F901201F
:1032B00084F8480084F83E0084F83F0084F8400019
:1032C00084F8410084F8420084F8430084F8440004
:1032D00084F8450084F8460084F8470084F83D00EF
:1032E000002010BD0120704780B582B040F6FF710C
:1032F0000068C4F20001884220DCB0F1804F41D068
:1033000040F20041C4F20001884248D144F2E84052
:103310000022C5F60200016841F002010160006868
:10332000002100F00200019001981D20FEF758FBDB
:103330001D2002B0BDE88040FEF73EBB41F2000117
:10334000C4F2000188422DD04EF20041C4F20001C7
:10335000884224D144F2E8400022C5F602004168C8
:1033600041F0007141604068002100F00070019060
:103370000198A220FEF734FBA22002B0BDE88040F5
:10338000FEF71ABB44F2E840C5F60200016841F0BE
:1033900001010160006800F001000190019802B095
:1033A00080BD00BF44F2E8400022C5F6020001687B
:1033B00041F0100101600068012100F0100001904F
:1033C00001983620FEF70CFB362002B0BDE88040A5
:1033D000FEF7F2BA0000000090F83D10012927D155
:1033E000022180F83D1001684DF6FF70C4F2000024
:1033F0008142C86840F00100C8601BDC40F2FF70E9
:10340000C4F2000081422DDD40F60000C4F200004D
:1034100081423DD040F60040C4F20000814237D0E6
:1034200041F60000C4F20000814231D03CE000BF10
:10343000012070474FF6FF70C4F2000081421BDD8F
:103440000020C4F20100814222D044F20000C4F204
:10345000010081421CD040F20040C4F201008142D0
:1034600016D021E0B1F1804F12D040F20040C4F2FA
:10347000000081420CD017E04EF20000C4F20000C0
:10348000814205D04EF20040C4F2000081420BD1CF
:1034900007228868C0F2010202400020062A18BFF5
:1034A000B2F5803F00D17047086840F00100086025
:1034B000002070470000000090F83C20012A4FF0E7
:1034C000020200F0AA8080B580F83D208822D0F862
:1034D00000C0CFF6CE72DCF808301A40CCF80820D5
:1034E0000B686F2B0EDDB3F1101F37DAB3F5005FF9
:1034F0006EDA702B00F0B680B3F5805F00F0848048
:10350000D8E000BF2F2B33DD4F2B39DC302B6FD0B1
:10351000402B40F0CF80D1F804E0C968DCF82030BF
:10352000DCF8202022F00102CCF82020DCF8182062
:1035300022F0F00242EA011123F00A02CCF818103E
:1035400042EA0E01CCF820104FF68872DCF8081021
:10355000CFF6CF721140473154E000BF2F21C0F2A7
:1035600010018B423ADCB3F1101F41D020213BE027
:10357000002B18BF102B3BD0202B39D09AE000BF76
:10358000502B4DD0602B40F09580D1F804E0C968F5
:10359000DCF82030DCF8202022F01002CCF82020CB
:1035A000DCF8182022F4704242EA013123F0A00234
:1035B000CCF8181042EA0E11CCF820104FF68872A1
:1035C000DCF80810CFF6CF72114067311AE000BF67
:1035D0005CD0B3F5801F0BD06CE000BF3021C0F28F
:1035E00010018B4204D04021C0F210018B4261D106
:1035F0004FF68872DCF80810CFF6CF7211401943ED
:1036000041F00701CCF808100022012180F83D109C
:10361000002180F83C10BDE880401046704700BF94
:10362000D1F804E0C968DCF82030DCF8202022F072
:103630000102CCF82020DCF8182022F0F00242EA47
:10364000011123F00A02CCF8181042EA0E01CCF85E
:1036500020104FF68872DCF80810CFF6CF721140B8
:103660005731CFE701F1040E9EE80C40DCF808105A
:103670001A4321F47F4142EA0E221143CCF808108C
:10368000DCF8081041F07701BCE700BF01F1040E3F
:103690009EE80C40DCF808101A4321F47F4142EA0E
:1036A0000E221143CCF80810DCF8081041F48041D8
:1036B000A8E700BF0122A8E7704700000000000053
:1036C000F0B581B004460068C5680669B10717D532
:1036D00015F0020114D06FF0020101610121217780
:1036E0008069800704D02046FFF7E6FF06E000BFB0
:1036F000204600F0F9F8204600F08AFB00202077F1
:10370000700719D515F0040016D020686FF0040179
:10371000016102212177806910F4407F04D02046A6
:10372000FFF7CAFF06E000BF204600F0DDF82046A4
:1037300000F06EFB00202077300717D515F0080049
:1037400014D020686FF00801016104212177C0695D
:10375000800703D02046FFF7AFFF05E0204600F0CA
:10376000C3F8204600F054FB00202077F00619D55E
:1037700015F0100016D020686FF0100101610821CB
:103780002177C06910F4407F04D02046FFF794FFF2
:1037900006E000BF204600F0A7F8204600F038FB06
:1037A00000202077F00718BF15F0010006D0206830
:1037B0006FF001010161204600F0E6FB05F0800793
:1037C00016F4025F18BF002F02D1F00509D410E0F3
:1037D00020686FF4025101612046FFF7DDFCF0051F
:1037E00007D537B120686FF4807101612046FFF77B
:1037F000CFFC700609D515F0400006D020686FF0A8
:1038000040010161204600F0EBFBB0060CD515F03D
:10381000200009D020686FF020010161204601B02E
:10382000BDE8F040FFF7BCBC01B0F0BD00000000F7
:1038300080B586B04EF200420068C4F2000200215A
:1038400090420591CDE90311CDE901112AD040F252
:103850000041C4F20001884210D0B0F1804F41D144
:1038600044F2E0404FF44062C5F60200016841F0C6
:1038700002010160006801210BE000BF44F2E0405A
:103880001022C5F60200016841F0020101600068E3
:10389000022100F002000090009840F20040C5F6BE
:1038A000020015E044F2E0404FF40062C5F6020069
:1038B000016841F020010160006800F020000090E4
:1038C00040F200400099C5F602000E2100F580503C
:1038D000059101A90192022202920022CDE9032260
:1038E000FDF702FF06B080BD704700000000000039
:1038F00090F83C30012B01D1022070474FEAB20210
:10390000052A00F223812DE9F041DFE812F00700DB
:10391000BB00570095003100F90000BF036843F673
:10392000FF76C4F201061C6AB3421A6A24F002044C
:1039300022F001021A621A46D3F804C052F818EFB6
:103940008D6844EA0504D1F8008040F3818144F297
:103950000007C4F20107BB4200F0858144F600076E
:10396000C4F20107BB4200F07E8144F2004776E1D9
:10397000036843F6FF77C4F20107D3F820C0BB42C7
:103980001A6A22F480321A621A465C6852F8546F3E
:103990000D68D1F808E040F3DF8044F20007C4F27C
:1039A0000107BB4200F0E38044F60007C4F20107C0
:1039B000BB4200F0DC8044F20047D4E0036840F2F0
:1039C000004E43F48067C4F2010E1C6A77451A6A00
:1039D00024F4007422F480721A621A465D6852F868
:1039E0001CCF8E6844EA062407D1CE6840F2FF4718
:1039F000360224F44064BE43344343F6FF76D1F8E4
:103A00000080C4F20106B34240F3D28044F20007C2
:103A1000C4F20107BB4200F0D28044F60007C4F2B2
:103A20000107BB4200F0CB8044F20047C4F201071B
:103A3000BB4200F0C480C9E0036843F6FF77C4F2DC
:103A40000107D3F820C0BB421A6A22F480521A62DE
:103A50001A465C6852F81C6F0D68D1F808E040F314
:103A6000CD8044F20007C4F20107BB4200F0D180D0
:103A700044F60007C4F20107BB4200F0CA8044F2DA
:103A80000047C2E0036840F2004E43F48067C4F28E
:103A9000010E1C6A77451A6A24F0200422F01002F5
:103AA0001A621A465D6852F818CF8E6844EA061406
:103AB00007D1CE686FF0400724F0C00407EA06166D
:103AC000344343F6FF76D1F80080C4F20106B342D6
:103AD00040F3E08044F20007C4F20107BB4200F06B
:103AE000E08044F60007C4F20107BB4200F0D98031
:103AF00044F20047C4F20107BB4200F0D280D7E095
:103B0000036843F6FF77C4F20107D3F820C0BB4235
:103B10001A6A22F480121A621A465C6852F8546FCC
:103B20000D68D1F808E040F3058144F20007C4F2C3
:103B30000107BB4200F0098144F60007C4F2010707
:103B4000BB4200F0028144F20047FAE0012100226A
:103B500080F83C20084670470027C4F20107BB42AA
:103B600005D040F20047C4F20107BB4204D14F69BF
:103B700024F4803444EA07244FF68C775C60CFF657
:103B8000FE7703373E402CF4003746EA05045C65B7
:103B90004E6809699E6547EA0E471F625F6D47F0F0
:103BA00008075F655F6D27F004075F65EEE000BF03
:103BB0000027C4F20107BB4201D0734506D1D1E909
:103BC0000576374325F4405646EA07154FF68C77BD
:103BD0005D60CFF6FE7707EA0C0747EA0807DF616A
:103BE0004F680969DF631C62DF6947F00807DF611E
:103BF000DF6927F00407DF61C8E000BF0027C4F2D7
:103C00000107BB4205D040F20047C4F20107BB42A6
:103C100004D14F6924F4804444EA871448F6FF47EE
:103C20005C60CFF6FF673E402CF4005746EA05245F
:103C3000DC614E6809691E6447EA0E371F62DF695E
:103C400047F40067DF61DF6927F48067DF619CE08C
:103C50000027C4F20107BB4205D040F20047C4F27E
:103C60000107BB4205D1CF6824F00C0427F00407FC
:103C70003C43B34234DD44F20006C4F20106B342D1
:103C800039D044F60006C4F20106B34233D044F200
:103C900000462CE00027C4F20107BB4201D0734567
:103CA00006D1D1E90576374325F4406646EA870513
:103CB00048F6FF475D60CFF6FF6707EA0C0747EA63
:103CC00008279F614F6809699F631C629F6947F4D9
:103CD00000679F619F6927F480679F6155E000BF7F
:103CE0000026C4F20106B34205D040F20046C4F2F9
:103CF0000106B34206D12CF44077D1E9056537437C
:103D000047EA050C4FF68C75C3F804C0CFF6FE7574
:103D10000EEA050747EA08079F614F6809695F6374
:103D20001C629F6947F008079F619F6927F004079D
:103D30009F612BE00027C4F20107BB4205D040F28F
:103D40000047C4F20107BB4204D14F6924F4802428
:103D500044EA872448F6FF475C60CFF6FF6707F523
:103D600040773E402CF4001746EA05245C654E6817
:103D70000969DE6547EA0E571F625F6D47F4006709
:103D80005F655F6D27F480675F65090213681943FB
:103D900011600021BDE8F041002280F83C20084677
:103DA000704700000000000060B310B5044690F8B2
:103DB0003D0028B9002084F83C00204600F024F89B
:103DC000022084F83D002068211D02F0C1FB012083
:103DD00084F8480084F83E0084F83F0084F84000EE
:103DE00084F8410084F8420084F8430084F84400D9
:103DF00084F8450084F8460084F8470084F83D00C4
:103E0000002010BD01207047704700000000000036
:103E1000704700000000000080B5C9B10B1F4FF0D3
:103E20003F0C4FEAB30E4322BEF1040F38BF0CEB38
:103E3000B302825C012A13D1BEF1030F1ED8DFE862
:103E40000EF00319111500BF022280F83F2018E080
:103E500090F83E20012A03D1022280F83E2010E093
:103E6000012080BD022280F841200AE0022280F871
:103E7000422006E0022280F8402002E0022280F880
:103E80004320026801F01F00012101FA00F0116ACD
:103E9000814311624EF2FF31C4F200018A42116A7D
:103EA00040EA0100106215DC40F6FF30C4F2000069
:103EB000824227DCB2F1804F4ED040F20040C4F283
:103EC0000000824248D040F60000C4F20000824266
:103ED00042D053E043F6FF700021C4F20100C4F267
:103EE0000101824244F20000C4F201001EDC4EF2E5
:103EF0000043C4F200039A422ED08A4224D040F2FA
:103F000000431DE040F60040C4F20000824223D08E
:103F100041F60000C4F2000082421DD04EF20000C3
:103F2000C4F20000824217D028E000BF82420BD0CA
:103F300044F60003C4F201039A4205D044F2004360
:103F4000C4F201039A4219D1536C8A4243F40041EE
:103F5000516418BF82420BD107219068C0F2010161
:103F600001400020062918BFB1F5803F06D180BD71
:103F700040F20040C4F201008242EDD0106840F0EF
:103F800001001060002080BDB0B540F2004504463D
:103F9000C4F20005006805F54061884210D005F5BF
:103FA0006041884213D0A84218BFB0BD40F2101043
:103FB000C2F200402430BDE8B04002F081B900BF39
:103FC00004F0F2FD206805F560418842EBD140F233
:103FD0001010C2F2004002F073F92068E3E700001D
:103FE000704700000000000090F88410012901D102
:103FF000022070472421C0F8881001680A680B6805
:1040000022F0005223F001030B60002343660A6094
:104010002021C0F8881080F884300020704700000C
:104020007047000000000000704700000000000022
:1040300090F88420012A01D10220704770B5242213
:10404000C0F888200268D0F864E0BEF1000FD2F812
:1040500000C0136823F001031360936823F06063CA
:1040600041EA0301916019D0916849F6725E936844
:10407000C0F6000E5B0F49F67A55C1F34266C0F6F2
:1040800000051EF80340E95C2301B3FBF1F11EF8C3
:104090000630AE5D1B01B3FBF6F301E00121012305
:1040A000A0F86A102021A0F86830C2F800C0C0F85B
:1040B0008810002180F88410002070BD00000000EE
:1040C00090F88420012A01D10220704770B5242283
:1040D000C0F888200268D0F864E0BEF1000FD2F882
:1040E00000C0136823F001031360936823F060435A
:1040F00041EA0301916019D0916849F6725E9368B4
:10410000C0F6000E5B0F49F67A55C1F34266C0F661
:1041100000051EF80340E95C2301B3FBF1F11EF832
:104120000630AE5D1B01B3FBF6F301E00121012374
:10413000A0F86A102021A0F86830C2F800C0C0F8CA
:104140008810002180F88410002070BD000000005D
:1041500070470000000000007047000000000000F1
:10416000704700000000000070B5016840F62F02A3
:10417000CB691A40202A0A688E680BD102F020040D
:1041800006F080552D1917D0416F69B3BDE8704016
:10419000084700BF40F60F052B420DD0012540F225
:1041A0002014C1F20005C0F2004406EA050C02EA40
:1041B000040515EB0C0525D1DD06C46E16D5012CC2
:1041C00014D112F0100511D010220A628968490634
:1041D00066D4B0F85C10B0F85E20B0F85E30002B0A
:1041E00018BF914240F05C8270BD00BFDD0215D562
:1041F00016F4800512D04FF480120A62BDE87040B8
:10420000FFF7AABFDD0718BF12F4807540F01E81CA
:104210009D0706F0010E00F125812EE1190606D555
:1042200002F0800106F40006891940F0BF825906A9
:1042300040F1008112F0400100F0FC80016851E87B
:10424000001F026821F0400142E80013F3B1016849
:1042500051E8001F026821F0400142E80013002BE2
:104260001FBF016851E8001F026821F040011CBF18
:1042700042E80013002B09D0016851E8001F0268D2
:1042800021F0400142E80013002BD7D12021C0F8D3
:10429000881000218167BDE8704000F0F9BB00BFC5
:1042A000D0F880100A68526893B2002B9CD0B0F806
:1042B0005C60B34298D2A0F85E20C969B1F5807FF6
:1042C00000F0AC80016851E8001F026821F48071A1
:1042D00042E80013F3B1016851E8001F026821F4BD
:1042E000807142E80013002B1FBF016851E8001FD6
:1042F000026821F480711CBF42E80013002B09D032
:10430000016851E8001F026821F4807142E800133F
:10431000002BD7D1016851E8021F026821F001018A
:1043200042E80213F3B1016851E8021F026821F06C
:10433000010142E80213002B1FBF016851E8021F70
:10434000026821F001011CBF42E80213002B09D0D2
:10435000016851E8021F026821F0010142E80213DE
:10436000002BD7D1016851E8021F026821F04001FB
:1043700042E80213F3B1016851E8021F026821F01C
:10438000400142E80213002B1FBF016851E8021FE1
:10439000026821F040011CBF42E80213002B09D043
:1043A000016851E8021F026821F0400142E802134F
:1043B000002BD7D12021C0F88C100021C1660168E4
:1043C00051E8001F026821F0100142E80013F3B128
:1043D000016851E8001F026821F0100142E8001353
:1043E000002B1FBF016851E8001F026821F0100177
:1043F0001CBF42E80013002B09D0016851E8001FE0
:10440000026821F0100142E80013002BD7D1D0F848
:10441000801004460846FCF777FD2046022101671C
:10442000B0F85C10B0F85E20891A89B2BDE870401F
:10443000FFF7F6BD190240F1C58112F0804100F08E
:10444000C181BDE87040FFF783BE00BF01250D624A
:10445000D0F8905045F00105C0F890509D0706F047
:10446000010E0AD5BEF1000F07D002240C62D0F86D
:10447000904044F00404C0F890405C070AD5BEF1B7
:10448000000F07D004250D62D0F8905045F00205CA
:10449000C0F890501D070CD502F0200555EA0C0518
:1044A00007D008250D62D0F8905045F00805C0F8F7
:1044B00090501D050BD512F0806508D04FF40065B3
:1044C0000D62D0F8905045F02005C0F89050D0F81B
:1044D0009050002D3FF488AE9B060BD502F02002D1
:1044E00006F08053D21805D0426F1AB104469047A7
:1044F00020462168D0F89020896801F0400102F040
:104500002802891806D10446FFF72AFE0020C4F8C5
:10451000900070BD016851E8001F026821F490719D
:1045200042E80013F3B1016851E8001F026821F46A
:10453000907142E80013002B1FBF016851E8001F73
:10454000026821F490711CBF42E80013002B09D0CF
:10455000016851E8001F026821F4907142E80013DD
:10456000002BD7D14FF6FE71CEF6FF71026852E8EC
:10457000022F03680A4043E80226DEB1026852E8CF
:10458000022F03680A4043E80226002E1FBF02687C
:1045900052E8022F03680A401CBF43E80226002E9F
:1045A00008D0026852E8022F03680A4043E8022656
:1045B000002EDBD1C16E012927D1016851E8001F0F
:1045C000026821F0100142E80013F3B1016851E8DC
:1045D000001F026821F0100142E80013002B1FBFEA
:1045E000016851E8001F026821F010011CBF42E879
:1045F0000013002B09D0016851E8001F026821F068
:10460000100142E80013002BD7D12021C0F88C10F4
:104610000021C166026841679168490640F1CE8079
:10462000016851E8021F026821F0400142E80213CC
:10463000F3B1016851E8021F026821F0400142E82D
:104640000213002B1FBF016851E8021F026821F00E
:1046500040011CBF42E80213002B09D0016851E859
:10466000021F026821F0400142E80213002BD7D15B
:10467000D0F88010002900F0A18046F639120446D7
:104680000846C0F600020A65FCF7D2FE00283FF497
:10469000ABADD4F88000016DBDE87040084700BFA5
:1046A000891A026852E8002F036822F4907243E8E6
:1046B0000026F6B1026852E8002F036822F49072D7
:1046C00043E80026002E1FBF026852E8002F03684F
:1046D00022F490721CBF43E80026002E09D0026825
:1046E00052E8002F036822F4907243E80026002E5F
:1046F000D7D14FF6FE72CEF6FF72036853E8023F41
:104700000668134046E80235DDB1036853E8023F0E
:104710000668134046E80235002D1FBF036853E8C2
:10472000023F066813401CBF46E80235002D08D042
:10473000036853E8023F0668134046E80235002D3F
:10474000DBD12022C0F88C200022C26642670268BA
:1047500052E8002F036822F0100243E80026F6B169
:10476000026852E8002F036822F0100243E8002696
:10477000002E1FBF026852E8002F036822F01002CB
:104780001CBF43E80026002E09D0026852E8002F23
:10479000036822F0100243E80026002ED7D189B228
:1047A00002220267BDE87040FFF73ABC816F002922
:1047B0003FF41AADBDE87040084700BFBDE8704047
:1047C000FFF7CEBCD9017FF50FADB2F1FF3FC8BFF7
:1047D00070BDBDE87040FFF727BC0000000000007E
:1047E00010B5D8B10446D0F8880028B9002084F864
:1047F0008400204600F028F82420C4F888002068AF
:10480000A16A0268002922F00101016002D020465D
:1048100001F06AFF204602F0C3FD08B1012010BD7F
:104820002068416821F490414160816821F02A01AB
:104830008160016841F0010101602046BDE810403F
:1048400001F0C2BF00000000B0B5B6B0044602A837
:104850000830B02100253195CDE93455CDE93255E8
:10486000FBF79AFF41F600012068C4F2010188427B
:1048700002D036B0B0BD00BF0120029002A803955F
:10488000FDF752FA08B1FCF737FB44F2E040C5F6F9
:104890000200016941F040010161016901F040013C
:1048A00001910199016841F008010160006831A996
:1048B00000F00800019001984FF440403190022030
:1048C00032900020CDE933000B20359040F60040B7
:1048D000C5F60200FCF708FF9B2000210022FDF72F
:1048E0007FF89B20FDF768F836B0B0BD00000000EF
:1048F000D0F88C30202B07D10123002918BF002AC3
:1049000006D11846704700BF02231846704700BF03
:1049100080B50023C36640F60043D0F800C0C5F65A
:1049200000039C4503D0DCF804301B0204D402F0E1
:1049300093FF002080BD00BF036853E800CFD0F88C
:1049400000E04CF080634EE8003CBCF1000FEED07C
:10495000036853E800CFD0F800E04CF080634EE8E5
:10496000003CBCF1000F1FBF036853E800CFD0F834
:1049700000E04CF080631CBF4EE8003CBCF1000F2F
:10498000D5D0036853E800CFD0F800E04CF0806346
:104990004EE8003CBCF1000FCED1C8E7000000009B
:1049A00040F20871C2F20041884218BF704770B5EA
:1049B00040F25815C2F20045287840280ED1012057
:1049C000A8700020E8802878E9884A1CEA8040F630
:1049D000C822C2F2004250544AE000BFA878012821
:1049E00046D12978EA88501CE88040F6C820C2F2F7
:1049F00000408154E988022934D3E988014411F840
:104A0000021C0D292ED1E988084410F8010C0A284F
:104A100028D10026AE706878042822D8288940F66C
:104A20003C01C2F20041EA8800EB801001EB400437
:104A300040F6C821C2F200412046FBF768FEE88834
:104A400043F23431A4F88000C3F2333128890130B5
:104A5000A0FB011202EB8201401A28816878013024
:104A60006870EE80E888802802D30020A870E88073
:104A700040F2087040F25811C2F20040C2F2004108
:104A80000122BDE87040FFF733BF000000000000C6
:104A90007047000000000000FEE70000000000007A
:104AA000FEE7000000000000FEE70000000000003C
:104AB00080B540F220204FF48061C2F20040FBF745
:104AC0006BFE80BD00000000F0B581B00146CA68F1
:104AD000D2B11269C2B18A420D4618D0D168A9B1CB
:104AE000096999B19142154611D0CA6862B112693B
:104AF00052B18A420D460AD0D16839B1096929B14B
:104B000091421546E3D102E00D4600E01546002132
:104B10004FF0FF342A4600BF8242526908BF0C465C
:104B20009AB101318242526908BF0C466AB1013123
:104B30008242526908BF0C463AB18242526908BFAC
:104B40004C1C002A01F10201E6D104F1FD0000270E
:104B5000032CC8BFC7B2002F18BF002D50D1002DA5
:104B60004CD0A74207D1002000214022102300266C
:104B7000009600F061F82A6802200221082301F063
:104B80001FF86D69D5B3781CA04207D10020102111
:104B9000402210230026009600F04EF82A680220DA
:104BA0001221082301F00CF86D693DB3B81CA04236
:104BB00007D100202021402210230026009600F07B
:104BC0003BF82A6802202221082300F0F9FF6D69D2
:104BD000A5B1F81CA04207D10020302140221023AB
:104BE0000027009700F028F82A68022032210823C5
:104BF00001B0BDE8F04000F0E3BF00BF01B0F0BD80
:104C0000042000BFC11E6D69B942A8D2002DA6D0F4
:104C1000811E6D69B942A2D2002DA0D0411E6D69DE
:104C2000B9429CD2002D9AD0B8426D6997D2002D1E
:104C300000F10400E6D192E72DE9F043079F02EB73
:104C4000000C002F3ED0002A00F07E80002B6FD099
:104C500040F220295A184FF6F87E4FF00108C2F2B0
:104C6000004903E0013003B29C456DDD85B20E467C
:104C7000802D15D20E4603E0013633B29A42F1DDA3
:104C8000B7B23F2FF8D806EA0E0706F0070308FA76
:104C900003F309EB07177C5D23437B55ECE700BF6B
:104CA000731C1BB29A42DDDDB31C1BB29A42C2BF19
:104CB000F31C1BB29A42D5DD043633B29A42EFDCC4
:104CC000D0E700BF002A00F07C80CA180124013A16
:104CD000402995B202F0070204FA02FE4FEAD5021B
:104CE00034D28EB201F0070704FA07F8402D4FEADC
:104CF000D60541D240F22027C2F2004707EBC51685
:104D000007EBC215024603E0013214B2A44558DD98
:104D100097B27F2FF8D8F45D44EA0804F455EC5DAF
:104D200044EA0E04EC55EFE7043001B28C450BDD8C
:104D3000411C09B28C4507DD811C09B28C45C2BFFC
:104D4000C11C09B28C45EFDCBDE8F083402D27D2B1
:104D500040F22024C2F2004404EBC212044603E0F5
:104D6000013425B2AC452CDDA5B27F2DF8D8565DB7
:104D700046EA0E065655F3E740F220220646C2F2F6
:104D8000004202EBC51203E0013637B2BC4518DD24
:104D9000B7B27F2FF8D8D55D45EA0805D555F3E7BA
:104DA0000246571C3FB2BC450BDD971C3FB2BC45C9
:104DB000C2BFD71C3FB2BC4503DD043217B2BC45AD
:104DC000EFDC002B08BFBDE8F0835A18ACF10103FB
:104DD0009BB240F220284FF6F87C4FF0010EC2F251
:104DE000004803E001310CB2A242ADDD8DB27F2854
:104DF00098BF3F2D04D97F2B98BF3F2DF2D80EE0EE
:104E000001EA0C0601F007070EFA07F708EB061691
:104E1000345C3C4334547F2B98BF3F2DE2D801EAE9
:104E20000C0401F007050EFA05F508EB0414E65C26
:104E30003543E554D6E70000B0B540F6000405461A
:104E4000C5F60204C20920212046FCF729FD0120F5
:104E5000FCF736F8102101222046FCF721FD012045
:104E6000FCF72EF8102100222046FCF719FD012046
:104E7000FCF726F8C5F3801220212046FCF710FD30
:104E80000120FCF71DF8102101222046FCF708FD47
:104E90000120FCF715F8102100222046FCF700FD48
:104EA0000120FCF70DF8C5F3401220212046FCF745
:104EB000F7FC0120FCF704F8102101222046FCF742
:104EC000EFFC0120FBF7FCFF102100222046FCF73D
:104ED000E7FC0120FBF7F4FFC5F300122021204678
:104EE000FCF7DEFC0120FBF7EBFF1021012220463E
:104EF000FCF7D6FC0120FBF7E3FF1021002220463F
:104F0000FCF7CEFC0120FBF7DBFFC5F3C00220213C
:104F10002046FCF7C5FC0120FBF7D2FF102101223F
:104F20002046FCF7BDFC0120FBF7CAFF1021002240
:104F30002046FCF7B5FC0120FBF7C2FFC5F3800259
:104F400020212046FCF7ACFC0120FBF7B9FF102123
:104F500001222046FCF7A4FC0120FBF7B1FF102141
:104F600000222046FCF79CFC0120FBF7A9FFC5F3BB
:104F7000400220212046FCF793FC0120FBF7A0FF14
:104F8000102101222046FCF78BFC0120FBF798FF43
:104F9000102100222046FCF783FC0120FBF790FF44
:104FA00005F0010220212046FCF77AFC0120FBF7E6
:104FB00087FF102101222046FCF772FC0120FBF73D
:104FC0007FFF102100222046FCF76AFC0120FBF73E
:104FD00077FF102101222046FCF762FC0120FBF73D
:104FE0006FFF102100222046FCF75AFC0120BDE88B
:104FF000B040FBF765BF000010B540F6000410217B
:10500000C5F6020401222046FCF74AFC0120FBF70A
:1050100057FF202101222046FCF742FC0120FBF72C
:105020004FFFAE2000F098FED52000F095FE8020C6
:1050300000F092FEA82000F08FFE3F2000F08CFED2
:10504000D32000F089FE002000F086FE402000F012
:1050500083FEA12000F080FEC82000F07DFEDA2053
:1050600000F07AFE122000F077FE812000F074FE3E
:10507000CF2000F071FED92000F06EFEF12000F08C
:105080006BFEDB2000F068FE302000F065FEA420FF
:1050900000F062FEA62000F05FFE8D2000F05CFEB6
:1050A000142000F059FEAF2000F056FE40F2202000
:1050B0004FF48061C2F20040FBF76EFBBDE8104088
:1050C00000F0D2BD000000002DE9F0472DED028B6D
:1050D00082B0B0EE408BB5EE400BF1EE10FA9A467E
:1050E0009046894607460C9D0CDA062D16D0082DF1
:1050F00020D149F26A700822C0F600001023D03097
:1051000013E000BF062D19D0082D23D149F26A7093
:105110000822C0F600001023B03016E049F23050EB
:105120000622C0F6000008234E300090384649465B
:1051300000F086F8B1EE488B0CE000BF49F2305029
:105140000622C0F600000823423000903846494647
:1051500000F076F8B6EEC80BBAF1000FBCEEC81B33
:1051600038EE400B11EE100A08D0BAF1040F0AF025
:10517000030205D20A239AB91EE000BF01241BE0F6
:105180000AF0FC03012442F2107600BF214674436A
:10519000043BFBD148F2A063C0F201034B435AB178
:1051A000012A01D11C4607E06421022A03FB01F415
:1051B00003EB830108BF4C0001EE104A4346009503
:1051C000B8EE411B20EE010BBCFE400B10EE106A46
:1051D000B6FBF4F10A18781900B2494600F024FB36
:1051E00008F10100062D10FB057000B20AD0082D51
:1051F00013D149F26A710822C0F600011023E03190
:1052000007E000BF49F230510622C0F60001082332
:1052100054310091494600F013F808F10200494664
:1052200010FB057032465346009500B200F0FCFAC0
:1052300002B0BDEC028BBDE8F0870000000000006A
:105240002DE9F04F8BB0002B0292099079D0029893
:1052500003EB0108002863D0099A40F2202E86183B
:105260004FF0010CC2F2004E0C46894606E000BF2A
:1052700009F101090FFA89F4A04562DD1FFA89F2EC
:10528000402A099A3AD209F00702E4080CFA02F21D
:10529000099D6FEA020A0EEBC4172A4604E000BF1C
:1052A00004352AB29642E3DDACB27F2C03D8BC5C55
:1052B00004EA0A04BC546C1C22B29642D8DDA4B2A3
:1052C0007F2C03D8BC5C04EA0A04BC54AC1C22B298
:1052D0009642CDDDA4B27F2C03D8BC5C04EA0A045C
:1052E000BC54EC1C22B29642C2DDA4B27F2CD7D8AB
:1052F000BC5C04EA0A04BC54D2E700BF541C24B2CC
:10530000A642B5DD941C24B2A642C2BFD41C24B26E
:10531000A642ADDD043214B2A642EFDCA8E700BF1E
:105320000A46571C3FB2B8450BDD971C3FB2B84543
:10533000C2BFD71C3FB2B84503DD043217B2B8452F
:10534000EFDC5A1EDDF80890B9F1000F02EB527243
:105350004FEAE20700F0508201EB51723C46D31055
:1053600022F0070208278A1A07EA1137DDF824E03D
:1053700003EBE1303A441FFA82F80EF1010101918A
:1053800040F22021C2F10802C2F200411FFA82FA63
:10539000049009F00300079009F0FC000EF10202EE
:1053A000009271440391002200210A90059410E0BC
:1053B00000EBC21627FA0AF233441F78059C3A43E1
:1053C0001A7000BF089901310A98CAB29442C0F21B
:1053D0002782CBB20891149919FB031B049B9E18DA
:1053E00002FB0911082E06F1010206916CD2082A6F
:1053F00080F0B680B9F1040F80F0FC804FF0000C13
:105400000799DDF808900029059CDBD00CEB0E0312
:105410007F2B18D840F2202B0699C2F2004B304661
:105420000BEBC61711F80C60FD5C06FA08F62E436C
:10543000FE540BEBC21711F80C60FD5C26FA0AF65D
:105440002E43FE54064607990129BBD001980CEB68
:1054500000037F2B1DD840F2202B0CF10107C2F274
:10546000004B069930460BEBC616CD5D059C16F831
:1054700003E005FA08F545EA0E05F5540BEBC216F4
:10548000CF5DDDF824E0F55C27FA0AF72F43F754E7
:1054900006460799022995D000980CEB00037F2B54
:1054A00090D840F220200CF10207C2F20040069989
:1054B00000EBC616CD5D16F803C005FA08F545EAFF
:1054C0000C05F554CF5D73E7072A3FF67BAFB9F1C2
:1054D000040F80F00581002507990029059C3FF401
:1054E00071AF05EB0E037F2B0FD840F22020059CF7
:1054F000C2F2004000EBC2170698465D17F803C0E1
:1055000026FA0AF646EA0C06FE54079901293FF4EA
:1055100059AF01982B187F2B10D840F220206F1C18
:10552000C2F20040059C00EBC2160698C75D16F853
:1055300003C027FA0AF747EA0C07F754079902292C
:105540003FF440AF00982B187F2B3FF63BAFAF1CCA
:105550000698C75D40F22020C2F2004028E700BF55
:10556000B9F1040F80F00A81B4460025079900299B
:10557000059C3FF427AF05EB0E027F2A0DD840F2C1
:105580002020059CC2F2004000EBCC130698475D3A
:105590009E5C07FA08F737439F54079901293FF4A7
:1055A00011AF01982A187F2A0ED840F220206B1CD8
:1055B000C2F20040059C00EBCC170698C35CBE5CB1
:1055C00003FA08F33343BB54079902293FF4FAAEB8
:1055D00000982B187F2B3FF6F5AEAA1C0698825C2C
:1055E00040F22020C2F2004000EBCC1702FA08F291
:1055F0003B44E2E603984FF0000C00EBC61507E0D1
:105600000CF1040C0A986045DDF824E03FF4F8AE94
:10561000E64405EB0C03BEF17F0F0FD90EF101013B
:105620000BEB0C097F2921D90EF102017F2931D919
:105630000EF103017F29E3D840E000BF1BF80C10F6
:1056400015F80C4001FA08F1214305F80C101BF87D
:105650000C1093F8804021FA0AF1214383F880105E
:105660000EF101010BEB0C097F29DDD899F801102F
:105670005C7801FA08F12143597099F8011093F808
:10568000814021FA0AF1214383F881100EF10201D1
:105690007F29CDD899F802109C7801FA08F12143AE
:1056A000997099F8021093F8824021FA0AF1214387
:1056B00083F882100EF103017F29A1D899F8031015
:1056C000DF7801FA08F13943D97099F8031093F89B
:1056D000837021FA0AF1394383F8831090E700BF01
:1056E0000398002500EBC6130A9803E00435A8428E
:1056F0003FF4F2AE0EEB05077F2F09D9791C7F2905
:1057000013D9B91C7F291ED9F91C7F29EED828E0AE
:1057100059191BF8056091F8804026FA0AF62643CD
:1057200081F88060791C7F29EBD80BEB05015E19AD
:10573000497896F8814021FA0AF1214386F88110D0
:10574000B91C7F29E0D80BEB05015E19897896F822
:10575000824021FA0AF1214386F88210F91C7F2940
:10576000C4D80BEB05015F19C97897F8836021FA5B
:105770000AF1314387F88310B8E700BF0399B446B4
:10578000002501EBC61303E00435A8423FF4EEAE5A
:105790000EEB05027F2A06D81BF805705E5D07FA3E
:1057A00008F737435F55571C0BEB05067F2F03EBBC
:1057B000050707D9911C7F290DD9D11C7F29E3D872
:1057C00012E000BF71787C7801FA08F1214379700A
:1057D000911C7F29F1D8B178BC7801FA08F12143F6
:1057E000B970D11C7F29CFD8F178FA7801FA08F185
:1057F0001143F970C8E700BF002040F00101C9B2B1
:105800008F420DDB40F00201C9B28F4222BF40F04F
:105810000301C9B28F4203D30430C1B28F42ECD22C
:105820000BB0BDE8F08F0000002B08BF70472DE9DA
:10583000F04F83B007460C981C46934689460828CB
:1058400060D0062840F0B680C4F1000A651E4FF013
:10585000000842F21076A01E029027E001204CF6CC
:10586000CD410823BBFBF0F0CCF6CC41A0FB0112EC
:10587000D10801EB8101A0EB41000C9940F0100030
:1058800008FB017100EB400208B249F23051C0F64A
:10589000000101EB4201062200914946FFF7D0FCCE
:1058A00008F10108013DA04500F0848088EA0A0063
:1058B0000130D3D00298A0EB0800032802D20120C7
:1058C00007E000BF25F00301012000BF7043043949
:1058D000FCD16FEA0801214411F00301BFD0012976
:1058E00004D100EB80004000B9E700BF4FF47A72AA
:1058F000022900FB02F24FF0640108BF00FB01F235
:105900001046ACE7C4F10008651E002642F2107A8A
:10591000A01E029024E000BF01204CF6CD411023D0
:10592000BBFBF0F0CCF6CC41A0FB0112D10849F250
:105930006A72C0F6000201EB8101A0EB41000C99F4
:1059400006FB017102EB001208B202F58071082219
:1059500000914946FFF774FC0136013DA64229D06B
:1059600086EA08000130D7D00298801B032801D2B4
:10597000012007E025F00301012000BF00FB0AF031
:105980000439FBD1F143214411F00301C5D00129B1
:1059900004D100EB80004000BFE700BF4FF47A72F3
:1059A000022900FB02F24FF0640108BF00FB01F284
:1059B0001046B2E703B0BDE8F04F704700000000AA
:1059C0002DE9F04F83B09146002A1D468A46834652
:1059D0000C980BD4062815D008281FD149F26A70FC
:1059E0000822C0F600001023B03012E0062817D0BD
:1059F000082821D149F26A700822C0F6000010235D
:105A0000D03014E049F230500622C0F600000823DE
:105A10004230009058465146FFF712FC8DB9CBE05A
:105A200049F230500622C0F6000008234E300090A4
:105A300058465146FFF704FCC9F10009002D00F05B
:105A4000BB800C9808285FD0062840F0B5806E42D5
:105A50006F1E4FF0000842F21074A81E029028E05A
:105A600001204CF6CD4108F10108B9FBF0F0CCF66D
:105A7000CC410823A0FB0112D10801EB8101A0EB6E
:105A800041000C9940F0100008FB01B100EB40020E
:105A900008B249F23051C0F6000101EB4201062282
:105AA00000915146FFF7CCFBA845A7F1010700F094
:105AB000838088EA06000130D2D00298A0EB08006B
:105AC000032801D2012006E027F00301012000BFD6
:105AD00060430439FCD16FEA0801294411F0030145
:105AE000BFD0012904D100EB80004000B9E700BF1E
:105AF0004FF47A72022900FB02F24FF0640108BFF2
:105B000000FB01F21046ACE76F426E1E002442F229
:105B10001078A81E029024E001204CF6CD410134FB
:105B2000B9FBF0F0CCF6CC411023A0FB0112D10858
:105B300049F26A72C0F6000201EB8101A0EB41005C
:105B40000C9904FB01B102EB001208B202F580715E
:105B5000082200915146FFF773FBAC42A6F1010603
:105B60002AD084EA07000130D6D00298001B03280F
:105B700002D2012008E000BF26F00301012000BF8F
:105B800000FB08F00439FBD1E143294411F0030183
:105B9000C3D0012904D100EB80004000BDE700BF65
:105BA0004FF47A72022900FB02F24FF0640108BF41
:105BB00000FB01F21046B0E703B0BDE8F08F000033
:105BC0002DE9F04381B014461278002A48D01D46D2
:105BD000894607460020082B1AD0062D36D149F2F7
:105BE00030580026C0F6000802EB420100FB0570A9
:105BF0000622082300B208EB4101C0390091494652
:105C0000FFF71EFB0136F0B2225C002AECD127E040
:105C100049F26A780026C0F6000800BF00FB057054
:105C200008EB0211A1F50071082200B210230091C7
:105C30004946FFF705FB0136F0B2225C002AEDD1A0
:105C40000EE000BF0430C1B2615C49B154FA80F18A
:105C50004A782AB18A78002A1CBFC9780029F1D174
:105C600001B0BDE8F083000010B5B02000F074F87A
:105C7000102000F071F8002000F06EF840F22024AF
:105C80008021C2F20044204600F0B2F8B12000F0BA
:105C900063F8102000F060F8002000F05DF804F1D7
:105CA0008000802100F0A4F8B22000F055F8102008
:105CB00000F052F8002000F04FF804F580708021C9
:105CC00000F096F8B32000F047F8102000F044F8F8
:105CD000002000F041F804F5C070802100F088F841
:105CE000B42000F039F8102000F036F8002000F061
:105CF00033F804F50070802100F07AF8B52000F048
:105D00002BF8102000F028F8002000F025F804F50A
:105D10002070802100F06CF8B62000F01DF81020F3
:105D200000F01AF8002000F017F804F54070802108
:105D300000F05EF8B72000F00FF8102000F00CF82B
:105D4000002000F009F804F560708021BDE81040E3
:105D500000F04EB800000000B0B540F60004054663
:105D6000C5F60204202101222046FBF799FD0120FF
:105D7000FBF7A6F8102101222046FBF791FD012038
:105D8000FBF79EF8202100222046FBF789FD012029
:105D9000FBF796F8102100222046FBF781FD012039
:105DA000FBF78EF87820FFF747F80020FFF744F85C
:105DB0002846FFF741F8202100222046FBF770FD1E
:105DC0000120FBF77DF8102101222046FBF768FD3A
:105DD0000120FBF775F8202101222046FBF760FD2A
:105DE0000120BDE8B040FBF76BB8000000000000E8
:105DF00070B540F600040D46C5F6020406462021A3
:105E000001222046FBF74CFD0120FBF759F8102139
:105E100001222046FBF744FD0120FBF751F8202129
:105E200000222046FBF73CFD0120FBF749F810213A
:105E300000222046FBF734FD0120FBF741F87820D3
:105E4000FEF7FAFF4020FEF7F7FF3DB1013E00BF2D
:105E500016F8010FFEF7F0FF013DF9D120210022D5
:105E60002046FBF71DFD0120FBF72AF81021012237
:105E70002046FBF715FD0120FBF722F82021012227
:105E80002046FBF70DFD0120BDE87040FBF718B878
:105E9000B0B504460078402840F0B8805CA10522E7
:105EA0002046FAF7E9FB68B35BA105222046FAF722
:105EB000E3FB002868D05AA107222046FAF7DCFB52
:105EC000002869D058A106222046FAF7D5FB002801
:105ED0006CD057A106222046FAF7CEFB002879D0D5
:105EE00055A106222046FAF7C7FB002840F08E8015
:105EF00040F27811A01DC2F2004101F1180201F137
:105F00001C035CE040F2781549F68951C2F2004565
:105F1000601D05F1300205F13403C0F60001FAF707
:105F2000DDFA022872D1A01D2821FAF79BFB002878
:105F30006CD049F6895105F1380205F13C03C0F6F1
:105F400000010446FAF7CAFA02285FD1601C282132
:105F5000FAF788FB002859D049F6895105F140022B
:105F600005F14403C0F600010446FAF7B7FA022827
:105F70004CD1601C2821FAF775FB002846D005F1AA
:105F8000480205F14C031AE040F27812601DC2F29B
:105F90000042131D13E000BF40F27811E01DC2F271
:105FA000004101F1080201F10C0308E040F2781110
:105FB000A01DC2F2004101F1100201F1140349F6E3
:105FC0008951C0F60001FAF789FA0238B0FA80F078
:105FD0004009B0BD40F2781549F68951C2F200453A
:105FE000A01D05F1200205F12403C0F60001FAF717
:105FF00075FA02280AD1E01D2821FAF733FB28B1EF
:1060000005F1280205F12C03D9E700BF0020B0BD3F
:1060100040524F493A000000405245443A000000C7
:10602000404C415345523A0040424C55453A0000DD
:1060300040524543543A0000404C41534552000001
:106040007047000000000000F0B581B044F22C471A
:10605000C5F6020757F8042C02F00302032A03D105
:10606000012001B0F0BD00BF054657F82C0C0C46CE
:1060700020F0806047F82C0CFBF71AFC064600BFA6
:1060800057F82C0C000105D5FBF712FC801B0228E9
:10609000F6D964E057F8040CEE6895E80E0020F499
:1060A0007C30012C40EA0130A2F101016FF35F2145
:1060B0004FF47E4202EB432247F8040C92B24FF0B9
:1060C000FE4302EB01004FF4FE012A6901EB064199
:1060D00001F4FE0103EB0262084402F0FE410844B1
:1060E000F8603868696920F0C00040EA0100386053
:1060F0003868A96920F0200040EA0100386038685B
:106100004FF6F87120F0100038603869EA6920EA2B
:1061100001004FF4001140EAC2003861386808BF3E
:106120004FF4801140F01000002C386008BF4FF48D
:10613000002138680843386057F82C0C40F0806024
:1061400047F82C0CFBF7B4FB044600BF57F82C0CA7
:10615000000107D4FBF7ACFB001B0328F6D3032098
:1061600001B0F0BD002001B0F0BD00000000000053
:10617000F0B581B044F22C47C5F6020757F8042C5D
:1061800002F00302032A03D1012001B0F0BD00BFD9
:10619000054657F82C0C0C4620F0805047F82C0C84
:1061A000FBF786FB064600BF57F82C0C800005D590
:1061B000FBF77EFB801B0228F6D964E057F8040C3D
:1061C000EE6895E80E0020F07C70012C40EA01504A
:1061D000A2F101016FF35F214FF47E4202EB4322F3
:1061E00047F8040C92B24FF0FE4302EB01004FF46B
:1061F000FE012A6901EB064101F4FE0103EB026294
:10620000084402F0FE41084478613868696920F466
:10621000406040EA010038603868A96920F40070E5
:1062200040EA0100386038684FF6F87120F4807059
:106230003860B869EA6920EA01004FF0807140EAED
:10624000C200B861386808BF4FF4000140F48070A4
:10625000002C386008BF4FF480013868084338606C
:1062600057F82C0C40F0805047F82C0CFBF720FB23
:10627000044600BF57F82C0C800007D4FBF718FB2E
:10628000001B0328F6D3032001B0F0BD002001B0AD
:10629000F0BD00000000000070470000000000009A
:1062A00040F26413C2F20043C3E9000148F2000067
:1062B000C4F2BB401861C3E902207047000000002F
:1062C00010B504460068B8B12068A27FA18B0028F1
:1062D000B2FA82F3A069D8BF5A09FBF7E1FA606904
:1062E0004FEAB000042819D849F20051C0F6000165
:1062F00051F8200013E000BFD4E904014FEAB101D6
:106300000429006826D849F20052C0F6000252F86B
:10631000212000218150E17710BD00BF5C2040F2B8
:106320001C01C2F20041096862682369B1FBF2F105
:106330001B68490819504FF0FF3120680128B8BF89
:1063400001212068084420602168002918BF01212C
:10635000E17710BD5C2200218150E17710BD000083
:1063600010B504464FF0000CC0F800C004F10C0E4C
:10637000C0F804C04AF22010C0F20700A06048F242
:10638000A060C0F201008EE80F000298A08303987D
:10639000A07784F81FC0FBF78BFA206210BD0000C5
:1063A000FBF78EBA00000000B0B59CB044F61804AC
:1063B00009A84C21C5F60204FAF7EEF902200025DF
:1063C000CDE90755CDE90555CDE90355CDE9015591
:1063D000FBF746FB0095206840F4404020602068B1
:1063E00000F44040009000982068800409D42068A0
:1063F00080045CBF20685FEA804002D4206880048B
:10640000F2D50120099020224FF48031CDE91520EA
:106410000C20199009A80A9102211491CDE91211BA
:10642000CDE917110024CDE91A44FCF701FC28B18D
:10643000EFF3108072B600BFFEE700BF3F2001906F
:1064400003204FF48061CDE902040820049040202D
:10645000CDE90500CDE9071001A80221FCF7A4F958
:1064600020B1EFF3108072B6FEE700BF1CB0B0BDE4
:106470004EF6885042F2000CCEF20000C5F2002C1D
:10648000026842F470020260DCF8000000F00F00C5
:10649000062806D8DCF80000072262F30300CCF8D7
:1064A000000044F200404EF67F51C5F60200CEF6E1
:1064B000F621026842F001020260002202610368D4
:1064C00019400160DCF80010090706D5DCF800105F
:1064D000072363F30301CCF8001040F2002182612E
:1064E000C261C0F20221026281620021C0F2FF118A
:1064F000C16240F28021C0F20111016342638163F5
:10650000C26301644264016821F480210160026673
:1065100044F20000C5F2002043F2D201016070474E
:1065200040F22460C2F20040FDF7CAB8000000004B
:1065300040F27060C2F20040FDF7C2B800000000F7
:1065400040F2BC60C2F20040FDF7BAB800000000A3
:1065500040F6FF32C4F200029042026810DCB0F153
:10656000804F1ED040F20043C4F20003984218D07E
:1065700040F60003C4F20003984212D015E000BFB9
:1065800040F60043C4F2000398420AD040F20043B0
:10659000C4F20103984204D00023C4F201039842DC
:1065A00003D122F070024B681A434EF2FF3343F6D8
:1065B000FF7CC4F20003C4F2010C984214DD604574
:1065C0002CDC4EF20043C4F20003984243D0002377
:1065D000C4F2010398423ED040F20043C4F20103EA
:1065E000984238D03BE000BF40F2FF73C4F2000392
:1065F000984227DD40F60003C4F2000398422AD0F7
:1066000040F60043C4F20003984224D04EF2000347
:10661000C4F2000398421ED021E000BF44F2000300
:10662000C4F20103984216D044F60003C4F20103F9
:10663000984210D044F20043C4F2010398420AD0B9
:106640000DE000BFB0F1804F05D040F20043C4F22E
:106650000003984203D122F44072CB681A4310B56C
:1066600022F08002D1F800E04C698B68224302607E
:10667000C3626045C0F828E0BDE8104012DD44F276
:106680000002C4F20102904217D044F60002C4F2A4
:106690000102904211D044F20042C4F20102904241
:1066A0000BD00CE00022C4F20102904205D040F26F
:1066B0000042C4F20102904201D109690163012143
:1066C00041610169C90708BF7047016921F00101F3
:1066D000016170470000000040F20870C2F2004003
:1066E000FDF742BD00000000816A0A070CD4CA070A
:1066F00015D18A071ED44A0727D4CA0630D48A0681
:1067000039D44A0642D454E00268D0F838C05368FD
:1067100023F4004343EA0C035360CA07E9D002683C
:10672000D0F82CC0536823F4003343EA0C035360C1
:106730008A07E0D50268D0F830C0536823F480336C
:1067400043EA0C0353604A07D7D50268D0F834C037
:10675000536823F4802343EA0C035360CA06CED562
:106760000268D0F83CC0936823F4805343EA0C03DA
:1067700093608A06C5D50268D0F840C0936823F4B8
:10678000005343EA0C0393604A0612D50268D0F81E
:1067900044C0BCF5801F536823F4801343EA0C0304
:1067A000536006D1536823F4C00C836C43EA0C0396
:1067B0005360090658BF70470168C06C4A6822F4EC
:1067C0000022104348607047B0B582B004460020F4
:1067D000C4F89000FBF76CF8216805460A681207B8
:1067E00037D54FF4001100226FF07E400090204614
:1067F0002B4601F06DF958B3206850E8000F21686E
:1068000020F0800041E80002002A1FBF206850E805
:10681000000F216820F080001CBF41E80002002A20
:1068200012D0206850E8000F216820F0800041E875
:1068300000024AB1206850E8000F216820F0800073
:1068400041E80002002AD7D10320202188226CE0F1
:106850002168086840075FD54FF4800100226FF07F
:106860007E40009020462B4601F032F9002853D09C
:10687000206850E8000F216820F4907041E8000281
:10688000F2B1206850E8000F216820F4907041E8D0
:106890000002002A1FBF206850E8000F216820F482
:1068A00090701CBF41E80002002A09D0206850E81F
:1068B000000F216820F4907041E80002002AD7D12F
:1068C000206850E8020F216820F0010041E8020230
:1068D000002A1FBF206850E8020F216820F0010045
:1068E0001CBF41E80202002A12D0206850E8020FC3
:1068F000216820F0010041E802024AB1206850E816
:10690000020F216820F0010041E80202002AD7D1DD
:10691000032020218C2208E02020C4F88800C4F83D
:106920008C00002170220020E166A150002184F833
:10693000841002B0B0BD0000806B0021A0F85E1092
:10694000A0F85610FDF70CBCF0B581B040F2581716
:10695000C2F200477C78FCB1B98840F63C02C2F232
:106960000042064601EB811102EB4101B1F8805073
:106970002A46F9F7CCFEA6F8805043F23431B888A5
:10698000C3F233310130A0FB011202EB8201401A45
:10699000B880787801387870002C18BF0124204620
:1069A00001B0F0BD00000000B0F860200168D0F830
:1069B0008C30222B40F0A880496A836D114023F867
:1069C000021B8365B0F85E100139A0F85E10B0F8C4
:1069D0005E10002918BF7047016851E8001F026867
:1069E00021F4907142E80013F3B1016851E8001FEF
:1069F000026821F4907142E80013002B1FBF016868
:106A000051E8001F026821F490711CBF42E8001396
:106A1000002B09D0016851E8001F026821F4907131
:106A200042E80013002BD7D1016851E8021F026829
:106A300021F0010142E80213F3B1016851E8021F9D
:106A4000026821F0010142E80213002B1FBF016818
:106A500051E8021F026821F001011CBF42E8021345
:106A6000002B09D0016851E8021F026821F00101E2
:106A700042E80213002BD7D12021C0F88C1000214E
:106A80004167016740F600420168C5F60002914285
:106A900002D0496809023DD4C16E012964D10021A8
:106AA000C166016851E8001F026821F0100142E848
:106AB0000013F3B1016851E8001F026821F01001D2
:106AC00042E80013002B1FBF016851E8001F026855
:106AD00021F010011CBF42E80013002B09D001680F
:106AE00051E8001F026821F0100142E80013002B5A
:106AF000D7D10168CA69D20601D510220A62B0F85E
:106B00005C10FDF78DBA00BF886940F0080088610D
:106B1000704700BF016851E8001F026821F08061E2
:106B200042E80013002BB7D0016851E8001F02684B
:106B300021F0806142E80013002B1FBF016851E87B
:106B4000001F026821F080611CBF42E80013002B87
:106B5000A2D0016851E8001F026821F0806142E87C
:106B60000013002BD6D197E7FDF71ABF00000000F5
:106B70002DE9F04F81B004460368B0F86050DA693F
:106B800018689968D4F88C70222F65D1B4F86830F1
:106B9000002B18BF12F0200266D1B4F85E00002866
:106BA0005ED0B4F8681088425AD2206850E8020FCC
:106BB000216820F0805041E80202F2B1206850E8DC
:106BC000020F216820F0805041E80202002A1FBF16
:106BD000206850E8020F216820F080501CBF41E877
:106BE0000202002A09D0206850E8020F216820F034
:106BF000805041E80202002AD7D146F6A910C0F61B
:106C000000006067206850E8000F216840F0200015
:106C100041E8000222B3206850E8000F216840F0EC
:106C2000200041E80002002A1FBF206850E8000F42
:106C3000216840F020001CBF41E80002002A0FD06C
:106C4000206850E8000F216840F0200041E8000271
:106C5000002AD7D104E000BF986940F0080098618D
:106C600001B0BDE8F08F00BF4FF6FE7640F6004958
:106C7000CEF6FF760027C5F6000900F4807B01F010
:106C8000010A07E02046FDF78BFE00BF5FEA88603F
:106C90007FF583AF2068A16D426A2A4021F8022B5C
:106CA000A165B4F85E100139A4F85E10D0F81C801C
:106CB0005FEA487135D05FEAC87218BFBBF1000FB8
:106CC00004D15FEA88720CD416E000BF0122026290
:106CD000D4F8902042F00102C4F890205FEA887254
:106CE0000AD5BAF1000F07D002220262D4F8902030
:106CF00042F00402C4F8902000290AD5BAF1000F2E
:106D000007D004210162D4F8900040F00200C4F8DA
:106D10009000D4F8900020B12046FDF721FAC4F885
:106D20009070B4F85E000028B0D1206850E8000FE1
:106D3000216820F4807041E80002FAB1206850E830
:106D4000000F216820F4807041E80002002A1FBF74
:106D5000206850E8000F216820F480701CBF41E8D3
:106D60000002002A0AD0206850E8000F216820F4B1
:106D7000807041E80002002AD7D100BF206850E8A7
:106D8000020F2168304041E80202DAB1206850E881
:106D9000020F2168304041E80202002A1FBF20682C
:106DA00050E8020F216830401CBF41E80202002A6F
:106DB00008D0206850E8020F2168304041E8020204
:106DC000002ADBD12020C4F88C0067672767206881
:106DD000484502D04068000238D4E06E01287FF4B4
:106DE00051AFE766206850E8000F216820F01000DE
:106DF00041E80002F2B1206850E8000F216820F05D
:106E0000100041E80002002A1FBF206850E8000F70
:106E1000216820F010001CBF41E80002002A09D0C0
:106E2000206850E8000F216820F0100041E80002BF
:106E3000002AD7D12068C169C90601D51021016295
:106E4000B4F85C102046FDF7EBF81FE7206850E827
:106E5000000F216820F0806041E80002002ABCD0C9
:106E6000206850E8000F216820F0806041E80002AF
:106E7000002A1FBF206850E8000F216820F08060C2
:106E80001CBF41E80002002AA7D0206850E8000F8C
:106E9000216820F0806041E80002002AD6D19CE7FA
:106EA000B0F860100268D0F88C30222B40F0AA8035
:106EB000526A836D11401970816D01318165B0F89E
:106EC0005E100139A0F85E10B0F85E10002918BFFE
:106ED0007047016851E8001F026821F4907142E890
:106EE0000013FBB1016851E8001F026821F49071A2
:106EF00042E80013002B1FBF016851E8001F026821
:106F000021F490711CBF42E80013002B0AD00168E5
:106F100051E8001F026821F4907142E80013002B31
:106F2000D7D100BF016851E8021F026821F00101BA
:106F300042E80213F3B1016851E8021F026821F030
:106F4000010142E80213002B1FBF016851E8021F34
:106F5000026821F001011CBF42E80213002B09D096
:106F6000016851E8021F026821F0010142E80213A2
:106F7000002BD7D12021C0F88C1000214167016778
:106F800040F600420168C5F60002914202D049680D
:106F900009023DD4C16E012964D10021C166016896
:106FA00051E8001F026821F0100142E80013F3B11C
:106FB000016851E8001F026821F0100142E8001347
:106FC000002B1FBF016851E8001F026821F010016B
:106FD0001CBF42E80013002B09D0016851E8001FD4
:106FE000026821F0100142E80013002BD7D101689C
:106FF000CA69D20601D510220A62B0F85C10FDF70A
:107000000FB800BF906940F008009061704700BF62
:10701000016851E8001F026821F0806142E8001316
:10702000002BB7D0016851E8001F026821F0806191
:1070300042E80013002B1FBF016851E8001F0268DF
:1070400021F080611CBF42E80013002BA2D0016830
:1070500051E8001F026821F0806142E80013002B14
:10706000D6D197E7FDF79CBC2DE9F04F81B00446DF
:107070000368B0F86050DA6918689968D4F88C70C1
:10708000222F65D1B4F86830002B18BF12F020020F
:1070900066D1B4F85E0000285ED0B4F8681088426B
:1070A0005AD2206850E8020F216820F0805041E851
:1070B0000202F2B1206850E8020F216820F08050EF
:1070C00041E80202002A1FBF206850E8020F216831
:1070D00020F080501CBF41E80202002A09D020683D
:1070E00050E8020F216820F0805041E80202002A97
:1070F000D7D146F6A160C0F600006067206850E86E
:10710000000F216840F0200041E8000222B320680F
:1071100050E8000F216840F0200041E80002002AFA
:107120001FBF206850E8000F216840F020001CBFFE
:1071300041E80002002A0FD0206850E8000F2168C3
:1071400040F0200041E80002002AD7D104E000BF4F
:10715000986940F00800986101B0BDE8F08F00BF69
:107160004FF6FE7640F60049CEF6FF760027C5F6CC
:10717000000900F4807B01F0010A07E02046FDF7DA
:107180000FFC00BF5FEA88607FF583AF2068A16DC8
:10719000406A28400870A06D0130A0652068B4F8EE
:1071A0005E100139A4F85E10D0F81C805FEA4871C7
:1071B00035D05FEAC87218BFBBF1000F04D15FEA97
:1071C00088720CD416E000BF01220262D4F890202D
:1071D00042F00102C4F890205FEA88720AD5BAF141
:1071E000000F07D002220262D4F8902042F004027D
:1071F000C4F8902000290AD5BAF1000F07D0042165
:107200000162D4F8900040F00200C4F89000D4F875
:10721000900020B12046FCF7A3FFC4F89070B4F8AA
:107220005E000028AED1206850E8000F216820F4ED
:10723000807041E80002FAB1206850E8000F216830
:1072400020F4807041E80002002A1FBF206850E847
:10725000000F216820F480701CBF41E80002002A62
:107260000AD0206850E8000F216820F4807041E8BF
:107270000002002AD7D100BF206850E8020F216821
:10728000304041E80202DAB1206850E8020F21687C
:10729000304041E80202002A1FBF206850E8020F78
:1072A000216830401CBF41E80202002A08D0206853
:1072B00050E8020F2168304041E80202002ADBD189
:1072C0002020C4F88C00676727672068484502D0F3
:1072D0004068000238D4E06E01287FF44FAFE766C3
:1072E000206850E8000F216820F0100041E80002FB
:1072F000F2B1206850E8000F216820F0100041E84A
:107300000002002A1FBF206850E8000F216820F00B
:1073100010001CBF41E80002002A09D0206850E894
:10732000000F216820F0100041E80002002AD7D1A8
:107330002068C169C90601D510210162B4F85C104A
:107340002046FCF76DFE1DE7206850E8000F21681D
:1073500020F0806041E80002002ABCD0206850E89C
:10736000000F216820F0806041E80002002A1FBF62
:10737000206850E8000F216820F080601CBF41E8C1
:107380000002002AA7D0206850E8000F216820F0F2
:10739000806041E80002002AD6D19CE7000000008E
:1073A000F0B583B00446006846F6F31640F6004E8A
:1073B00022696569D4E902130A43E7690168CCF6DA
:1073C000FF762A4331401143C5F6000E3943016070
:1073D0004168704521F4405144F2544C41EA0301A4
:1073E0004160A2694FF2FF431CBF216A0A438168D2
:1073F000C1F2FF131940C5F6020C1143816047F634
:10740000FF32C16AC4F2000221F00F01656A9042A6
:107410004FF0800341EA0501C16219DD41F2FF71BD
:10742000C4F2010188422DDC47F60041C4F200019C
:10743000884257D041F20001C4F20101884239D09C
:1074400041F20041C4F20101884233D056E000BF4E
:1074500044F6FF31C4F20001884237DD44F60041B2
:10746000C4F2000188423DD045F20001C4F200019F
:10747000884237D047F60001C4F20001884231D07B
:107480003CE000BF41F60001C4F20101884211D086
:1074900041F60041C4F2010188420BD070452DD164
:1074A000DCF8041001F00702062A27D20FF2883117
:1074B00022E000BFDCF80010C1F3C202062A1DD290
:1074C00049F21A51C0F6000116E000BF44F2004133
:1074D000C4F20001884205D044F60001C4F2000164
:1074E00088420BD1DCF8001001F00702062A05D211
:1074F00049F21451C0F600018B181B78704540F614
:107500000010C0F23D0000F05380B7F5004F40F08E
:107510007B80402B4FF0010100F28581DFE813F002
:1075200042002E018301830136018301830183011F
:10753000420183018301830183018301830183016C
:107540000A01830183018301830183018301830194
:10755000830183018301830183018301830183010B
:107560004801830183018301830183018301830136
:1075700083018301830183018301830183018301EB
:1075800083018301830183018301830183018301DB
:1075900083018301830183018301830183018301CB
:1075A000260100BFFBF754FA002840F0008136E1C5
:1075B0009A1E01211E2A00F27580DFE812F01F00DA
:1075C000340187003401340134018D003401340169
:1075D00034013401340134013401790034013401BF
:1075E00034013401340134013401340134013401F3
:1075F000340134013401340134019500FAF758FAAA
:10760000002840F070800AE1402B4FF0010100F2A9
:107610000A81DFE813F04100B70008010801C1004A
:10762000080108010801E900080108010801080132
:107630000801080108019D0008010801080108016E
:1076400008010801080108010801080108010801F2
:10765000080108010801EF000801080108010801FC
:1076600008010801080108010801080108010801D2
:1076700008010801080108010801080108010801C2
:1076800008010801080108010801080108010801B2
:10769000080108010801AF00FBF7DAF9002840F003
:1076A000A880BCE0402B40F0BE804FF400401BE0BF
:1076B0005CF8540C800649F20000C0F2D03013D5BB
:1076C0005CF8541CC1F3C101C8400DE06846FAF7EC
:1076D00003FA019838B9A2E06846FAF791FA0198DE
:1076E000002800F09C80656A49F65A516268C0F62D
:1076F000000131F81510B0FBF1F002EB42018842B5
:107700004FF00101C0F08F801303984200F28B808C
:10771000010E0023000210EB520041F10001F8F7C6
:1077200064FE4FF60052A0F54071C0F20F02914284
:1077300073D377E05CF8540C800649F20000C0F285
:10774000D03035D55CF8541CC1F3C101C8402FE0DE
:107750005CF8540C800649F20000C0F2D03049D5E4
:107760005CF8541CC1F3C101C84043E04FF4004031
:107770001EE000BF4FF400403CE000BFFBF798F96B
:10778000A8B94CE0FBF794F998BB48E06846FAF7D3
:10779000A3F9019858B942E06846FAF79DF90198B3
:1077A00038BB3CE06846FAF72BFA0198B8B3656A33
:1077B00049F65A51C0F6000131F81510B0FBF1F04E
:1077C00061684A0802EB40004FF6EF72B0FBF1F03F
:1077D000A0F11001914225D84FF6F0710140C0F39D
:1077E0004200084419E000BF6846FAF709FA019818
:1077F000A8B1656A49F65A516268C0F6000131F8CD
:107800001510B0FBF1F000EB5200B0FBF2F0A0F16C
:1078100010014FF6EF72914204D82168C860002130
:1078200001E000BF01214FF00110A0660020C4E973
:107830001D00084603B0F0BD0204081020400000FF
:1078400040F2087040F25811C2F20040C2F200410A
:107850000122FDF74DB8000081650023A0F85C20EF
:10786000A0F85E208168436771B1B1F1805F07D0F5
:10787000B1F5805F0ED1016951B940F2FF110AE004
:10788000016919B13F2106E0016909B17F2102E0D8
:10789000FF2100E00021A0F860100021C0F8901046
:1078A0002221C0F88C10016851E8021FD0F800C0F6
:1078B00041F001014CE802130BB3016851E8021FCB
:1078C000D0F800C041F001014CE80213002B1FBFAB
:1078D000016851E8021FD0F800C041F001011CBF4F
:1078E0004CE80213002B0AD0016851E8021FD0F8BF
:1078F00000C041F001014CE80213002BD3D1416ECE
:10790000B1F1005F03D1B0F868108A4240D28168BB
:10791000B1F5805F016907D1002947D046F6A16122
:10792000C0F60001416706E046F6A1620029C0F6F4
:10793000000242673FD0016851E8001F026841F42D
:10794000907142E80013002B00F0BE80016851E8FE
:10795000001F026841F4907142E80013002B1FBF22
:10796000016851E8001F026841F490711CBF42E8B1
:107970000013002B00F0A880016851E8001F026886
:1079800041F4907142E80013002BD4D19CE000BF79
:107990008168B1F5805F016938D1002966D047F26E
:1079A0006901C0F60001416736E000BF46F6A91143
:1079B000C0F600014167016851E8001F026841F00C
:1079C000200142E80013002B7ED0016851E8001F1F
:1079D000026841F0200142E80013002B1FBF01683C
:1079E00051E8001F026841F020011CBF42E800136B
:1079F000002B69D0016851E8001F026841F02001A6
:107A000042E80013002BD6D15EE000BF47F26902C6
:107A1000C0F60002426779B3016851E8001F0268AE
:107A200041F4807142E8001333B3016851E8001F4C
:107A3000026841F4807142E80013002B1FBF016807
:107A400051E8001F026841F480711CBF42E8001336
:107A5000002B11D0016851E8001F026841F48071C9
:107A600042E80013002BD7D106E000BF46F6713183
:107A7000C0F60001416700BF016851E8021F0268BB
:107A800041F0805142E80213F3B1016851E8021F4E
:107A9000026841F0805142E80213002B1FBF0168C9
:107AA00051E8021F026841F080511CBF42E80213F6
:107AB000002B09D0016851E8021F026841F0805193
:107AC00042E80213002BD7D10020704700000000CD
:107AD0002DE9F041804600680D46C7693940491BD1
:107AE000B1FA81F149098A4225D1069C34B3164680
:107AF000611C29D1C1692940491BB1FA81F14909A9
:107B00008E4218D1C1692940491BB1FA81F1490956
:107B10008E4201BFC1692940491BB1FA81F104BFFE
:107B200049098E4207D1C1692940491BB1FA81F147
:107B300049098E42DED00020BDE8F081F9F7B8FE99
:107B40000320BDE8F08100BF1F4607E0C069284060
:107B5000401BB0FA80F040098642ECD1F9F7A8FE4C
:107B6000C01BA04200F2B680D8F8000001684907A7
:107B7000ECD5402D18BF802DE8D0C169090700F170
:107B8000AD80C1690905E1D54FF400610162D8F803
:107B9000000050E8000FD8F8001020F4907041E881
:107BA000000222B3D8F8000050E8000FD8F8001007
:107BB00020F4907041E80002002A1FBFD8F80000AE
:107BC00050E8000FD8F8001020F490701CBF41E876
:107BD0000002002A0BD0D8F8000050E8000FD8F8B7
:107BE000001020F4907041E80002002ACFD14FF637
:107BF000FE70CEF6FF70D8F8001051E8021FD8F8DA
:107C00000020014042E802130BB3D8F8001051E8FD
:107C1000021FD8F80020014042E80213002B1FBFCA
:107C2000D8F8001051E8021FD8F8002001401CBF0E
:107C300042E80213002B0AD0D8F8001051E8021FC6
:107C4000D8F80020014042E80213002BD3D1D8F825
:107C50006C0001282FD1D8F8000050E8000FD8F8A8
:107C6000001020F0100041E8000222B3D8F8000014
:107C700050E8000FD8F8001020F0100041E8000292
:107C8000002A1FBFD8F8000050E8000FD8F80010F5
:107C900020F010001CBF41E80002002A0BD0D8F8E9
:107CA000000050E8000FD8F8001020F0100041E864
:107CB0000002002ACFD12020C8F88C000021C8F88B
:107CC0006C10C8F87410C8F89000032088F884106D
:107CD000BDE8F0810320BDE8F08100BF082101620A
:107CE000D8F8000050E8000FD8F8001020F4907089
:107CF00041E8000222B3D8F8000050E8000FD8F89D
:107D0000001020F4907041E80002002A1FBFD8F84C
:107D1000000050E8000FD8F8001020F490701CBF4D
:107D200041E80002002A0BD0D8F8000050E8000F0C
:107D3000D8F8001020F4907041E80002002ACFD15A
:107D40004FF6FE70CEF6FF70D8F8001051E8021F13
:107D5000D8F80020014042E802130BB3D8F8001015
:107D600051E8021FD8F80020014042E80213002B1E
:107D70001FBFD8F8001051E8021FD8F800200140BA
:107D80001CBF42E80213002B0AD0D8F8001051E8BB
:107D9000021FD8F80020014042E80213002BD3D183
:107DA000D8F86C0001282FD1D8F8000050E8000F57
:107DB000D8F8001020F0100041E8000222B3D8F8F3
:107DC000000050E8000FD8F8001020F0100041E843
:107DD0000002002A1FBFD8F8000050E8000FD8F8B2
:107DE000001020F010001CBF41E80002002A0BD058
:107DF000D8F8000050E8000FD8F8001020F010006C
:107E000041E80002002ACFD12020C8F88C000020D1
:107E1000C8F86C00C8F874000821C8F8901088F8F9
:107E200084000120BDE8F081FEE7000000000000B2
:107E3000704700000000000040F29C700023C2F276
:107E40000040024612F8041F00294FF0000103D041
:107E500011A01170C05C7047024612F80A3F2BB1A6
:107E600001230DA01170C05C704700BF024612F8DC
:107E7000103F2BB1022308A01170C05C704700BFF7
:107E800010F8162F32B10323024603A01170C05C14
:107E9000704700BF0420704700010203000000008B
:107EA0002DE9F04140F2BC7140F2000CC2F20041F9
:107EB00040F2000E40F2000844F2000344F20004D5
:107EC0004EF2481541F294764DF20A774DF20A725D
:107ED0000020C4F2A00CC4F2963EC1E9080C8862EE
:107EE000CCF29638C1E90BE8C4F29C634863CCF24B
:107EF0009C648B63C3F63A75CC63C3F699460D60F8
:107F0000C3F6A3474E60C3F62342C1E90272C1E93A
:107F10000400C1E9060040F2FC71C2F20041C1E96F
:107F200009C001F1340CC1E90BE88CE8190081E8C3
:107F3000E000C1E90320C1E90500C1E90700BDE88F
:107F4000F08100000000000080B540F22400C2F281
:107F5000004000F16401816501648162016101609A
:107F6000FCF7A6FDBDE88040FDF77EBE00000000E6
:107F7000AAB041F6000AC5F6020AF9F7B1FCFEF70D
:107F800013FA44F2E0400027C5F602000697CDE957
:107F90000477CDE902770168AAF5805B41F0200102
:107FA00001600168002201F02001269126990168F4
:107FB00041F0800101600168342501F080012691C3
:107FC0002699016841F004010160016801F0040193
:107FD00026912699016841F002010160016801F0D3
:107FE000020126912699016841F0080101600168AB
:107FF00001F0080126912699016841F00101016014
:10800000016801F0010126912699016841F04001C3
:1080100001600068342100F0400026902698584600
:10802000F9F73EFC4FF41051012250460124F9F7B4
:1080300037FC4FF4004100225046F9F731FC02AE04
:108040003C20CDE90207AAF5806031460494F9F797
:108050004BFB58463146CDE90254CDE90477F9F798
:1080600043FB02A94FF42440059791C15046314685
:10807000F9F73AFB40F2C8144FF08041C2F20044D5
:10808000299720462497CDE9277740F80C1FC72170
:10809000CDE90777CDE90577C0E9011744F61F61FF
:1080A000C0E9031780218161FBF7EEF820B1EFF3FF
:1080B000108072B6FEE700BF04F10C064FF480504A
:1080C000269026A93046FBF7F7F928B1EFF3108088
:1080D00072B600BFFEE700BF3046FBF765FE28B171
:1080E000EFF3108072B600BFFEE700BF23A9304651
:1080F000002423942594FBF757F828B1EFF3108060
:1081000072B600BFFEE700BF602002A9CDE90204FD
:108110000822304604940694FBF7EAFB20B1EFF303
:10812000108072B6FEE700BF02A90C223046FBF7B2
:10813000DFFB28B1EFF3108072B600BFFEE700BF8F
:1081400040F200473046C4F20007FBF771FB40F2F3
:10815000BC600024C2F20040039407F54061016056
:10816000C721C0E9011442F20F71C1608461FBF7BD
:108170008BF828B1EFF3108072B600BFFEE700BFA6
:1081800040F2BC6002A9C2F2004002940494FBF7E2
:108190000BF828B1EFF3108072B600BFFEE700BF06
:1081A00040F2087007F58A31C2F200400C220160EB
:1081B0004FF4E13141600021C0E902110161C0E9E1
:1081C0000521C0E90711C0E90911FCF709FB28B135
:1081D000EFF3108072B600BFFEE700BF40F20870F8
:1081E0000021C2F20040FBF76BFF28B1EFF31080D3
:1081F00072B600BFFEE700BF40F208700021C2F275
:108200000040FBF715FF18B1EFF3108072B6FEE7E0
:1082100040F20870C2F20040FBF7E6FE20B1EFF337
:10822000108072B6FEE700BF40F270600021C2F21B
:1082300000402991CDE927112491C722CDE90711EA
:10824000CDE905110760C0E9012140F2E732C0E93C
:10825000032180218161FBF717F818B1EFF310803B
:1082600072B6FEE74FF48050269040F2706026A967
:10827000C2F20040FBF720F920B1EFF3108072B694
:10828000FEE700BF40F27060C2F20040FBF78CFDD9
:1082900020B1EFF3108072B6FEE700BF40F27060CD
:1082A00023A9C2F20040002423942594FAF77CFF0E
:1082B00020B1EFF3108072B6FEE700BF602002A984
:1082C000CDE9020440F270600022C2F20040049442
:1082D0000694FBF70DFB18B1EFF3108072B6FEE7C2
:1082E00040F27060C2F20040FBF7A2FA40F2246054
:1082F0000021C2F200402991CDE92711249107F510
:108300006042CDE90711CDE905110260C722C0E93D
:10831000012140F2E732C0E9032180218161FAF7AF
:10832000B3FF18B1EFF3108072B6FEE74FF4805040
:10833000269040F2246026A9C2F20040FBF7BCF868
:1083400020B1EFF3108072B6FEE700BF40F2246068
:10835000C2F20040FBF728FD20B1EFF3108072B6A7
:10836000FEE700BF40F2246023A9C2F200400024CF
:1083700023942594FAF718FF20B1EFF3108072B61A
:10838000FEE700BF602002A9CDE9020440F22460AC
:108390000022C2F2004004940694FBF7A9FA18B137
:1083A000EFF3108072B6FEE740F22467C2F2004796
:1083B0003846FBF73DFAF8F74BFD08213046FBF74E
:1083C0002BFD0C213046FBF727FD40F270680021A1
:1083D000C2F200484FF000094046FBF71DFD0021A6
:1083E0003846FBF719FD08210C223046FDF758FFEF
:1083F0004FF4FA70F8F748FDFFF722FAFCF7FCFD9E
:10840000FCF756FB6420F8F73FFDFFF79DFD40F2B7
:1084100010100421C2F200400022CDE900193946B3
:108420005B46FDF79DFF40F234104FF40041C2F26D
:1084300000400022CDE9001941465346FDF790FF68
:1084400040F2BC60C2F20040FAF7C6FF3846FAF7C5
:10845000C3FF4046FAF7C0FFFFF722FD40F2801647
:10846000C2F20046D6E90001C14219D12CA402ADE6
:1084700004E000BFD6E90001C14211D10020002173
:1084800008232246FDF79CFBFDF7EEFB2846FEF78E
:108490005BFA0028EED02846FDF7FAFCEAE700BFB9
:1084A000FCF706FB40F2226540F2B87640F2240762
:1084B00002ACC2F20045C2F20046C2F2004706E03A
:1084C00000F02AFB3860FCF7FFFAFDF7CDFBFCF764
:1084D000EFFA2046FEF738FA10B12046FDF7D8FC37
:1084E000FFF7AAFC3278014628703868002AE7D0E6
:1084F0004068022808D001280CD040B9084600F096
:1085000013F8FDF7B1FBE2E7084600F00DFAFDF7BE
:10851000ABFBDCE7084600F067F9FDF7A5FBD6E703
:1085200077616974696E67002DE9F0412DED028B6A
:1085300082B040F2206840F200060328C2F20048F0
:10854000C2F2004664D8DFE800F003250D1D00BF2D
:10855000B8F80000013001B20229C8BF0020A8F815
:10856000000055E0B8F8000002282FD0012825D0DF
:1085700000284DD196ED020A9FED851BB7EEC00A8B
:1085800015E000BF40F2B8700021C2F20040017057
:108590003EE000BFB8F8000002282DD001281DD011
:1085A000B0BB96ED020AB7EEC00A9FED7B1B30EE22
:1085B000010BB7EEC00B86ED020A29E096ED030A27
:1085C0009FED731BB7EEC00A0EE000BF96ED040AE4
:1085D0009FED6F1BB7EEC00A14E000BF96ED030AD3
:1085E000B7EEC00A9FED6C1B30EE010BB7EEC00B6F
:1085F00086ED030A0CE000BF96ED040AB7EEC00A50
:108600009FED651B30EE010BB7EEC00B86ED040A43
:1086100049F682520020C0F60002002106230627F8
:10862000FDF7CEFA40F648300021C2F200400823A0
:10863000026830200097FDF7F7F859A200200821C2
:108640000623FDF7BDFA40F288143020C2F2004440
:108650000821032322680097FDF7E6F862684A20A4
:10866000082103230097FDF7DFF84FA20020102117
:108670000623FDF7A5FA40F2FC743020C2F2004454
:1086800010210522052394ED050A0097B7EEC00AD4
:10869000FCF71AFD45A2002018210623FDF790FAE9
:1086A00040F2BC753820C2F2004518210422022392
:1086B00095ED0D0A0097B7EEC00AFCF705FD3EA246
:1086C000002020210623FDF77BFA94ED0D0A3820C7
:1086D000B7EEC00A2021042202230097FCF7F4FC25
:1086E00038A2002028210623FDF76AFA37A20020CD
:1086F00030210623FDF764FAB8F900205820302114
:1087000001230097FDF790F834A2002038210623BA
:10871000FDF756FA95ED000A1820B7EEC00A382189
:10872000012202230097FCF7CFFC95ED010A3820C7
:10873000B7EEC00A3821012204230097FCF7C4FCDD
:1087400095ED020A6820B7EEC00A38210122022303
:108750000097FCF7B9FC9FED238A96ED020AF0EE34
:10876000481A96ED031AD6ED040A284600F0ACFA32
:1087700096ED001AD6ED010A96ED020A2046F0EEBB
:10878000481A02B0BDEC028BBDE8F04100F09CBA83
:108790007B14AE47E17A843F7B14AE47E17A84BF15
:1087A000626C75653A000000493A0000785F7069B4
:1087B000645F6F75743A0000795F7069645F6F750C
:1087C000743A0000785F72616E673A006368616EA8
:1087D00067655F696E6465783A0000007069643AA5
:1087E000000000000AD7233C2DE9F04782B040F298
:1087F000781940F28818C2F2004940F2E731C2F21B
:1088000000488246D9E900C3BCEB010618BF012627
:108810005D1AD8E9007418BF01257A1A18BF012221
:10882000611A06EA050618BF0121324040F2101510
:108830000A40C2F200451146284618BF1A1B40F2F2
:10884000B474C2F2004418BFACEB07012260F8F721
:108850009BFA40F234162168C2F200463046F8F71F
:1088600093FA2A6818203021032308250095FDF784
:10887000A7F832684C20302103230095FDF7A0F8BB
:10888000BAF1030F05D140F2B8700021C2F20040E6
:10889000017049F682520020C0F600020021082330
:1088A000FDF78EF940F648300021C2F2004008235F
:1088B000026830200095FCF7B7FF17A200201021B6
:1088C0000823FDF77DF9D9F800203020102103237B
:1088D0000095FCF7A9FFD9F804204C2010210323B0
:1088E0000095FCF7A1FF0EA2002020210823FDF730
:1088F00067F9D8F800203020202103230095FCF7E9
:1089000093FFD8F804204C20202103230095FCF786
:108910008BFF02B0BDE8F0877265643A000000008A
:10892000426C75653A0000002DE9F0412DED048B95
:1089300082B049F682520446C0F6000200200021AF
:10894000082300270825FDF73BF940F6483830207A
:10895000C2F2004800210823D8F800200095FCF757
:1089600063FF40F2C8160020C2F200461021022325
:1089700032780095FCF758FF032C1BD0FCB93078F7
:108980000130C1B2022988BF00203070C0B2012876
:1089900019D1D8F8001044F6D350C1F26200A1FBFF
:1089A00000234FF47A729B0903FB1213FA2B5DD25A
:1089B000002168E040F2B870C2F2004007703078E1
:1089C000C0B20128E5D0002840F0978098ED000A59
:1089D0009FED4C8AB8EE400A80EE080AB7EEC00A56
:1089E00000F0EAF9B3EE0E9B20EE090BBDEEC00BD2
:1089F00086ED010A98ED000AB8EE400A80EE080AFA
:108A0000B7EEC00A00F080F920EE090B40F210101A
:108A10007168C2F20040BDEEC00B86ED020AF8F7A5
:108A2000B3F940F23410B168C2F20040F8F7ACF983
:108A300049F682520020C0F60002002108230824D3
:108A4000FDF7BEF8D8F8002030200021082300945C
:108A5000FCF7EAFE2CA200201021082302B0BDEC96
:108A6000048BBDE8F041FDF7ABB800BFB3F5FA7F6A
:108A700002D23C2107E000BF40F2ED270021BB42BB
:108A800088BF6FF03B017160D8F80030FA33A3FB68
:108A90000007B80900FB1232FA2A01D200200CE0CC
:108AA000B2F5FA7F02D23C2007E000BF40F2ED238E
:108AB00000209A4288BF6FF03B00B06040F2101077
:108AC000C2F20040F8F760F940F23410B168C2F227
:108AD0000040F8F759F949F682520020C0F600022A
:108AE000002108230824FDF76BF8D8F80020302077
:108AF000002108230094FCF797FE02B0BDEC048B24
:108B0000BDE8F0810000FA436D6F76655F637269BE
:108B10003A0000000000000010B508B3042933D863
:108B20000246DFE801F00321271F2500C16859B381
:108B30000969814228D039B34B690A46834217D06C
:108B400013B359691A46814212D0E9B14B690A46FA
:108B500083420DD0C3B159691A468142EBD107E077
:108B6000002010BDC26800E04269002A08BF02462A
:108B7000104610BD0269002AFAD1816821B104466D
:108B80008847204610BD00BF0246104610BD0000B9
:108B900040F2B870C2F200400178002918BF704757
:108BA0000121017070470000B0B540F2A00504211A
:108BB000C2F200452868F8F76BFE40F29C74C2F2DE
:108BC00000442178022913D0012907D099B9A0B90E
:108BD00001202070002060800FE000BF58B960883D
:108BE0000130608081B2814207D1022004E000BFE1
:108BF00018B1012020710020207068680821F8F762
:108C000047FEA17961B1012906D0022905D198B1A9
:108C10000120A07201E000BF40B10020A0710BE074
:108C200050B90120A0710020208105E02089013089
:108C3000208181B2814243D0A8681021F8F728FE34
:108C4000217B59B1012905D0022904D190B101201D
:108C5000207400E040B1002020730BE050B90120E7
:108C600020730020E08105E0E0890130E08181B2DD
:108C7000814227D0E8682021F8F70AFEA17C69B17B
:108C8000012907D0022906D178B10120A075002062
:108C9000A074B0BD50B10020A074B0BD002818BFB2
:108CA000B0BD0120A0740020A082B0BDA08A013018
:108CB000A08281B28142F8D10220A074B0BD00BF71
:108CC0000220ABE70220C7E780ED000A80ED011A21
:108CD000C0ED020A704703B401984100009850EAC1
:108CE000C12018BF04204A0D18BF40F0010040F217
:108CF000FF72B2EB515F08BF40F00200012808BFCD
:108D0000052002B07047000010B529499FED261BD1
:108D10002DED020B84B0059820F000408842D8BFAA
:108D20009DED040B2DDD2349884209D1049840B9FB
:108D30004FF00100F7F79FFD00F006FB06B010BDF5
:108D400005DB9DED040B30EE000B06B010BD684650
:108D50009DED040B00F088F810F0030004BF9DEDBA
:108D6000021B9DED000B0CD001280ED09DED021BC7
:108D70009DED000B022810D0012000F095FA06B0FE
:108D800010BD00F0F5F906B010BD9DED021B9DED84
:108D9000000B012000F088FA01E000F0E9F9B1EEE3
:108DA000400B06B010BD00000000000000000000F5
:108DB000FB21E93F0000F07F10B529499FED261BFC
:108DC0002DED020B84B0059820F000408842DCBFF6
:108DD00000209DED040B2EDD2249884209D1049824
:108DE00040B94FF00100F7F746FD00F0ADFA06B0CC
:108DF00010BD05DB9DED040B30EE000B06B010BD81
:108E000068469DED040B00F02FF810F003000DD024
:108E1000012814D09DED021B9DED000B022816D0F9
:108E200000F0A6F9B1EE400B06B010BD9DED021B9F
:108E30009DED000B012000F037FA06B010BD9DED4E
:108E4000021B9DED000B00F093F906B010BD012050
:108E500000F02AFAE6E70000000000000000000031
:108E6000FB21E93F0000F07F2DE9F14F04462DED95
:108E7000020B2DED048B94B09FED9D0B80ED020B4A
:108E8000199E9D4826F0004585420ADC9DED180B91
:108E9000002084ED000B14B0BDEC048B03B0BDE8E2
:108EA000F08F96489FED969B9FED978BA84225DD0E
:108EB00097489FED991B9FED9A2B9DED180B002E67
:108EC0000DDD30EE490B854212BF30EE480B30EE1F
:108ED000410B30EE420B84ED000B0120DBE730EE5E
:108EE000090B854212BF30EE080B30EE010B30EE5D
:108EF000020B84ED000B4FF0FF30CCE78A48A8420C
:108F000053DB9DED180B51EC100B00F035FA41ECE2
:108F1000100BB0EE401B9FED862BB6EE000B01EE62
:108F2000020BFDEEC00B10EE903A00EE903AB8EE58
:108F3000E02BB0EE410B02EE490B22EE081BDFF8EE
:108F4000F8C1290D0120FC4430EE411B84ED001BCB
:108F500003281DD011EE902A00EB4015113DC2F3FD
:108F60000A528A1A954213DAB0EE403B0CEB00121B
:108F700092ED000B20EE021B33EE410B33EE403B33
:108F800033EE411B92ED023B12EE031B401CDBE76C
:108F9000002EA8BF1846BFF67EAF94ED000BB1EED1
:108FA000400B84ED000B584275E7C6F3130040F404
:108FB000801EC6F30A50A0F2F530471100F01F05DD
:108FC000C5F12000DDF860B01390002008900990F2
:108FD00005200DF1080C5949002D07EB00027944DA
:108FE00008BF51F8221009D051F8223001EB82015C
:108FF000AB404A68139922FA01F11943A1FB0E26EE
:10900000A1FB0B131A449A4234BF0123002303EB44
:1090100006080CEB8003D3E901A60E448E4234BF50
:109020000121002192448A4411B1924502D903E002
:10903000924501D2012100E00021C3E901A641448B
:109040004CF82010011EA0F10100C4DC04989DED35
:10905000050A00F10050810F0498DDED060A80003A
:109060009DED072A01EE100AB8EEC13BB8EE401B99
:109070009FED334B21EE041BB8EE600B9FED324B9E
:1090800020EE040BB8EE422B9FED314B22EE042B69
:1090900030EE024B34EE014B34EE034B8DED004BC2
:1090A000002000909DED004B34EE433B33EE411B1E
:1090B00031EE400B32EE401B9DED000B9FED262B59
:1090C00020EE020B9FED262B01EE020B9DED001B07
:1090D0009FED252B01EE020B199810F0004F1CBFDD
:1090E0004942B1EE400B84ED000B0846D3E6000088
:1090F0000000000000000000FB21E93F7CD9024095
:1091000000004054FB21F93F3163621A61B4D03D45
:10911000FB21F93F000000000000601A61B4D03D5F
:109120007370032E8A19A33BFB2139410000000014
:1091300083C8C96D305FE43FBE04000056040000E0
:10914000000000000000103E000000000000103C85
:10915000000000000000103A3326A611460B113C17
:10916000182D4454FB21F93D00000054FB21F93D2A
:1091700010B52DED040B2DED048B82B0B0EE419BAC
:10918000079820F00044B4F1795F0FDA9DED060BEB
:10919000BDEEC00B10EE100A002801BFB7EE000BA9
:1091A00002B0BDEC048B04B008BF10BD9DED060BF2
:1091B00020EE008BB0EE480B1B480621784400F0EF
:1091C00039F820EE080B28EE000B9DED061B01EE92
:1091D000490BB6EE001B28EE011B1448B7EE002B1E
:1091E0008442BCBF31EE400B32EE400B16DB104820
:1091F000A042BCBFB5EE023B8DED003B06DBA4F503
:1092000000100190002000909DED003B31EE431BCB
:1092100032EE432B31EE400B32EE400B02B0BDEC90
:10922000048B04B010BD0000180200003333D33F9C
:109230000000E93FB0EE401B491E00EBC10292ED79
:10924000000B31F006020DD0491E00EBC10292ED79
:10925000002BB0EE403BB0EE420B03EE010B31F0C1
:109260000602F1D1022914D004290AD0062918BF18
:10927000704790ED0A2B00EE012B90ED080B02EEEB
:10928000010B90ED062B00EE012B90ED040B02EE8E
:10929000010B90ED022B00EE012B90ED000B02EE86
:1092A000010B70470000000031B504462DED040BA2
:1092B0002DED068BB0EE419B07989DED060B20F03F
:1092C0000040B0F1795F0DDA51EC100BFFF703FDB0
:1092D000042808BF00F044F89DED060BBDEC068B9A
:1092E00005B030BD20EE008B28EE00ABB0EE480B91
:1092F000114805217844FFF79DFF9FED111B8CB1AC
:10930000B6EE002B29EE022B0AEE402B18EE029B44
:109310000AEE419B9DED060B30EE490BBDEC068B32
:1093200005B030BD08EE001B9DED060B0AEE010BEB
:10933000BDEC068B05B030BDE00100000000000070
:10934000495555555555C5BF9FED031B81EE010B82
:109350007047000000000000000000000000000056
:109360009FED030B20EE000B704700000000000093
:10937000000000000000001082B0CDE9000121F0E3
:10938000004001909DED000B02B051EC100B7047B6
:1093900010B500290AD00878002807D0054878447D
:1093A000F7F722FA002801D0002010BD02487844C7
:1093B00010BD0000360A00002E0A0000F1EE100A6F
:1093C0004FF6FF71C0F2C03120EA010040F040705A
:1093D000E1EE100A704700004C5555555555A53F14
:1093E0007751C1166CC156BF9015CB19A001FA3E3A
:1093F000AD529C804F7E92BEC4B1B4BD9EEE213E64
:10940000D43888BEE9FAA8BD00004054FB21F93FDA
:109410003163621A61B4D03D0000601A61B4D03D7E
:109420007370032E8A19A33B0000002E8A19A33BF8
:10943000C14920259A837B3900000000000000000C
:109440006E83F9A22915444ED15727FCC0DD34F5AF
:10945000999562DB4190433CAB6351FE61C5BBDE35
:109460003A6E24B7E0D24D42EA2E49061C92D10949
:109470001CEB1DFE3EA729B1F53582E88444BB2EC6
:1094800026709CE9417E5FB439D69139F439538313
:109490008B5F849C3B28F9BDFF97F81F0F9805DE72
:1094A0008B112FEF1F6D0A5ACF7E366DB709CB2770
:1094B000663F464F2DEA5F9EC7BA27757BF1E5EB05
:1094C000F739073DEA92528AB15FFB6B085D8D1F49
:1094D0004630035600000000A6F810111111813F1C
:1094E000D561C119A0012ABF7DFEB157E31DC73E5A
:1094F000EB9C2B8AE6E55ABE7CD5CF5A3AD9E53D9E
:1095000034000000380000003C0000004000000073
:1095100058000000000408102040010408102040FA
:109520000000000001020304010203040607080909
:109530000000000000000000002F000000000700F5
:10954000070000147F147F1400242A7F2A120023AE
:1095500013086462003649552250000000070000DD
:1095600000001C224100000041221C000014083EA3
:1095700008140008083E0808000000A06000000869
:1095800008080808000060600000002010080402BD
:10959000003E5149453E0000427F4000004261517B
:1095A0004946002141454B31001814127F10002715
:1095B00045454539003C4A494930000171090503D8
:1095C00000364949493600064949291E0000363609
:1095D000000000005636000000081422410000146C
:1095E0001414141400004122140800020151090649
:1095F000003E4955592E007C1211127C007F4949CA
:109600004936003E41414122007F4141221C007FFA
:1096100049494941007F09090901003E4149497A08
:10962000007F0808087F0000417F41000020404182
:109630003F01007F08142241007F40404040007FEE
:10964000020C027F007F0408107F003E4141413E32
:10965000007F09090906003E4151215E007F09197A
:1096600029460046494949310001017F0101003F77
:109670004040403F001F2040201F003F4038403FF7
:10968000006314081463000708700807006151495B
:10969000454300007F414100000204081020000003
:1096A00041417F000004020102040040404040406C
:1096B000000001020400002054545478007F484404
:1096C000443800384444442000384444487F00383B
:1096D0005454541800087E0901020018A4A4A47C64
:1096E000007F080404780000447D4000004080842E
:1096F0007D00007F102844000000417F4000007C76
:1097000004180478007C0804047800384444443881
:1097100000FC242424180018242418FC007C0804CD
:10972000040800485454542000043F444020003CA6
:109730004040207C001C2040201C003C4030403C2D
:10974000004428102844001CA0A0A07C00446454BD
:109750004C440000087F41000000007F0000000032
:10976000417F080000080408100800000000000005
:1097700000000000000000000000000000F80000F1
:109780000000000000333000000000160E00160E2E
:109790000000000000000000000040C07840C078D9
:1097A0004000043F04043F040400007088FC0830BB
:1097B0000000001820FF211E0000F008F000E01853
:1097C000000000211C031E211E0000F0088870000C
:1097D00000001E21232419272110000000160E006E
:1097E00000000000000000000000000000E018047D
:1097F0000200000000071820400000020418E000EA
:1098000000000040201807000000404080F0804029
:1098100040000202010F01020200000000F00000FF
:1098200000000101011F0101010000000000000013
:10983000000000B070000000000000000000000008
:109840000000000101010101010100000000000011
:1098500000000030300000000000000000008060C8
:109860001804006018060100000000E0100808104D
:10987000E000000F102020100F00001010F8000072
:1098800000000020203F2020000000700808088809
:1098900070000030282422213000003008888848D9
:1098A00030000018202020110E000000C02010F809
:1098B000000000070424243F240000F808888808DA
:1098C00008000019212020110E0000E010888818DF
:1098D0000000000F112020110E0000380808C838C1
:1098E00008000000003F00000000007088080888A1
:1098F0007000001C222121221C0000E0100808102A
:10990000E0000000312222110F00000000C0C00062
:1099100000000000003030000000000000C0C00067
:109920000000000080B070000000000080402010A7
:109930000800000102040810200040404040404060
:1099400040000404040404040400000810204080C3
:1099500000000020100804020100007048080808F8
:10996000F0000000003036010000C030C828E810C8
:10997000E0000718272423140B000000C038E00083
:109980000000203C23020227382008F888888870CD
:109990000000203F202020110E00C03008080808D9
:1099A0003800071820202010080008F808080810C0
:1099B000E000203F202020100F0008F88888E808E9
:1099C0001000203F20202320180008F88888E8088D
:1099D0001000203F200003000000C03008080838B5
:1099E000000007182020221E020008F808000008C6
:1099F000F808203F210101213F20000808F808084D
:109A000000000020203F2020000000000808F80887
:109A10000800C08080807F00000008F888C02818F7
:109A20000800203F20012638200008F80800000028
:109A30000000203F20202020300008F8F800F8F82F
:109A40000800203F003F003F200008F830C0000819
:109A5000F808203F200007183F00E0100808081011
:109A6000E0000F10202020100F0008F80808080858
:109A7000F000203F210101010000E010080808105B
:109A8000E0000F18242438504F0008F88888888890
:109A90007000203F2000030C302000708808080868
:109AA00038000038202121221C00180808F8080876
:109AB00018000000203F2000000008F808000008FF
:109AC000F808001F202020201F000878880000C808
:109AD0003808000007380E010000F80800F80008F8
:109AE000F800033C0700073C030008186880806802
:109AF000180820302C03032C30200838C800C83840
:109B000008000000203F2000000010080808C838A6
:109B100008002038262120201800000000FE020244
:109B200002000000007F40404000000C30C00000F8
:109B30000000000000010638C00000020202FE0022
:109B40000000004040407F00000000201008040892
:109B500010200000000000000000000000000000D5
:109B600000008080808080808080000204080000E7
:109B700000000000000000000000000080808080E5
:109B800000000019242222223F2008F800808000D3
:109B90000000003F112020110E0000000080808096
:109BA0000000000E1120202011000000008080889D
:109BB000F800000E112020103F20000080808080DF
:109BC0000000001F222222221300008080F08888DB
:109BD00088180020203F2020000000008080808026
:109BE0008000006B94949493600008F8008080805B
:109BF0000000203F210000203F20008098980000B6
:109C000000000020203F20200000000000809898E5
:109C1000000000C08080807F000008F80000808085
:109C20008000203F24022D302000000808F80000AA
:109C300000000020203F2020000080808080808065
:109C40008000203F20003F20003F00808000808077
:109C5000000000203F2100203F2000008080808005
:109C60000000001F202020201F0080800080800036
:109C7000000080FFA12020110E00000000808080E5
:109C80008000000E112020A0FF8080808000808056
:109C9000800020203F212000010000008080808083
:109CA00080000033242424241900008080E0808078
:109CB00000000000001F20200000808000000080C5
:109CC0008000001F202020103F2080808000008026
:109CD000808000010E300806010080800080008036
:109CE00080800F300C030C300F00008080008080DB
:109CF00080000020312E0E31200080808000008006
:109D0000808080818E7018060100008080808080B5
:109D100080000021302C2221300000000000807CD7
:109D2000020200000000003F404000000000FF0071
:109D3000000000000000FF0000000002027C800024
:109D400000000040403F00000000008040408000D4
:109D5000008000000000000101000100020004007A
:109D6000060008000A000C001000200040008000DF
:109D700000010101010307010000080402040801B9
:109D80000101636C6F636B3A002825642C256429FC
:109D9000004D6F646531004D6F646532004D6F6436
:109DA0006533004D6F646534004D61696E204D650B
:109DB0006E750000E89E000800000024B00000005E
:109DC00030030008989F0008B0000024A010000095
:109DD000500300081001000043000000F8FFFFFFDF
:109DE00000404040404040404040414141414140AE
:109DF0004040404040404040404040404040404063
:109E000040050202020202020202020202020202F1
:109E100002202020202020202020200202020202F6
:109E2000020290909090909010101010101010104E
:109E3000101010101010101010101010020202025A
:109E4000020288888888888808080808080808089E
:109E5000080808080808080808080808020202029A
:109E600040000000000000000000000000000000B2
:109E700000000000000000000000000000000000E2
:109E800000000000000000000000000000000000D2
:109E900000000000000000000000000000000000C2
:109EA00000000000000000000000000000000000B2
:109EB00000000000000000000000000000000000A2
:109EC0000000000000000000000000000000000092
:109ED0000000000000000000000000000000000082
:109EE00000000000000000008FC2F53C0AD7A33C30
:109EF0000AD7A33E0AD7233D0AD7A33C010000009E
:109F0000100000000090D0030090D00388000024CF
:109F1000A39D000803000000918B000800000000D2
:109F200000000000000000009D9D000802000000ED
:109F3000918B0008000000000000000028000024B1
:109F4000979D000801000000918B000800000000B0
:109F50000000000040000024919D00080000000067
:109F6000918B000800000000000000005800002451
:109F7000A99D0008FFFFFFFF000000000000000097
:109F80007000002400000000001402580014025861
:089F90000014025800140258ED
:04000005080002CD20
:00000001FF
