:020000040800F2
:1000000098130024E9030008B1590008694B00085F
:1000100051540008C10D0008898E0008000000003E
:10002000000000000000000000000000097300084C
:10003000410F000800000000B1700008F1730008D3
:100040000304000803040008030400080304000874
:100050000304000803040008030400080304000864
:100060000304000803040008030400080304000854
:100070000304000803040008030400080304000844
:100080000304000803040008030400080304000834
:100090000304000803040008030400080304000824
:1000A0000304000803040008030400080304000814
:1000B00003040008A17500080304000803040008F5
:1000C00003040008030400080304000803040008F4
:1000D00003040008030400080304000803040008E4
:1000E00003040008030400080000000003040008E3
:1000F00003040008030400080304000803040008C4
:1001000003040008030400080304000803040008B3
:1001100003040008030400080304000803040008A3
:100120000304000803040008030400080304000893
:100130000304000803040008030400080304000883
:1001400000000000000000000000000000000000AF
:100150000304000803040008030400080304000863
:100160000304000803040008030400080304000853
:100170000304000803040008030400080000000052
:100180000304000803040008030400080304000833
:100190000304000803040008030400080304000823
:1001A0000304000803040008030400080000000022
:1001B0000304000803040008030400080304000803
:1001C0000304000803040008000000000000000011
:1001D0000000000000000000030400080000000010
:1001E000000000000000000000000000000000000F
:1001F00000000000000000000304000803040008E1
:1002000003040008030400080000000003040008C1
:1002100071750008030400080304000803040008C3
:1002200003040008000000000304000800000000B0
:100230000304000803040008000000000304000891
:100240000304000803040008030400080304000872
:100250000304000803040008030400080304000862
:100260000304000803040008030400080304000852
:100270000304000803040008030400080000000051
:100280000304000803040008030400080304000832
:100290000000000003040008030400080000000040
:1002A0000000000003040008030400083977000878
:1002B0000304000803040008030400080304000802
:1002C00003040008817500089175000800F002F829
:1002D00000F07BF814A696E8000CB244B344DA456B
:1002E00001D100F072F8BAE80F000FA696E83000CE
:1002F000A5EB040504EB0607AAEB0704A7F1010729
:100300004FEA15154FEA3414A4F10104AC4201D3AD
:1003100000F05BF813F0010F18BFFB1A43F0010364
:1003200000F001F8DBE71847DCB50000FCB5000081
:100330000A444FF0000C10F8013B13F0070408BF0B
:1003400010F8014B1D1108BF10F8015B641E05D0A9
:1003500010F8016B641E01F8016BF9D113F0080F5E
:100360001EBF10F8014BAD1C0C1B09D16D1E58BFF0
:1003700001F801CBFAD505E014F8016B01F8016B27
:100380006D1EF9D59142D6D370470000704700002A
:100390000023002400250026103A28BF78C1FBD88E
:1003A000520728BF30C148BF0B6070471FB50AF025
:1003B00085FD00F0F7FC0400002000210AF068FD34
:1003C000401C60601FBD10B510BD00F0BDFC1146A3
:1003D000FFF7ECFF08F0F8FF00F0E8FC03B4FFF7CC
:1003E000F2FF03BC08F054FD094880470948004764
:1003F000FEE7FEE7FEE7FEE7FEE7FEE7FEE7FEE7D5
:10040000FEE7FEE704480549054A064B7047000031
:10041000C1740008CD020008980D00249813002430
:10042000980F0024980F0024704753EA020C00F044
:1004300069802DE9F04B4FF00006002B1FBFB3FA87
:1004400083F503FA05F424FA05F65E4012BF16435D
:10045000B2FA82F502FA05F4C5F120051EBF22FAB0
:1004600005FC44EA0C04203556EA044C4FEA1444D7
:1004700018BF641C4FF000084FF00009904271EB68
:10048000030C39D3002919BFB1FA81F701FA07F635
:10049000B0FA80F700FA07F6C7F120071EBF20FA6E
:1004A00007FC46EA0C062037B6FBF4FCA7EB050771
:1004B000103F07F01F0BCBF120062CFA06F60CFAC2
:1004C0000BFB44BFB3460026202FA4BF5E464FF06F
:1004D000000B5BEA060C08BF4FF0010B19EB0B0990
:1004E00048EB0608ABFB027C06FB02CC0BFB03CC03
:1004F000C01B71EB0C01C1E70B4602464146484662
:10050000BDE8F08B13B5084318BF4FF0FF3001462C
:10051000AFF30080BDE81C40704700000FB400B589
:100520008DB010A9099000910B904FF0FF300A9008
:1005300000200C90064878440690064878446A46A5
:1005400007900F9909A800F0D1F90DB05DF814FBE0
:10055000D3030000EB0300002DE9FF5F1D464FF0C1
:10056000FF3B91464FF000085F46D5E90146A96977
:1005700001987F1C8847296A824688470028F6D15F
:10058000BAF1FF3F0CD0002E24F4C06419DD6006E0
:1005900014D5BAF12B0F09D0BAF12D0F0ED103E00B
:1005A000584604B0BDE8F09F44F48064A9690198FE
:1005B0007F1C8847761E8246002E02DDBAF1300F7E
:1005C00003D0B9F1000F26D032E0A969761E019858
:1005D0007F1C44F400748847002E824605DDBAF182
:1005E000780F06D0BAF1580F03D0B9F1000F10D030
:1005F0001EE0B9F1000F02D0B9F1100F18D1A969AE
:10060000761E01987F1C24F40074884782461020CF
:1006100002E0082000E00A20814609E0A96908FB01
:100620000908761E01987F1C44F4007488478246AE
:10063000002E05DD4946504600F043F90028EDDA6A
:10064000E96901988847A00502D46FF00100A8E786
:10065000E00725D1600613D5600502D5C8F100007A
:1006600000E0404629680A1D2A600968220501D574
:10067000087015E0220701D5088011E008600FE03E
:100680002868011D29600068210502D580F80080D6
:1006900006E0210702D5A0F8008001E0C0F8008044
:1006A00038467EE7401ECAB210F8011F8A4202D0C7
:1006B0000029F9D10020704740EA010370B59B077B
:1006C0002ED14FF00136042A2AD308C810C99D1B29
:1006D0009D43121F15EAC61517D0D8B2E1B2401AD1
:1006E00050EA056110D198B2A1B2401A50EA054112
:1006F0000AD123F07F4024F07F41401A50EA0521BF
:1007000002D1180EA0EB146070BDA342DBD018BA62
:1007100021BA884201D9012070BD4FF0FF3070BD71
:100720000AB9002070BD10F8013B11F8014B63B10C
:10073000A3420AD1521E08D010F8013B11F8014B18
:100740001BB1A34201D1521EEDD1181B70BD032A6B
:1007500040F2308010F0030C00F0158011F8013BDE
:10076000BCF1020F624498BF11F801CB00F8013BC5
:1007700038BF11F8013BA2F1040298BF00F801CB89
:1007800038BF00F8013B11F0030300F0DF80083AA6
:10079000C0F0088051F8043B083A51F804CBA0E8B7
:1007A0000810F5E7121D5CBF51F8043B40F8043B0C
:1007B000AFF30080D20724BF11F8013B11F801CB41
:1007C00048BF11F8012B24BF00F8013B00F801CB12
:1007D00048BF00F8012B70474FF0000200B51346E8
:1007E00094469646203922BFA0E80C50A0E80C5051
:1007F000B1F12001BFF4F7AF090728BFA0E80C5002
:1008000048BF0CC05DF804EB890028BF40F8042BFA
:1008100008BF704748BF20F8022B11F0804F18BF67
:1008200000F8012B7047000030B44FF0013C50F845
:10083000042BCCFA52F451F8043BD51A20D1FCB960
:1008400050F8042BCCFA52F451F8043BD51A17D1C6
:10085000B4B950F8042BCCFA52F451F8043BD51A31
:100860000ED16CB950F8042BCCFA52F451F8043B79
:10087000D51A05D1002CDAD030BC4FF000007047FB
:1008800029BAB1FA81F111F01801D1F120008440A8
:10089000F2D1CA40CB4012F0FF0213F0FF0330BC8C
:1008A000D01A7047704770477047704710B500F016
:1008B0007FF8006810BD10B5044600F079F80460B8
:1008C00010BD3A2800D2303820F02002412A01D34E
:1008D000A2F13700884201D34FF0FF30704700008B
:1008E000026811441378016018467047D1600549C9
:1008F0007944516104497944116200211161114622
:1009000000F064B8EDFFFFFFBF000000426842B195
:10091000016811F8013B23B1521EC0E900121846CC
:1009200070470121C160881E704742685AB1C36890
:10093000016843B983688B4205D0491E521CC0E947
:100940000012002070474FF0FF30704710B5203A7A
:10095000C0F00B80B1E81850A0E81850B1E818506A
:10096000A0E81850203ABFF4F5AF5FEA027C24BF3C
:10097000B1E81850A0E8185044BF18C918C0BDE825
:1009800010405FEA827C24BF51F8043B40F8043BEE
:1009900008BF7047D20728BF31F8023B48BF11F8A3
:1009A000012B28BF20F8023B48BF00F8012B7047FD
:1009B000004870476001002410B5044600F0EAF9D1
:1009C0000068005D00F0010010BD00002DE9F34F4C
:1009D0004FF0000A0C4656468DB001200C9001F1F4
:1009E0000C000B9062690B9801219047051E2DD0D9
:1009F000252D2CD0216A8847C0B162690B9801214E
:100A00009047216A88470028F7D16269411E0B98F8
:100A1000904700E0761CA1690D988847216A8847B5
:100A20000028F7D1E1690D988847DBE7A1690D98A7
:100A30008847A842074601D1761CD3E7E1690D98A3
:100A400088477F1C02D1BAF1000F6FD06BE1626959
:100A50000B9800273D46394690472A2804D1626901
:100A60000B98012190470125DFF8D08262690B982D
:100A700001219047A0F130010A290AD24745E5DC5F
:100A800007EB870100EB4107303FDFD445F010054D
:100A9000ECE7E90601D46FF000476C280AD04C2837
:100AA00014D0682815D06A280DD074281CD07A2854
:100AB0001AD01DE062690B98012190476C2802D082
:100AC00045F0040514E045F002050DE045F0200571
:100AD0000AE062690B9801219047682802D045F02E
:100AE000080505E045F4006562690B98012190470F
:100AF000C4E9015765283DD019DC58287AD00CDCB0
:100B0000452837D004DC252826D041289ED131E065
:100B100046282FD0472899D12CE05B2877D0612830
:100B200028D063287CD0642823D15AE0F6E06F28CF
:100B300048D008DC66281DD067281BD0692821D042
:100B40006E2816D127E0702845D0732868D0752804
:100B500047D078280DD14DE0A1690D988847252808
:100B600005463FF469AFE1690D9888476D1C3FF475
:100B70006AAFD8E00D9923466A466FF00100AFF3E3
:100B80000080C5E045F0400023464FF00002606061
:100B9000A80736D43EE0E8077FF447AF2068011D80
:100BA00021600068290501D506701BE7290701D5DA
:100BB000068017E7A90703D5F117C0E9006111E71F
:100BC00006600FE745F0400023464FF008026060E2
:100BD000A80716D41EE040F60E0125EA0100606069
:100BE00016E045F0400023464FF00A026060A80777
:100BF00007D40FE045F040006060A80708D5234601
:100C000010220D996FF00100AFF3008080E007E043
:100C1000102223460D996FF00100FFF79DFC77E04D
:100C20004FF0000963284F46C8464B46CB4602D0DA
:100C30005B2806D038E0E80601D40120A060012737
:100C400032E06269D4F80CB00B98012190475E281D
:100C500007D14FF0010949466269D4F80CB00B98EE
:100C60009047216939B900210A4603AB43F8212096
:100C7000491C0829FADBD8B3216949B308F10108F6
:100C800062690B98012190475D28F4D1B9F1000FFA
:100C900009D0002003A951F82020D24341F8202098
:100CA000401C0828F7DB03AB2069002820794FEAB5
:100CB00040701ED05B462246CDF80080CDE90197FA
:100CC0000D9900286FF0010020DAAFF300801FE0DB
:100CD000C11703AA00EBD1614B1121F01F0102EBF8
:100CE0008302411A13680120884003431360C7E759
:100CF00019E00D99224600286FF00100009702DAF2
:100D0000AFF3008004E0AFF3008001E0AFF30080B8
:100D100000280ADA401C06D10C9820B14FF0FF30B1
:100D20000FB0BDE8F08F5046FAE7E90701D10AF1AC
:100D3000010A064400200C9054E60000CCCCCC0CF8
:100D400000487047600100247546FFF7F9FFAE4682
:100D500005006946534620F00700854618B020B5C7
:100D6000FFF750FBBDE820404FF000064FF00007B2
:100D70004FF000084FF0000BAC46ACE8C009ACE8FF
:100D8000C009ACE8C009ACE8C00921F007018D46F4
:100D90007047000010B500F005F8001D10BD00BF41
:100DA000F1A00000004870478001002410B50446FF
:100DB000AFF300802046BDE81040FFF70FBB0000F6
:100DC000FEE7000000000000B0B52DED028B0446E8
:100DD0000846002948BF4842012805D80020206065
:100DE000BDEC028BB0BD00BFE36A984214D9A26A81
:100DF000904215D9831AC2F5C87200EE103A01EE7E
:100E0000102AB8EE400AB8EE411A80EE010AB7EE99
:100E1000001A30EE011A17E09FED391A14E000BFF6
:100E2000C51AD21A00EE105A01EE102A9FED352A8B
:100E3000B8EE400AB8EE411A80EE010A9FED301A72
:100E4000B1EEC00AA0EE021A00EE101AB7EE082AA0
:100E5000B0EE003A44F62065B8EEC00A73EE410ADF
:100E600020EE020A9FED282A20EE010ABDEEC00AFC
:100E700010EE101A00EE100A5029B8EE400AA8BF72
:100E8000502184ED091A11F1500F80EE020AD8BFEB
:100E90006FF04F01B7EE002A2160A068401B80FE72
:100EA000420A02EE100AB8EE428A09F077FC9FED82
:100EB000171AA8EE001ABCEEC10A10EE100AA842DA
:100EC00004D3A168814238BF0846054640F20800B5
:100ED0006560C2F20040016862682069B1FBF2F10E
:100EE00003680139D962C1600121E17702F018FB82
:100EF000D4E90401BDEC028BBDE8B04002F0F4BFC0
:100F00009A99993E3333333F0000C84300409C46D2
:100F10004EF6FC50CEF20000016841F08071016095
:100F200041F200000021CEF200004160016841F072
:100F3000010101604068B0FA80F04009704700008C
:100F4000704700000000000041F6802241F20401D9
:100F5000C0F20602CEF2000150430A680B689B1AE9
:100F600083420BD20B689B1A83423EBF0B689B1ACD
:100F7000834203D20B689B1A8342EFD37047000071
:100F800041F204014FF4C872CEF2000150430A68E6
:100F90000B689B1A83420BD20B689B1A83423EBF9D
:100FA0000B689B1A834203D20B689B1A8342EFD3D0
:100FB0007047000000000000EFF3108072B600BF21
:100FC000FEE70000000000002DE9F041044600F0BB
:100FD000CFFC1CB3054694F83500022822D140F21C
:100FE0000F472668C4F2020740F26F48BE426FF016
:100FF0000E00C4F202081DDC6F21C4F202018E4211
:101000002ADC3F21C4F202018E4241DC1021C4F2ED
:1010100002018E4263D028215CE000BF0120BDE8C0
:10102000F08100BF802060650120002184F8341029
:10103000BDE8F08146451BDC40F23F41C4F20201AD
:101040008E422DDC40F21041C4F202018E4246D0A5
:1010500040F228413EE000BF9F21C4F202018E42CF
:1010600028DC7021C4F202018E4238D0882131E0A0
:1010700040F29F41C4F202018E4223DC40F27041F3
:10108000C4F202018E422AD040F2884122E000BF21
:101090004021C4F202018E4221D058211AE000BF43
:1010A00040F24041C4F202018E4218D040F2584151
:1010B00010E000BFA021C4F202018E420FD0B8217F
:1010C00008E000BF40F2B841C4F202018E4206D0EF
:1010D00040F2A041C4F202018E42314607D13146AE
:1010E000306820F01E0041F8140B6FF080000A6891
:1010F000464500EA020008601ADC9F20C4F20200A4
:10110000864233DC5720C4F2020086425ADC1020AB
:10111000C4F20200864200F097802820C4F2020048
:10112000864200F091804020C4F202008AE000BFB5
:1011300045F22F40C5F6020086422DDC40F2B74052
:10114000C4F2020086424BDC40F27040C4F202005E
:10115000864279D040F28840C4F20200864273D0C1
:1011600040F2A040C4F202006CE000BF40F2274011
:10117000C4F20200864243DCA020C4F20200864290
:1011800062D0B820C4F2020086425DD040F2104026
:10119000C4F2020056E000BF45F26B40C5F6020003
:1011A00086423FDC45F23040C5F6020086424BD015
:1011B00045F24440C5F60200864245D045F258400B
:1011C0003EE000BF5820C4F2020086423CD07020AE
:1011D000C4F20200864237D08820C4F2020031E017
:1011E00040F2B840C4F2020086422DD045F20840D9
:1011F000C5F60200864227D045F21C4020E000BF21
:1012000040F22840C4F2020086421DD040F2404025
:10121000C4F20200864217D040F25840C4F20200E5
:1012200010E000BF45F26C40C5F6020086420BD0CC
:1012300045F29440C5F60200864205D045F2804052
:10124000C5F60200864204D1206E016821F4807147
:101250000160306820F00100306000BF3068C007D6
:1012600010D000F085FB401B0628F7D320206065D6
:10127000032084F835000120002184F83410BDE8F3
:10128000F08100BF20680821B8424FF03F0211DC16
:101290006F23C4F2020398421EDC3F23C4F2020310
:1012A000984235DC1023C4F20203984257D0282319
:1012B00050E000BF40451BDC40F23F43C4F2020354
:1012C00098422DDC40F21043C4F20203984246D00B
:1012D00040F228433EE000BF9F23C4F2020398423D
:1012E00028DC7023C4F20203984238D0882331E00E
:1012F00040F29F43C4F20203984223DC40F2704361
:10130000C4F2020398422AD040F2884322E000BF90
:101310004023C4F20203984221D058231AE000BFB0
:1013200040F24043C4F20203984218D040F25843BE
:1013300010E000BFA023C4F2020398420FD0B823EC
:1013400008E000BF40F2A043C4F20203984206D076
:1013500040F2B843C4F20203984240F0C580D4E999
:10136000163707F01F07404502FA07F25A5019DCFA
:101370009F21C4F20201884232DC5721C4F20201EB
:10138000884259DC1021C4F20201884200F09680A4
:101390002821C4F20201884200F090804021C4F26A
:1013A000020189E045F22F41C5F6020188422DDC99
:1013B00040F2B741C4F2020188424BDC40F2704176
:1013C000C4F20201884279D040F28841C4F202019D
:1013D000884273D040F2A041C4F202016CE000BF29
:1013E00040F22741C4F20201884243DCA021C4F24A
:1013F0000201884262D0B821C4F2020188425DD065
:1014000040F21041C4F2020156E000BF45F26B41C8
:10141000C5F6020188423FDC45F23041C5F60201C3
:1014200088424BD045F24441C5F60201884245D07E
:1014300045F258413EE000BF5821C4F20201884203
:101440003CD07021C4F20201884237D08821C4F216
:10145000020131E040F2B841C4F2020188422DD0CD
:1014600045F20841C5F60201884227D045F21C41E9
:1014700020E000BF40F22841C4F2020188421DD0A2
:1014800040F24041C4F20201884217D040F2584174
:10149000C4F2020110E000BF45F26C41C5F6020142
:1014A00088420BD045F29441C5F60201884205D02E
:1014B00045F28041C5F6020188420BD1616EA26EF1
:1014C000E06E4A6030B1016821F480710160D4E9B6
:1014D0001C014160012084F835000020002184F8BF
:1014E0003410BDE8F08100BF0421012237E700007D
:1014F000F0B190F83510022918D180B540F20F42B2
:101500000168C4F20202914214DC6F23C4F20203A8
:10151000994225DC3F23C4F2020399423CDC1023AC
:10152000C4F2020399425DD0282357E0802141652F
:101530000120704740F26F43C4F2020399421BDC62
:1015400040F23F43C4F2020399422DDC40F21043C3
:10155000C4F20203994245D040F228433EE000BF66
:101560009F23C4F20203994228DC7023C4F20203D1
:10157000994237D0882331E040F29F43C4F20203FE
:10158000994223DC40F27043C4F20203994229D00D
:1015900040F2884322E000BF4023C4F20203994294
:1015A00020D058231AE000BF40F24043C4F20203A7
:1015B000994217D040F2584310E000BFA023C4F274
:1015C000020399420ED0B82308E000BF40F2B843AE
:1015D000C4F20203994205D040F2A043C4F20203D0
:1015E000994275D191424FF0040280F8352011DC08
:1015F0006F20C4F20200814222DC3F20C4F20200CC
:10160000814239DC1020C4F20200814259D02820E6
:1016100054E000BF40F26F40C4F2020081421BDC84
:1016200040F23F40C4F2020081422DDC40F2104003
:10163000C4F20200814244D040F228403EE000BFA4
:101640009F20C4F20200814228DC7020C4F2020014
:10165000814236D0882031E040F29F40C4F202003F
:10166000814223DC40F27040C4F20200814228D063
:1016700040F2884022E000BF4020C4F202008142D4
:101680001FD058201AE000BF40F24040C4F20200D0
:10169000814216D040F2584010E000BFA020C4F2B2
:1016A000020081420DD0B82008E000BF40F2B840EF
:1016B000C4F20200814204D040F2A040C4F2020011
:1016C0008142086820F001000860002080BD00BF52
:1016D0000A6822F00E020A6045F25742C5F602027D
:1016E00091420A6822F001020A600FDC45F22F42A3
:1016F000C5F60202914219DC45F20842C5F6020223
:10170000914229D045F21C4222E000BF45F27F42BF
:10171000C5F60202914213DC45F25842C5F60202B8
:10172000914219D045F26C4212E000BF45F23042BE
:10173000C5F6020291420FD045F2444208E000BFD4
:1017400045F29442C5F60202914205D045F280422C
:10175000C5F6020291421AD1D0E9181CD0E916E36D
:101760000A6822F480720A6003F01F01012202FA63
:1017700001F1CEF80410816ECCF80410C16E31B1C5
:101780000A6822F480720A60D0E91C124A600121C2
:1017900080F83510016D0022002980F8342094D0A3
:1017A0008847002080BD00002DE9F04F83B00F680E
:1017B000002F00F0C98000F1264642F2004506F1F4
:1017C000FF76C5F602050A22A8424FEAB62540F286
:1017D000040C08BF092200F120030093082DC5F670
:1017E000000C38BF4FEAB622002400264FF0000854
:1017F00001920AE008F101080F6837FA08F206F1D1
:10180000020604F1040400F09F80012202FA08FE9F
:1018100017EA0E09EED0D1F804B003220BF003074B
:10182000B2407D1E6FEA020A012D11D88268CD6890
:1018300002EA0A02B5402A438260CBF300154268EF
:1018400022EA0E0205FA08F52A43426004E000BFCE
:10185000032F01D103271FE0C2688D6802EA0A0244
:10186000B540022F42EA0502C26015D16FF00302B3
:1018700004F01C0502EA580B009A0F2352F80BE003
:10188000AB400F692EEA0303AF403B4342F80B30F5
:10189000D1F804B00BF00307026807FA06F302EA76
:1018A0000A021BF4403F42EA03020260A2D044F263
:1018B000F44340F2084EC5F60203C5F6000E0F25AC
:1018C0001A6842F002021A601A6802F002020292DA
:1018D00028F00302029B04F00C0352F80E709D40A6
:1018E000AF43019D05FA03F33B4342F80E304FF03E
:1018F000B04EDEF800204B6842EA0907DD0258BF0F
:1019000022EA09079D02CEF80070DCF8002042EAC6
:10191000090758BF22EA09079D03CCF80070DCF8DC
:10192000802042EA090758BF22EA0907DB03CCF806
:101930008070DCF87C2042EA090758BF22EA0907D8
:10194000CCF87C7056E700BF03B0BDE8F08F000014
:101950000069084018BF0120704700000000000027
:10196000002A08BF090481617047000000000000E0
:1019700040F69450C2F2004000687047000000003A
:1019800040F2000040F69451C2F20040C2F2004121
:1019900000780A68104408607047000000000000EA
:1019A00080B5032000F0ACF801F012F944F21841C0
:1019B0004BF23803C5F60201C0F600030A68C2F311
:1019C00003229A5C096801F00F0102F01F02595CC2
:1019D000D04040F20C02C2F2004201F01F0120FA96
:1019E00001F1116040F20801C2F2004108600F20CD
:1019F00000F00AF800281CBF012080BD00F02CF880
:101A0000002080BD00000000B0B540F20005C2F229
:101A100000452978F1B1044640F20800C2F20040C6
:101A20004FF47A72B2FBF1F10068B0FBF1F001F013
:101A3000F7FB0F2C01464FF001000AD8002918BF10
:101A4000B0BD4FF0FF300022214600F029F8002001
:101A50006C60B0BD0120B0BD81B044F2F440C5F669
:101A60000200016841F002010160006800F002001C
:101A70000090009801B07047002848BF704700F000
:101A80001F01012202FA01F14EF20012C0F34A10C6
:101A9000CEF2000242F82010704700000000000063
:101AA00070B54EF60C5C4FF0FF36CEF2000C00F134
:101AB000604505F56445DCF80030C3F3022E8EF076
:101AC0000703042B28BF0423BEF1030406FA03F323
:101AD00021EA030100F00F0338BF0024043B002873
:101AE000634406FA04F048BF03F10C05A14022EA62
:101AF000000008430001287070BD000000000000D5
:101B00004EF60C514FF6FF03CEF200010A681A4060
:101B100060F30A2242F0806040F0FD700860704778
:101B2000B0B544F60C05C5F60205296849072968D1
:101B300006D401F00701081A18BF0120B0BD00BF8C
:101B400021F0070108432860FFF712FF044600BF99
:101B500055F8080C800407D4FFF70AFF001BB0F506
:101B60007A7FF5D90120B0BD0020B0BD0000000093
:101B700080B500F0A5FF44F220414BF23802C5F6D3
:101B80000201C0F600020968C1F30211515C01F0C4
:101B90001F01C84080BD000080B544F2384EC5F634
:101BA000020E5EF8103C5EF8101C5EF80C2CC1F3BF
:101BB000053CDEF80410BCF1000F19D0C9089FEDF8
:101BC0003C1AD20601EAE27103F003026FF35F31BF
:101BD00000EE101AB8EE400ADFE802F002221022EE
:101BE0005EF8381C89060DD49FED331A18E000BF4B
:101BF00000218160C0E9001180BD00BF9FED2D1A5A
:101C00000EE000BF5EF8381C49F20002C0F2D0328C
:101C1000C1F3C10122FA01F101EE101AB8EE411A26
:101C2000DEF800109FED253A6FF35F2102EE101AE7
:101C3000DEF80010C1F34621B8EE422A013100EE71
:101C4000032A00EE10CAB7EE003AB8EE400A81EE61
:101C5000000A32EE031A20EE010A01EE101AB8EE65
:101C6000411A80EE011ABCEEC11A80ED001ADEF8AE
:101C70000010C1F30641013101EE101AB8EE411A0D
:101C800080EE011ABCEEC11A80ED011ADEF80010D8
:101C9000C1F30661013101EE101AB8EE411A80EE6F
:101CA000010ABCEEC00A10EE101A816080BD00BFB0
:101CB0000024744A20BCBE4B0024744C0000003940
:101CC00080B544F2404EC5F6020E5EF8183C5EF850
:101CD000181C5EF8142CC1F3055CDEF80410BCF18E
:101CE000000F19D0C9089FED3C1AD20501EAE27134
:101CF00003F003026FF35F3100EE101AB8EE400AF2
:101D0000DFE802F0022210225EF8401C89060DD4A2
:101D10009FED331A18E000BF00218160C0E9001177
:101D200080BD00BF9FED2D1A0EE000BF5EF8401C85
:101D300049F20002C0F2D032C1F3C10122FA01F12E
:101D400001EE101AB8EE411ADEF800109FED253AA8
:101D50006FF35F2102EE101ADEF80010C1F3462186
:101D6000B8EE422A013100EE032A00EE10CAB7EEA7
:101D7000003AB8EE400A81EE000A32EE031A20EE75
:101D8000010A01EE101AB8EE411A80EE011ABCEEFB
:101D9000C11A80ED001ADEF80010C1F306410131CE
:101DA00001EE101AB8EE411A80EE011ABCEEC11A0B
:101DB00080ED011ADEF80010C1F30661013101EE79
:101DC000101AB8EE411A80EE010ABCEEC00A10EEFD
:101DD000101A816080BD00BF0024744A20BCBE4B35
:101DE0000024744C000000392DE9F0470446C07807
:101DF00044F22C480007C5F6020828D5606E4FEA69
:101E0000305103292AD8DFE801F0030B131B00BF70
:101E1000D8F8001041F40031C8F8001010E000BFFD
:101E200004F10800022105F047F9064680B906E0F2
:101E300004F12800022105F0D3F9064640B9606E8E
:101E4000D8F8241021F440110843C8F824000026D3
:101E50006078C00706D135462FE000BF01266078C4
:101E6000C007F8D0A06D04283ED83546DFE800F062
:101E700004140E0B0B0000BFD8F80000354640F4E8
:101E80000030C8F800002F46C5B90DE004F1280065
:101E9000002105F0A5F904E004F10800002105F097
:101EA0000BF905462F464DB9D8F82400A16D20F056
:101EB000070000250843C8F824003746607840072B
:101EC0003AD5D4F8A4004FEA7050052818D8DFE8B6
:101ED00000F0031D11232323D8F8000040F4003044
:101EE000C8F8000018E000BF01250127607840070E
:101EF000E7D421E004F12800002105F071F90AE09F
:101F000001250126607800071AD44FE004F108008B
:101F1000002105F0D1F805462E461DB16078000776
:101F20000ED443E0D8F82C00D4F8A41020F46000BC
:101F300000250843C8F82C003E466078000735D5D8
:101F4000D4F8A8004FEA3060052813D8DFE800F085
:101F500004180C1E1E1E00BFD8F8000040F400300C
:101F6000C8F8000012E000BF04F12800002105F0CD
:101F700037F90AE001250127E07880071AD434E018
:101F800004F10800002105F097F805462F461DB121
:101F9000E07880070ED428E0D8F82C00D4F8A810F8
:101FA00020F0E06000250843C8F82C003746E078B0
:101FB00080071AD5E06C4FEA3010032838D8DFE8E4
:101FC00000F009032D0900BFD8F8000040F40030EC
:101FD000C8F800002E464DB9D8F82000E16C20F07A
:101FE000300000250843C8F820003E466078C0064F
:101FF00039D5E06D4FEA3030042847D8DFE800F0EB
:1020000004221C0A0A0000BFD8F8000040F4003087
:10201000C8F800002F463DBB1CE000BF04F10800DB
:10202000022105F049F80546002D2E46DED1D3E702
:1020300001250126DAE700BF04F12800002105F0A0
:10204000CFF804E004F10800002105F035F805465A
:102050002F464DB9D8F82400E16D20F4E04000256A
:102060000843C8F8240037466078800635D5206ECE
:102070004FEA3040052815D8DFE800F0041A0E04B6
:10208000040400BF2E46DDB91EE000BF0125012774
:1020900060788006EBD420E004F12800012105F0EF
:1020A0009FF80AE0012501266078400619D449E02E
:1020B00004F10800012104F0FFFF05462E461DB182
:1020C000607840060DD43DE0D8F82400216E20F45D
:1020D000E02000250843C8F824003E46607840060A
:1020E00030D5D4F8AC004FEA307005280ED8DFE8C0
:1020F00000F00313070303032F46ADB918E000BF38
:1021000004F12800012105F06BF80AE00125012700
:10211000607800061AD43CE004F10800012104F0C4
:10212000CBFF05462F461DB1607800060ED430E087
:10213000D8F82C00D4F8AC1020F0E040002508437B
:10214000C8F82C0037466078000622D5E06E58B1FA
:10215000B0F1005F0CD0B0F1805F37D1D8F800004B
:1021600040F40030C8F800002E469DB908E000BFDA
:1021700004F10800012104F09FFF05462E464DB9E9
:10218000D8F82400E16E20F0405000250843C8F83C
:1021900024003E46E078C0071DD0A06C032855D827
:1021A000DFE800F008024A08D8F8000040F40030E8
:1021B000C8F80000A9467DB9D8F82000A16C20F02D
:1021C000030000250843C8F8200004E0012501268B
:1021D000E078C007E1D1B146A078400602D44F466E
:1021E00018E000BFD8F8D40340F48070C8F8D403D6
:1021F000FFF7BEFB064600BFD8F8D403C00507D4DE
:10220000FFF7B6FB801B6428F6D90325032701E0FE
:102210002F46FDB12078C00700F06F80A06F4FEA15
:10222000F00005284ED8DFE800F00353470303030E
:10223000002D2E4654D157E004F10800022104F08D
:102240003BFF0546002DA946C6D1B5E701254FF055
:102250000109C1E7D8F84410D4F8B000414011F4A6
:10226000407F11D0D8F84410D8F8442042F480328E
:10227000C8F84420D8F8442021F4407122F4803278
:10228000C8F84420C8F84410B0F5807F40F0D082F0
:10229000FFF76EFB064641F2883A0325032700BF8D
:1022A000D8F84400800700F1C182FFF761FB801B72
:1022B0005045F5D9AEE700BF04F12800012104F034
:1022C0008FFF0AE0012501262078800719D446E017
:1022D00004F10800012104F0EFFE05462E461DB171
:1022E000207880070DD43AE0D8F82800A16F20F0BC
:1022F000380000250843C8F828003E4620788007AB
:102300002DD5606F05280FD8DFE800F0041408040D
:10231000040400BF2F46ADB918E000BF04F1280047
:10232000012104F05DFF0AE0012501272078400724
:1023300019D447E004F10800012104F0BDFE054670
:102340002F461DB1207840070DD43BE0D8F8280077
:10235000616F20F0070000250843C8F828003746C1
:10236000207840072ED5D4F8900005280ED8DFE855
:1023700000F00313070303032E46ADB918E000BFB6
:1023800004F12800012104F02BFF0AE001250126B9
:10239000207880061AD44BE004F10800012104F0F3
:1023A0008BFE05462E461DB1207880060ED43FE0F8
:1023B000D8F82C00D4F8901020F00700002508432E
:1023C000C8F82C003E462078800631D5D4F88C0021
:1023D0004FEA307005280FD8DFE800F00414080435
:1023E000040400BF2F46ADB918E000BF04F1280077
:1023F000022104F0F5FE0AE00125012720784006BD
:102400001AD44BE004F10800002104F055FE054603
:102410002F461DB1207840060ED43FE0D8F82800A2
:10242000D4F88C1020F0E04000250843C8F82800BC
:1024300037462078400631D5D4F898004FEAB020CE
:1024400005280FD8DFE800F004140804040400BFD6
:102450002E46ADB918E000BF04F12800022104F0B7
:10246000BFFE0AE001250126207800061AD44EE0BE
:1024700004F10800002104F01FFE05462E461DB1A0
:10248000207800060ED442E0D8F82C00D4F898103A
:1024900020F4E05000250843C8F82C003E46207880
:1024A000000634D5D4F89C004FEA7030052815D8C2
:1024B000DFE800F0041A0E04040400BF2F46E5B163
:1024C0002068010727D4C1063ED4000355D477E025
:1024D00004F12800022104F083FE0AE0012501270F
:1024E00020680107EFD516E004F10800002104F090
:1024F000E3FD0546002D2F46E2D1D8F82C00D4F894
:102500009C1020F4604000250843C8F82C00374692
:1025100020680107D7D5D4F88000B0F5805F09D1D5
:1025200004F12800022104F05BFE002818BF0127F7
:10253000D4F88000D8F8281021F440510843C8F896
:1025400028002068C106C0D5D4F89400B0F5807F7B
:1025500009D104F12800022104F042FE002818BF2E
:102560000127D4F89400D8F82C1021F440710843C6
:10257000C8F82C002068000322D5D4F8A000B0F5DC
:10258000003F11D0B0F5803F08D0002844D104F1BD
:102590000800002104F090FD05E000BF04F12800D0
:1025A000022104F01DFE05462E4655B9D8F82C0030
:1025B000D4F8A01020F4403000250843C8F82C00BF
:1025C0003E46A07840072CD5D4F88400B0F5401FD3
:1025D0000BD0B0F5001F0BD0B0F5801F2AD1D8F872
:1025E000000040F40030C8F800002F46D5B907E0DD
:1025F00004F12800012104F0F3FD05462F468DB9B2
:10260000D8F82800D4F8841020F44010002508439E
:10261000C8F8280005E000BF01250126A078400782
:10262000D2D43746A078C00709D13E462168880039
:1026300015D532E001250127A078C007F5D0206D1F
:10264000B0F5803F10D018BBD8F8000040F400303F
:10265000C8F800002E4685B1216888001DD4606846
:102660008A0326D465E000BF04F10800022104F0CB
:1026700023FD0546002D2E46EED1D8F82000216D11
:1026800020F4803000250843C8F82000CDE700BFC3
:102690000125012621688800E1D504F128000221E6
:1026A00004F09EFD002818BF0126D4E900108A031B
:1026B0003FD5E26F6FF0010303EB3223022B0BD304
:1026C0004FEA322343B1012B40F0AA80D8F8003002
:1026D00043F40033C8F8003025B3CA022CD48A0270
:1026E00034D44A003CD4CA0F49D1090251D4C1079D
:1026F0005AD1810763D441076CD4010776D4C1064F
:1027000000F18080800607D504F12800022104F042
:1027100067FD002818BF0125002D18BF0125284698
:10272000BDE8F087D8F8283023F440731A43C8F87E
:1027300028203546CA02D2D5D8F82420236F22F0AB
:1027400000421A43C8F824208A02CAD5D8F82420A7
:10275000A36E22F080721A43C8F824204A00C2D522
:1027600058F81C2C22F4004248F81C2CD4F8B42051
:1027700058F81C3C1A4348F81C2CCA0FB5D0D8F89E
:102780002020636D22F040521A43C8F8202009022D
:10279000ADD5D8F82810D4F8882021F44001114391
:1027A000C8F82810C107A4D004F10800002104F0E3
:1027B00083FC002818BF0546606881079BD504F19B
:1027C0000800012104F078FC002818BF0546606865
:1027D000410792D504F10800022104F06DFC0028A5
:1027E00018BF0546606801077FF589AF04F128002E
:1027F000002104F0F5FC002818BF05466068C106FA
:102800007FF580AF04F12800012104F0E9FC0028E5
:1028100018BF0546606880063FF576AF7CE700BFCD
:102820000125CA027FF55BAF86E700BFD4F8B00090
:102830004FF6CF7358F81C2CC0F2FF0300F4407120
:1028400022F47C5203EA10136FF31F30B1F5407F7E
:1028500008BF1A43002548F81C2CD8F84410084338
:10286000C8F84400FFF7BBBC2DE9F04381B0002855
:1028700000F0208142F200090446C5F20029D9F88F
:10288000000000F00F0081420DD9D9F8000020F0BF
:102890000F000843C9F80000D9F8000000F00F004D
:1028A000884240F00781206844F218464207C5F686
:1028B00002060AD52269336803F070039A4204D9EC
:1028C000336823F070031A43326002070AD5626945
:1028D000736803F070039A4204D9736823F070039D
:1028E0001A437260C2060AD5A269736803F4E063F2
:1028F0009A4204D9736823F4E0631A437260820633
:102900000AD5E269B36803F070039A4204D9B36848
:1029100023F070031A43B26010F002020AD0E36899
:10292000376807F00F07BB4204D9376827F00F0755
:102930003B433360C3073FD0306820F47062D4E972
:1029400001031A433260012856F8182C0AD00328D4
:1029500004D002280AD192030BD4ABE0920108D430
:10296000A8E000BFD20504D4A4E000BF520740F1A4
:10297000A180884656F8081C21F00701084346F854
:10298000080CFEF7F5FF054641F2883756F8080CAB
:10299000616800F03800B0EBC10F09D0FEF7E8FF26
:1029A000401BB842F2D9032001B0BDE8F08300BF5C
:1029B0002068414600F0020252B1E268336803F039
:1029C0000F039A4204D2336823F00F031A43326094
:1029D000D9F8002002F00F0291420CD2D9F8002061
:1029E00022F00F020A43C9F80020D9F8002002F0B3
:1029F0000F028A425ED141070AD52169326802F08E
:102A00007002914204D2326822F0700211433160A8
:102A100001070AD56169726802F07002914204D21E
:102A2000726822F0700211437160C1060AD5A16973
:102A3000726802F4E062914204D2726822F4E062A9
:102A40001143716080060AD5E069B16801F0700138
:102A5000884204D2B16821F070010843B06000F0F0
:102A6000B7F831684BF23802C0F60002C1F3032117
:102A7000515C336803F00F0301F01F01D25C20FAB0
:102A800001F102F01F0040F20C02C2F2004221FAF2
:102A900000F0106040F2040040F20802C2F2004070
:102AA000C2F200420068116001B0BDE8F043FEF7D9
:102AB000ABBF00BF012001B0BDE8F0830000000003
:102AC00080B500F085F844F218414BF23803C5F6A2
:102AD0000201C0F600030A68C2F303229A5C096887
:102AE00001F00F0102F01F02595C20FA02F201F01E
:102AF0001F0040F20C01C2F2004122FA00F008600F
:102B000040F20801C2F200410A6080BD00000000EE
:102B100080B500F05DF844F2184C4BF23803C5F66E
:102B2000020CC0F60003DCF80020C2F303229A5C1A
:102B3000DCF8001001F00F0102F01F02595CD040D8
:102B400040F20C02C2F2004201F01F0120FA01F132
:102B5000116040F20802C2F200421060DCF804008A
:102B6000C0F30210185C00F01F0021FA00F080BDD5
:102B700080B500F02DF844F2184C4BF23803C5F63E
:102B8000020CC0F60003DCF80020C2F303229A5CBA
:102B9000DCF8001001F00F0102F01F02595CD04078
:102BA00040F20C02C2F2004201F01F0120FA01F1D2
:102BB000116040F20802C2F200421060DCF804002A
:102BC000C0F30220185C00F01F0021FA00F080BD65
:102BD00044F20041C5F602010869C0F3C2000328AF
:102BE00016D002280ED0002832D10868800649F29B
:102BF0000000C0F2D03058BF70470968C1F3C1016E
:102C0000C840704747F64000C0F27D10704700BFD3
:102C10008B6A886AD1F82CC04A6BC0F30510E8B102
:102C2000C2F3CC0203F0030300EE102A9FED2A1A30
:102C3000B8EE400A20EE010A9FED281ADFE803F003
:102C4000022110210A6892060ED49FED261A18E080
:102C500040F60010C0F23D00704700BF00207047F2
:102C60009FED1F1A0DE000BF0A6849F20003C0F291
:102C7000D033C2F3C10223FA02F201EE102AB8EEF9
:102C8000411A0A6B9FED183A6FF35F2202EE102A89
:102C90005FEACC7203FE000A03EE100A086BB8EE7E
:102CA000422AC0F34620B8EE433A013030EE020A21
:102CB000B7EE002A81EE031A30EE020A21EE000A76
:102CC00001EE100AB8EE411A80EE010ABCEEC00A0D
:102CD00010EE100A704700BF000000390024744A4B
:102CE00020BCBE4B0024744C00000000000000001B
:102CF00070B3F0B581B00446007844F20046C007D6
:102D0000C5F6020626D1207880076AD5306910F012
:102D10003801B06A42D0182908BF5FEA80703DD000
:102D2000E0683168002800F02D8121F01901084386
:102D30003060FEF71DFE0546306840074AD4FEF7B6
:102D400017FE401B0228F7D9032001B0F0BD00BFD9
:102D500001207047306900F03801B06A102905D0B1
:102D600018290BD100F00300022807D13068800336
:102D7000C9D560680028C6D1AAE000BF6168306884
:102D8000002900F03981B1F5A02F00F02D81B1F5B7
:102D9000803F40F0478140F4803049E1306840078F
:102DA000E06802D5002800F09380316821F0190115
:102DB00008433060FEF7DCFD054600BF3068400781
:102DC00008D4FEF7D5FD401B02284FF00300F5D9CB
:102DD00001B0F0BD7068216920F0FE4040EA01605A
:102DE00070602078C0061AD5306900F03801B06AEA
:102DF000082907D0182940F0858000F00300012839
:102E000040F080803068C00502D5E06980285FD13D
:102E1000F068216A20F07C5040EA0160F060207880
:102E200000073FD42078800656D42078400700F170
:102E30008180656A9DB3306900F03800182840F041
:102E40001981012DB16A306B42D001F00302A36AEF
:102E50009A423DD1C1F30511E26A914238D101464F
:102E6000226B6FF35F21013A914231D1C0F34622C8
:102E7000616B01398A422BD1C0F30642A16B013943
:102E80008A4225D1C0F30660E16B013988421FD127
:102E9000706BA16CC0F3CC00814240F0A581002092
:102EA00001B0F0BD60690028706F59D040F001009A
:102EB0007067FEF75DFD0546706F8007B2D4FEF7C0
:102EC00057FD401B0228F7D9032001B0F0BD00BF19
:102ED000012001B0F0BD00BFA0690028306871D0AA
:102EE00040F480503060FEF743FD054630688004B2
:102EF0009BD4FEF73DFD401B0228F7D9032001B00B
:102F0000F0BD00BFE0690028306800F0A18040F00B
:102F100080003060FEF72CFD054600BF3068C0051C
:102F20003FF576AFFEF724FD401B02284FF003006B
:102F3000F4D94DE7D6F8000440F48070C6F80004D8
:102F4000FEF716FD054600BFD6F80004C0052BD4D9
:102F5000FEF70EFD401B6428F6D9032001B0F0BD3A
:102F600020F001007067FEF703FD0546706F8007D3
:102F70007FF558AFFEF7FCFC401B02284FF0030022
:102F8000F4D925E721F001003060FEF7F1FC054699
:102F9000306840077FF525AFFEF7EAFC401B0228AA
:102FA0004FF00300F4D913E7A168306F002900F057
:102FB0008B80052900F08080012940F09D8040F041
:102FC00001009FE020F480503060FEF7D1FC054600
:102FD000306880047FF529AFFEF7CAFC401B022849
:102FE0004FF00300F4D9F3E640F4802030603068FD
:102FF00040F480301CE000BF20F480303060306846
:1030000020F480203060FEF7B3FC05463068800372
:103010007FF579AEFEF7ACFC401B64284FF003004F
:10302000F4D9D5E620F480303060306820F4802078
:103030003060FEF79DFC0546306880033FF563AEC7
:10304000FEF796FC401B6428F6D9032001B0F0BDC2
:1030500020F080003060FEF78BFC05463068C0052C
:103060007FF5DDAEFEF784FC401B02284FF0030025
:10307000F4D9ADE6306820F080703060FEF778FC5F
:10308000022D05460CD100BF306880014CD5FEF7FB
:103090006FFC401B02284FF00300F5D998E600BFF3
:1030A000306880017FF5FBAEFEF762FC401B022812
:1030B0004FF00300F4D98BE640F004003067306F26
:1030C00040F001001EE000BF20F001003067306FCB
:1030D00020F004003067FEF74BFC054641F28837CC
:1030E000306F80077FF5A5AEFEF742FC401BB8426B
:1030F0004FF00300F4D96BE620F001003067306F29
:1031000020F004003067FEF733FC054641F28837B3
:10311000306F80073FF58DAEFEF72AFC401BB842AA
:103120004FF00300F4D953E604F12807B06A40F2E7
:10313000F33188438ECF0843591E40EA02104FF402
:103140007E426FF35F21B06202EB47204FF4FE0234
:1031500080B2E36B0844A16B02EB01414FF0FE42E9
:1031600001F4FE0102EB0362084402F0FE41084450
:103170003063F06A4FF6F87120F00100F062706B76
:10318000A26C884340EAC2007063F06A216C20F0B0
:103190000C000843F062F06A616C20F00200084302
:1031A000F062F06A40F48030F062F06A40F400307F
:1031B000F062F06A40F48020F062F06A40F00100B2
:1031C000F062306840F080703060FEF7D1FB04465A
:1031D000306880013FF563AEFEF7CAFB001B022892
:1031E0004FF00300F4D9F3E5F06A20F00100F0623B
:1031F000FEF7BEFB0546FEF7BBFBA842FBD0706B9B
:103200004FF6F871A26C884340EAC2007063F06A1E
:1032100040F00100F062002001B0F0BD00000000AD
:10322000411E0020B0EB116F02D00120704700BF9B
:103230004EF21002F023CEF2000251604EF62351FE
:10324000CEF200010B700721906011607047000002
:103250007047000000000000704700000000000000
:10326000704700000000000090F83C20012A01D1C6
:1032700002207047B0B5D1E9022323F47C5322F435
:10328000705242EA030548F2FF73D1E900CECEF650
:10329000F0730EEA030203F5006445EA020E0CEA3D
:1032A00004050C6903F5C05245EA0E0522402A4385
:1032B0004D692A4303F560550C6B03F5F0432A4032
:1032C00023401343026840F2004C42F48065C4F28C
:1032D000010C8C69654540F2000CCEF6FF7CCD698F
:1032E0000CEA044443EA050343EA040318D14FF609
:1032F000FF7540F2000CCDF60F458C6ACDF6F04C10
:1033000003EA050E0D6A0CEA04544B6A44EA0E0403
:1033100025F0085523F000532543C96A2B430B437E
:103320005364002180F83C100020B0BD0000000074
:1033300090F83C20012A4FF0020266D0B0B580F828
:103340003D2040F2004C0268C4F2010C42F480635C
:1033500063455368D2F808E002BF23F470034C6859
:1033600023434DF6FF740D68C4F2000423F070038C
:10337000A24243EA0503536014DC40F2FF73C4F237
:1033800000039A4222DD40F60003C4F200039A4291
:103390002ED040F60043C4F200039A4228D041F6F2
:1033A000000321E04FF6FF73C4F200039A4213DDDD
:1033B0000023C4F201039A421AD044F20003C4F27B
:1033C00001039A4214D0624512D016E0B2F1804F48
:1033D0000ED040F2004307E04EF20003C4F20003B7
:1033E0009A4205D04EF20043C4F200039A4204D13F
:1033F0002EF080038968194391600022012180F832
:103400003D1080F83C20BDE8B040104670470000F9
:1034100060B310B5044690F83D0028B9002084F848
:103420003C00204600F024F8022084F83D0020688B
:10343000211D04F0BDF8012084F8480084F83E0006
:1034400084F83F0084F8400084F8410084F842008A
:1034500084F8430084F8440084F8450084F846006A
:1034600084F8470084F83D00002010BD012070471B
:1034700010B584B04EF200410068C4F200018842E9
:1034800032D04EF20001C4F2000188421AD040F25C
:103490000041C4F20001884240D144F2EC400022D5
:1034A000C5F602001D2450F8041C41F0020140F84A
:1034B000041C50F8040C002100F002000390039853
:1034C0001D2022E044F2EC400022C5F60200A124B7
:1034D000016841F0807101600068002100F0807097
:1034E00002900298A12010E044F2EC400022C5F6C0
:1034F0000200A224016841F000710160006801210E
:1035000000F0007001900198A220FEF7C9FA204651
:1035100004B0BDE81040FEF7AFBA00BF04B010BD64
:1035200090F83D10012927D1022180F83D10016853
:103530004DF6FF70C4F200008142C86840F00100FF
:10354000C8601BDC40F2FF70C4F2000081422DDD38
:1035500040F60000C4F2000081423DD040F6004039
:10356000C4F20000814237D041F60000C4F20000EE
:10357000814231D03CE000BF012070474FF6FF7020
:10358000C4F2000081421BDD0020C4F20100814230
:1035900022D044F20000C4F2010081421CD040F26B
:1035A0000040C4F20100814216D021E0B1F1804F09
:1035B00012D040F20040C4F2000081420CD017E06B
:1035C0004EF20000C4F20000814205D04EF20040ED
:1035D000C4F2000081420BD107228868C0F20102C8
:1035E00002400020062A18BFB2F5803F00D1704784
:1035F000086840F0010008600020704700000000EB
:1036000090F83C20012A4FF0020200F0AA8080B519
:1036100080F83D208822D0F800C0CFF6CE72DCF8CA
:1036200008301A40CCF808200B686F2B0EDDB3F180
:10363000101F37DAB3F5005F6EDA702B00F0B6803A
:10364000B3F5805F00F08480D8E000BF2F2B33DD1E
:103650004F2B39DC302B6FD0402B40F0CF80D1F88E
:1036600004E0C968DCF82030DCF8202022F00102F8
:10367000CCF82020DCF8182022F0F00242EA0111F8
:1036800023F00A02CCF8181042EA0E01CCF8201000
:103690004FF68872DCF80810CFF6CF721140473130
:1036A00054E000BF2F21C0F210018B423ADCB3F18D
:1036B000101F41D020213BE0002B18BF102B3BD026
:1036C000202B39D09AE000BF502B4DD0602B40F01A
:1036D0009580D1F804E0C968DCF82030DCF82020BF
:1036E00022F01002CCF82020DCF8182022F47042DE
:1036F00042EA013123F0A002CCF8181042EA0E1180
:10370000CCF820104FF68872DCF80810CFF6CF7294
:10371000114067311AE000BF5CD0B3F5801F0BD0B9
:103720006CE000BF3021C0F210018B4204D0402178
:10373000C0F210018B4261D14FF68872DCF808109C
:10374000CFF6CF721140194341F00701CCF80810B1
:103750000022012180F83D10002180F83C10BDE8D6
:1037600080401046704700BFD1F804E0C968DCF81B
:103770002030DCF8202022F00102CCF82020DCF8F8
:10378000182022F0F00242EA011123F00A02CCF8DC
:10379000181042EA0E01CCF820104FF68872DCF8BF
:1037A0000810CFF6CF7211405731CFE701F1040E68
:1037B0009EE80C40DCF808101A4321F47F4142EAED
:1037C0000E221143CCF80810DCF8081041F0770104
:1037D000BCE700BF01F1040E9EE80C40DCF80810C5
:1037E0001A4321F47F4142EA0E221143CCF808101B
:1037F000DCF8081041F48041A8E700BF0122A8E7E7
:103800007047000000000000F0B581B00446006879
:10381000C5680669B10717D515F0020114D06FF01D
:1038200002010161012121778069800704D02046CF
:10383000FFF7E6FF06E000BF204600F09DF82046B7
:1038400000F04EFB00202077700719D515F004001A
:1038500016D020686FF00401016102212177806990
:1038600010F4407F04D02046FFF7CAFF06E000BFF7
:10387000204600F081F8204600F032FB002020773F
:10388000300717D515F0080014D020686FF0080134
:10389000016104212177C069800703D02046FFF72A
:1038A000AFFF05E0204600F067F8204600F018FB67
:1038B00000202077F00619D515F0100016D02068EA
:1038C0006FF01001016108212177C06910F4407F79
:1038D00004D02046FFF794FF06E000BF204600F02A
:1038E0004BF8204600F0FCFA00202077F00718BFC4
:1038F00015F0010006D020686FF00101016120463B
:1039000000F0AAFB05F0800716F4025F18BF002F35
:1039100002D1F00509D410E020686FF40251016172
:103920002046FFF799FCF00507D537B120686FF402
:10393000807101612046FFF78BFC700609D515F0F8
:10394000400006D020686FF040010161204600F081
:10395000AFFBB0060CD515F0200009D020686FF041
:1039600020010161204601B0BDE8F040FFF778BCBE
:1039700001B0F0BD00000000704700000000000032
:1039800090F83C30012B01D1022070474FEAB2027F
:10399000052A00F223812DE9F041DFE812F007004B
:1039A000BB00570095003100F90000BF036843F6E3
:1039B000FF76C4F201061C6AB3421A6A24F00204BC
:1039C00022F001021A621A46D3F804C052F818EF26
:1039D0008D6844EA0504D1F8008040F3818144F207
:1039E0000007C4F20107BB4200F0858144F60007DE
:1039F000C4F20107BB4200F07E8144F2004776E149
:103A0000036843F6FF77C4F20107D3F820C0BB4236
:103A10001A6A22F480321A621A465C6852F8546FAD
:103A20000D68D1F808E040F3DF8044F20007C4F2EB
:103A30000107BB4200F0E38044F60007C4F201072F
:103A4000BB4200F0DC8044F20047D4E0036840F25F
:103A5000004E43F48067C4F2010E1C6A77451A6A6F
:103A600024F4007422F480721A621A465D6852F8D7
:103A70001CCF8E6844EA062407D1CE6840F2FF4787
:103A8000360224F44064BE43344343F6FF76D1F853
:103A90000080C4F20106B34240F3D28044F2000732
:103AA000C4F20107BB4200F0D28044F60007C4F222
:103AB0000107BB4200F0CB8044F20047C4F201078B
:103AC000BB4200F0C480C9E0036843F6FF77C4F24C
:103AD0000107D3F820C0BB421A6A22F480521A624E
:103AE0001A465C6852F81C6F0D68D1F808E040F384
:103AF000CD8044F20007C4F20107BB4200F0D18040
:103B000044F60007C4F20107BB4200F0CA8044F249
:103B10000047C2E0036840F2004E43F48067C4F2FD
:103B2000010E1C6A77451A6A24F0200422F0100264
:103B30001A621A465D6852F818CF8E6844EA061475
:103B400007D1CE686FF0400724F0C00407EA0616DC
:103B5000344343F6FF76D1F80080C4F20106B34245
:103B600040F3E08044F20007C4F20107BB4200F0DA
:103B7000E08044F60007C4F20107BB4200F0D980A0
:103B800044F20047C4F20107BB4200F0D280D7E004
:103B9000036843F6FF77C4F20107D3F820C0BB42A5
:103BA0001A6A22F480121A621A465C6852F8546F3C
:103BB0000D68D1F808E040F3058144F20007C4F233
:103BC0000107BB4200F0098144F60007C4F2010777
:103BD000BB4200F0028144F20047FAE001210022DA
:103BE00080F83C20084670470027C4F20107BB421A
:103BF00005D040F20047C4F20107BB4204D14F692F
:103C000024F4803444EA07244FF68C775C60CFF6C6
:103C1000FE7703373E402CF4003746EA05045C6526
:103C20004E6809699E6547EA0E471F625F6D47F05F
:103C300008075F655F6D27F004075F65EEE000BF72
:103C40000027C4F20107BB4201D0734506D1D1E978
:103C50000576374325F4405646EA07154FF68C772C
:103C60005D60CFF6FE7707EA0C0747EA0807DF61D9
:103C70004F680969DF631C62DF6947F00807DF618D
:103C8000DF6927F00407DF61C8E000BF0027C4F246
:103C90000107BB4205D040F20047C4F20107BB4216
:103CA00004D14F6924F4804444EA871448F6FF475E
:103CB0005C60CFF6FF673E402CF4005746EA0524CF
:103CC000DC614E6809691E6447EA0E371F62DF69CE
:103CD00047F40067DF61DF6927F48067DF619CE0FC
:103CE0000027C4F20107BB4205D040F20047C4F2EE
:103CF0000107BB4205D1CF6824F00C0427F004076C
:103D00003C43B34234DD44F20006C4F20106B34240
:103D100039D044F60006C4F20106B34233D044F26F
:103D200000462CE00027C4F20107BB4201D07345D6
:103D300006D1D1E90576374325F4406646EA870582
:103D400048F6FF475D60CFF6FF6707EA0C0747EAD2
:103D500008279F614F6809699F631C629F6947F448
:103D600000679F619F6927F480679F6155E000BFEE
:103D70000026C4F20106B34205D040F20046C4F268
:103D80000106B34206D12CF44077D1E905653743EB
:103D900047EA050C4FF68C75C3F804C0CFF6FE75E4
:103DA0000EEA050747EA08079F614F6809695F63E4
:103DB0001C629F6947F008079F619F6927F004070D
:103DC0009F612BE00027C4F20107BB4205D040F2FF
:103DD0000047C4F20107BB4204D14F6924F4802498
:103DE00044EA872448F6FF475C60CFF6FF6707F593
:103DF00040773E402CF4001746EA05245C654E6887
:103E00000969DE6547EA0E571F625F6D47F4006778
:103E10005F655F6D27F480675F650902136819436A
:103E200011600021BDE8F041002280F83C200846E6
:103E3000704700000000000060B310B5044690F821
:103E40003D0028B9002084F83C00204600F024F80A
:103E5000022084F83D002068211D03F0A9FB012009
:103E600084F8480084F83E0084F83F0084F840005D
:103E700084F8410084F8420084F8430084F8440048
:103E800084F8450084F8460084F8470084F83D0033
:103E9000002010BD0120704744F200010068C4F208
:103EA0000101884218BF704780B582B044F2F040EB
:103EB0000022C5F60200016841F48031016000680B
:103EC000002100F48030019001987420FDF7E8FD96
:103ED000742002B0BDE88040FDF7CEBD00000000B8
:103EE000704700000000000080B5C9B10B1F4FF003
:103EF0003F0C4FEAB30E4322BEF1040F38BF0CEB68
:103F0000B302825C012A13D1BEF1030F1ED8DFE891
:103F10000EF00319111500BF022280F83F2018E0AF
:103F200090F83E20012A03D1022280F83E2010E0C2
:103F3000012080BD022280F841200AE0022280F8A0
:103F4000422006E0022280F8402002E0022280F8AF
:103F50004320026801F01F00012101FA00F0116AFC
:103F6000814311624EF2FF31C4F200018A42116AAC
:103F700040EA0100106215DC40F6FF30C4F2000098
:103F8000824227DCB2F1804F4ED040F20040C4F2B2
:103F90000000824248D040F60000C4F20000824295
:103FA00042D053E043F6FF700021C4F20100C4F296
:103FB0000101824244F20000C4F201001EDC4EF214
:103FC0000043C4F200039A422ED08A4224D040F229
:103FD00000431DE040F60040C4F20000824223D0BE
:103FE00041F60000C4F2000082421DD04EF20000F3
:103FF000C4F20000824217D028E000BF82420BD0FA
:1040000044F60003C4F201039A4205D044F200438F
:10401000C4F201039A4219D1536C8A4243F400411D
:10402000516418BF82420BD107219068C0F2010190
:1040300001400020062918BFB1F5803F06D180BDA0
:1040400040F20040C4F201008242EDD0106840F01E
:1040500001001060002080BDB0B540F2004504466C
:10406000C4F20005006805F55C4188420ED005F5F4
:104070009E31884211D0A84218BFB0BD40F2CC603A
:10408000C2F20040BDE8B04003F042B905F058FF6D
:10409000206805F59E318842EDD140F29C60C2F265
:1040A000004003F035F92068E5E70000000000005B
:1040B000704700000000000090F88410012901D131
:1040C000022070472421C0F8881001680A680B6834
:1040D00022F0005223F001030B60002343660A60C4
:1040E0002021C0F8881080F884300020704700003C
:1040F0007047000000000000704700000000000052
:1041000090F88420012A01D10220704770B5242242
:10411000C0F888200268D0F864E0BEF1000FD2F841
:1041200000C0136823F001031360936823F06063F9
:1041300041EA0301916019D091684BF68E0E9368A5
:10414000C0F6000E5B0F4BF69605C1F34266C0F653
:1041500000051EF80340E95C2301B3FBF1F11EF8F2
:104160000630AE5D1B01B3FBF6F301E00121012334
:10417000A0F86A102021A0F86830C2F800C0C0F88A
:104180008810002180F88410002070BD000000001D
:1041900090F88420012A01D10220704770B52422B2
:1041A000C0F888200268D0F864E0BEF1000FD2F8B1
:1041B00000C0136823F001031360936823F0604389
:1041C00041EA0301916019D091684BF68E0E936815
:1041D000C0F6000E5B0F4BF69605C1F34266C0F6C3
:1041E00000051EF80340E95C2301B3FBF1F11EF862
:1041F0000630AE5D1B01B3FBF6F301E001210123A4
:10420000A0F86A102021A0F86830C2F800C0C0F8F9
:104210008810002180F88410002070BD000000008C
:104220007047000000000000704700000000000020
:10423000704700000000000070B5016840F62F02D2
:10424000CB691A40202A0A688E680BD102F020043C
:1042500006F080552D1917D0416F69B3BDE8704045
:10426000084700BF40F60F052B420DD0012540F254
:104270002014C1F20005C0F2004406EA050C02EA6F
:10428000040515EB0C0525D1DD06C46E16D5012CF1
:1042900014D112F0100511D010220A628968490663
:1042A00066D4B0F85C10B0F85E20B0F85E30002B39
:1042B00018BF914240F05C8270BD00BFDD0215D591
:1042C00016F4800512D04FF480120A62BDE87040E7
:1042D000FFF7AABFDD0718BF12F4807540F01E81FA
:1042E0009D0706F0010E00F125812EE1190606D585
:1042F00002F0800106F40006891940F0BF825906D9
:1043000040F1008112F0400100F0FC80016851E8AA
:10431000001F026821F0400142E80013F3B1016878
:1043200051E8001F026821F0400142E80013002B11
:104330001FBF016851E8001F026821F040011CBF47
:1043400042E80013002B09D0016851E8001F026801
:1043500021F0400142E80013002BD7D12021C0F802
:10436000881000218167BDE8704000F0F9BB00BFF4
:10437000D0F880100A68526893B2002B9CD0B0F835
:104380005C60B34298D2A0F85E20C969B1F5807F25
:1043900000F0AC80016851E8001F026821F48071D0
:1043A00042E80013F3B1016851E8001F026821F4EC
:1043B000807142E80013002B1FBF016851E8001F05
:1043C000026821F480711CBF42E80013002B09D061
:1043D000016851E8001F026821F4807142E800136F
:1043E000002BD7D1016851E8021F026821F00101BA
:1043F00042E80213F3B1016851E8021F026821F09C
:10440000010142E80213002B1FBF016851E8021F9F
:10441000026821F001011CBF42E80213002B09D001
:10442000016851E8021F026821F0010142E802130D
:10443000002BD7D1016851E8021F026821F040012A
:1044400042E80213F3B1016851E8021F026821F04B
:10445000400142E80213002B1FBF016851E8021F10
:10446000026821F040011CBF42E80213002B09D072
:10447000016851E8021F026821F0400142E802137E
:10448000002BD7D12021C0F88C100021C166016813
:1044900051E8001F026821F0100142E80013F3B157
:1044A000016851E8001F026821F0100142E8001382
:1044B000002B1FBF016851E8001F026821F01001A6
:1044C0001CBF42E80013002B09D0016851E8001F0F
:1044D000026821F0100142E80013002BD7D1D0F878
:1044E000801004460846FCF76FFD20460221016754
:1044F000B0F85C10B0F85E20891A89B2BDE870404F
:10450000FFF7F6BD190240F1C58112F0804100F0BD
:10451000C181BDE87040FFF783BE00BF01250D6279
:10452000D0F8905045F00105C0F890509D0706F076
:10453000010E0AD5BEF1000F07D002240C62D0F89C
:10454000904044F00404C0F890405C070AD5BEF1E6
:10455000000F07D004250D62D0F8905045F00205F9
:10456000C0F890501D070CD502F0200555EA0C0547
:1045700007D008250D62D0F8905045F00805C0F826
:1045800090501D050BD512F0806508D04FF40065E2
:104590000D62D0F8905045F02005C0F89050D0F84A
:1045A0009050002D3FF488AE9B060BD502F0200200
:1045B00006F08053D21805D0426F1AB104469047D6
:1045C00020462168D0F89020896801F0400102F06F
:1045D0002802891806D10446FFF72AFE0020C4F8F5
:1045E000900070BD016851E8001F026821F49071CD
:1045F00042E80013F3B1016851E8001F026821F49A
:10460000907142E80013002B1FBF016851E8001FA2
:10461000026821F490711CBF42E80013002B09D0FE
:10462000016851E8001F026821F4907142E800130C
:10463000002BD7D14FF6FE71CEF6FF71026852E81B
:10464000022F03680A4043E80226DEB1026852E8FE
:10465000022F03680A4043E80226002E1FBF0268AB
:1046600052E8022F03680A401CBF43E80226002ECE
:1046700008D0026852E8022F03680A4043E8022685
:10468000002EDBD1C16E012927D1016851E8001F3E
:10469000026821F0100142E80013F3B1016851E80B
:1046A000001F026821F0100142E80013002B1FBF19
:1046B000016851E8001F026821F010011CBF42E8A8
:1046C0000013002B09D0016851E8001F026821F097
:1046D000100142E80013002BD7D12021C0F88C1024
:1046E0000021C166026841679168490640F1CE80A9
:1046F000016851E8021F026821F0400142E80213FC
:10470000F3B1016851E8021F026821F0400142E85C
:104710000213002B1FBF016851E8021F026821F03D
:1047200040011CBF42E80213002B09D0016851E888
:10473000021F026821F0400142E80213002BD7D18A
:10474000D0F88010002900F0A18047F699120446A5
:104750000846C0F600020A65FCF7CAFE00283FF4CE
:10476000ABADD4F88000016DBDE87040084700BFD4
:10477000891A026852E8002F036822F4907243E815
:104780000026F6B1026852E8002F036822F4907206
:1047900043E80026002E1FBF026852E8002F03687E
:1047A00022F490721CBF43E80026002E09D0026854
:1047B00052E8002F036822F4907243E80026002E8E
:1047C000D7D14FF6FE72CEF6FF72036853E8023F70
:1047D0000668134046E80235DDB1036853E8023F3E
:1047E0000668134046E80235002D1FBF036853E8F2
:1047F000023F066813401CBF46E80235002D08D072
:10480000036853E8023F0668134046E80235002D6E
:10481000DBD12022C0F88C200022C26642670268E9
:1048200052E8002F036822F0100243E80026F6B198
:10483000026852E8002F036822F0100243E80026C5
:10484000002E1FBF026852E8002F036822F01002FA
:104850001CBF43E80026002E09D0026852E8002F52
:10486000036822F0100243E80026002ED7D189B257
:1048700002220267BDE87040FFF73ABC816F002951
:104880003FF41AADBDE87040084700BFBDE8704076
:10489000FFF7CEBCD9017FF50FADB2F1FF3FC8BF26
:1048A00070BDBDE87040FFF727BC000000000000AD
:1048B00010B5D8B10446D0F8880028B9002084F893
:1048C0008400204600F028F82420C4F888002068DE
:1048D000A16A0268002922F00101016002D020468D
:1048E00002F032FF204603F08BFD08B1012010BD1D
:1048F0002068416821F490414160816821F02A01DB
:104900008160016841F0010101602046BDE810406E
:1049100002F08ABF00000000B0B5B6B0044602A89D
:104920000830B02100253195CDE93455CDE9325517
:10493000FBF752FF41F600012068C4F201018842F2
:1049400002D036B0B0BD00BF0120029002A803958E
:10495000FDF74AFA08B1FCF72FFB44F2E040C5F638
:104960000200016941F040010161016901F040016B
:1049700001910199016841F008010160006831A9C5
:1049800000F00800019001984FF44040319002205F
:1049900032900020CDE933000B20359040F60040E6
:1049A000C5F60200FCF700FF9B2000210022FDF766
:1049B00077F89B20FDF760F836B0B0BD000000002E
:1049C000D0F88C30202B07D10123002918BF002AF2
:1049D00006D11846704700BF02231846704700BF33
:1049E00080B50023C36640F60043D0F800C0C5F68A
:1049F00000039C4503D0DCF804301B0204D403F010
:104A00005BFF002080BD00BF036853E800CFD0F8F3
:104A100000E04CF080634EE8003CBCF1000FEED0AB
:104A2000036853E800CFD0F800E04CF080634EE814
:104A3000003CBCF1000F1FBF036853E800CFD0F863
:104A400000E04CF080631CBF4EE8003CBCF1000F5E
:104A5000D5D0036853E800CFD0F800E04CF0806375
:104A60004EE8003CBCF1000FCED1C8E700000000CA
:104A700040F62C01C2F20041884218BF704770B561
:104A800040F2FC15C2F20045287840280ED10120E2
:104A9000A8700020E8802878E9884A1CEA8040F65F
:104AA0001452C2F2004250544AE000BFA8780128D4
:104AB00046D12978EA88501CE88040F61450C2F2AA
:104AC00000408154E988022934D3E988014411F86F
:104AD000021C0D292ED1E988084410F8010C0A287F
:104AE00028D10026AE706878042822D8288940F69C
:104AF0008A21C2F20041EA8800EB801001EB4004F9
:104B000040F61451C2F200412046FBF720FEE8882F
:104B100043F23431A4F88000C3F2333128890130E4
:104B2000A0FB011202EB8201401A28816878013053
:104B30006870EE80E888802802D30020A870E880A2
:104B400040F62C0040F2FC11C2F20040C2F20041DB
:104B50000122BDE87040FFF733BF000000000000F5
:104B60007047000000000000FEE7000000000000A9
:104B70002DE9F04F81B0984691460E460746DDE993
:104B80000ABA00F0C5FED02000F0DAFD00F094FC77
:104B90003B2000F0D5FD00F08FFC00F0B9FED120E5
:104BA00000F0CEFD00F088FC00F0AEFC04460120D1
:104BB00000F0A2FD00F0D8FE00F0AAFED02000F028
:104BC000BFFD00F079FC3C2000F0BAFD00F074FC61
:104BD00000F09EFED12000F0B3FD00F06DFC00F06F
:104BE00093FC0546012000F087FD00F0BDFE45EA7C
:104BF0000420388000F08CFED02000F0A1FD00F0F1
:104C00005BFC3D2000F09CFD00F056FC00F080FEB7
:104C1000D12000F095FD00F04FFC00F075FC04463B
:104C2000012000F069FD00F09FFE00F071FED02031
:104C300000F086FD00F040FC3E2000F081FD00F019
:104C40003BFC00F065FED12000F07AFD00F034FC62
:104C500000F05AFC0546012000F04EFD00F084FEF5
:104C600045EA0420308000F053FED02000F068FDBB
:104C700000F022FC3F2000F063FD00F01DFC00F07E
:104C800047FED12000F05CFD00F016FC00F03CFC7B
:104C90000446012000F030FD00F066FE00F038FE12
:104CA000D02000F04DFD00F007FC402000F048FD52
:104CB00000F002FC00F02CFED12000F041FD00F0DD
:104CC000FBFB00F021FC0546012000F015FD00F083
:104CD0004BFE45EA0420A9F8000000F019FED020A0
:104CE00000F02EFD00F0E8FB432000F029FD00F06D
:104CF000E3FB00F00DFED12000F022FD00F0DCFB14
:104D000000F002FC0446012000F0F6FC00F02CFE4E
:104D100000F0FEFDD02000F013FD00F0CDFB44209C
:104D200000F00EFD00F0C8FB00F0F2FDD12000F015
:104D300007FD00F0C1FB00F0E7FB0546012000F095
:104D4000DBFC00F011FE45EA0420A8F8000000F0AA
:104D5000DFFDD02000F0F4FC00F0AEFB452000F0B9
:104D6000EFFC00F0A9FB00F0D3FDD12000F0E8FC3F
:104D700000F0A2FB00F0C8FB0446012000F0BCFCE0
:104D800000F0F2FD00F0C4FDD02000F0D9FC00F0EE
:104D900093FB462000F0D4FC00F08EFB00F0B8FD41
:104DA000D12000F0CDFC00F087FB00F0ADFB054604
:104DB000012000F0A1FC00F0D7FD45EA0420ABF88B
:104DC000000000F0A5FDD02000F0BAFC00F074FB5C
:104DD000472000F0B5FC00F06FFB00F099FDD120FA
:104DE00000F0AEFC00F068FB00F08EFB04460120F2
:104DF00000F082FC00F0B8FD00F08AFDD02000F049
:104E00009FFC00F059FB482000F09AFC00F054FB96
:104E100000F07EFDD12000F093FC00F04DFB00F08F
:104E200073FB0546012000F067FC00F09DFD45EA9C
:104E30000420AAF8000001B0BDE8F08F00000000D7
:104E400080B500F009FB00F063FDD02000F078FC95
:104E500000F032FB6B2000F073FC00F02DFB012012
:104E600000F06EFC00F028FB00F07EFD00F050FD2D
:104E7000D02000F065FC00F01FFB6C2000F060FC0F
:104E800000F01AFB002000F05BFC00F015FB00F0C6
:104E90006BFD00F03DFDD02000F052FC00F00CFB5B
:104EA000192000F04DFC00F007FB092000F048FC41
:104EB00000F002FB00F058FD00F02AFDD02000F0C9
:104EC0003FFC00F0F9FA1A2000F03AFC00F0F4FA86
:104ED000062000F035FC00F0EFFA00F045FD00F090
:104EE00017FDD02000F02CFC00F0E6FA1B2000F0AB
:104EF00027FC00F0E1FA182000F022FC00F0DCFAB8
:104F000000F032FD00F004FDD02000F019FC00F0AC
:104F1000D3FA1C2000F014FC00F0CEFA182000F0A8
:104F20000FFC00F0C9FA00F01FFD6420BDE88040CE
:104F3000FCF70AB8000000002DE9F04786B044F203
:104F4000E0400024C5F602000594CDE90344CDE914
:104F50000144016840F2004841F02001016001680D
:104F6000C5F6020801F0200100910099016841F0A6
:104F700080010160016808F5805501F08001009111
:104F80000099016841F0040101600168002201F00C
:104F9000040100910099016841F00101016001687C
:104FA0004FF0400A01F0010100910099016841F0C1
:104FB00008010160016801F0080100910099016891
:104FC00041F0020101600068402100F00200009001
:104FD00000982846FCF7C4FC08F5806641F671018C
:104FE00000223046FCF7BCFC40F202210122304690
:104FF0004FF00109FCF7B4FC402100224046FCF7C9
:10500000AFFC802101224046FCF7AAFC01AF3C2006
:10501000CDE90104284639460394FCF7C5FB284630
:105020003946CDE901A9CDE90344FCF7BDFB41F6C2
:1050300073203946CDE901093046CDE90344FCF738
:10504000B3FBC0203946CDE901094046CDE9034410
:10505000FCF7AAFB06B0BDE8F087000000000000E6
:10506000B0B59EB001A83421002416941494CDE963
:105070001244CDE91044CDE90E44FBF7ADFB40F2FC
:10508000FC6044F20005C2F20040C4F20105C721F1
:105090000560C0E9011440F2E7314461C0E903143E
:1050A00080218161FEF7C8FE08B1FBF785FF40F261
:1050B000FC6015A9C2F2004015941794FEF738F968
:1050C00008B1FBF779FF60200E9040F2FC600EA95A
:1050D000C2F2004000220024CDE90F44CDE9114482
:1050E000CDE91344FEF74CFC08B1FBF765FF0594CE
:1050F0004FF40050CDE90344CDE90144CDE9060465
:105100000D9440F2FC64C2F2004401A92046FEF76F
:10511000ABF808B1FBF750FF20680021A8421D91B1
:10512000CDE91B111A9119911AD040F20041C4F235
:105130000001884230D144F2E0408022C5F60200EE
:10514000016841F004010160006800F0040018905B
:1051500000201899C5F60200022100F5006011E058
:1051600044F2E0400422C5F60200016841F001016A
:1051700001600068042100F00100189018980020D8
:10518000C5F602001D9119A9199202221A92002255
:10519000CDE91B22FCF708FB1EB0B0BD00000000EB
:1051A00080B588B040F248704EF20002C2F2004072
:1051B00000210791C4F20002CDE9051102910260BD
:1051C000C722C0E9012142F20F728161C0E90321C7
:1051D000FEF71EF908B1FBF7EFFE4FF48050049084
:1051E00040F2487004A9C2F20040FEF709FA08B183
:1051F000FBF7E2FE00200190039040F24870C2F2FB
:10520000004001A9FEF794F808B1FBF7D5FE08B0FD
:1052100080BD00000000000080B588B040F29470AE
:105220004EF20042C2F2004000210791C4F2000297
:10523000CDE9051102910260C722C0E901214CF2BB
:105240004F328161C0E90321FEF7E2F808B1FBF7B4
:10525000B3FE4FF48050049040F2947004A9C2F25F
:105260000040FEF7CDF908B1FBF7A6FE0020019043
:10527000039040F29470C2F2004001A9FEF758F882
:1052800008B1FBF799FE08B080BD000000000000E7
:10529000B0B594B040F2E07040F20045C2F2004078
:1052A00000210D91C4F20005CDE90B11CDE90811E3
:1052B000CDE90611CDE90411CDE90211CDE90011C6
:1052C0000560C722C0E9012140F2E732C0E90321AD
:1052D00080218161FEF79CF808B1FBF76DFE4FF469
:1052E00080500A9040F2E0700AA9C2F20040FEF736
:1052F00087F908B1FBF760FE40F2E070C2F20040AF
:10530000FEF79AFD08B1FBF757FE40F2E07007A9DF
:10531000C2F20040002407940994FEF709F808B18E
:10532000FBF74AFE60200294CDE90004049440F2A9
:10533000E074C2F20044694604222046FEF720FBD6
:1053400008B1FBF739FE44F200022068C4F2010202
:10535000002190421391CDE91111CDE90F1117D021
:10536000A84231D144F2E0408022C5F60200016833
:1053700041F004010160006800F004000E9000207C
:105380000E99C5F60200022100F5006012E000BF90
:1053900044F2E0400422C5F60200016841F0010138
:1053A00001600068042100F001000E900E980020BA
:1053B000C5F6020013910FA90F920222109200224B
:1053C000CDE91122FCF7F0F914B0B0BD00000000E7
:1053D00080B540F62C0041F60001C2F20040C4F254
:1053E00001010C2201604FF4E13141600021C0E96C
:1053F00002110161C0E90521C0E90711C0E90911E5
:10540000FFF756FA08B1FBF7D7FD40F62C00002154
:10541000C2F20040FEF7BCFE08B1FBF7CDFD40F63E
:105420002C000021C2F20040FEF76AFE08B1FBF733
:10543000C3FD40F62C00C2F20040FEF73DFE0028FE
:1054400008BF80BDBDE88040FBF7B6BD000000008E
:10545000FEE7000000000000B0B586B040F6000492
:1054600001ADC5F60204002005904FF400610191E2
:105470001121CDE902100220049020462946FCF7B4
:1054800093F94FF48050019020462946FCF78CF99F
:105490004FF4006101222046FCF762FA0A20FBF774
:1054A0006FFD4FF4805101222046FCF759FA0A2083
:1054B000FBF766FD06B0B0BDB0B540F600044FF492
:1054C0008051C5F6020401222046FCF749FA0A2061
:1054D000FBF756FD4FF4006101222046FCF740FA2D
:1054E0000A20FBF74DFD4FF480512046FCF730FABF
:1054F00005464FF4006100222046FCF731FA0A20ED
:10550000FBF73EFD2846B0BDB0B540F600044FF4B1
:105510008051C5F6020401222046FCF721FA0A2038
:10552000FBF72EFD4FF4006101222046FCF718FA2C
:105530000A20FBF725FD4FF480512046FCF708FABE
:1055400001384FF40061B0FA80F00022450920468E
:10555000FCF706FA0A20FBF713FD4FF40061012265
:105560002046FCF7FDF90A20FBF70AFD4FF48051B5
:105570002046FCF7EDF901384FF40061B0FA80F0F5
:1055800000224009800140EAC5152046FCF7E8F9F1
:105590000A20FBF7F5FC4FF4006101222046FCF7DE
:1055A000DFF90A20FBF7ECFC4FF480512046FCF7B2
:1055B000CFF901384FF40061B0FA80F000224009C1
:1055C00045EA40152046FCF7CBF90A20FBF7D8FC4A
:1055D0004FF4006101222046FCF7C2F90A20FBF7D4
:1055E000CFFC4FF480512046FCF7B2F901384FF45C
:1055F0000061B0FA80F00022400945EA001520461B
:10560000FCF7AEF90A20FBF7BBFC4FF40061012266
:105610002046FCF7A5F90A20FBF7B2FC4FF48051B5
:105620002046FCF795F901384FF40061B0FA80F09C
:105630000022400945EAC0052046FCF791F90A20FE
:10564000FBF79EFC4FF4006101222046FCF788F92D
:105650000A20FBF795FC4FF480512046FCF778F9BF
:1056600001384FF40061B0FA80F00022400945EAA9
:1056700080052046FCF774F90A20FBF781FC4FF403
:10568000006101222046FCF76BF90A20FBF778FC49
:105690004FF480512046FCF75BF901384FF400616C
:1056A000B0FA80F00022400945EA40052046FCF7A8
:1056B00057F90A20FBF764FC4FF4006101222046F1
:1056C000FCF74EF90A20FBF75BFC4FF480512046B3
:1056D000FCF73EF901384FF40061B0FA80F0002287
:1056E000400905432046FCF73BF90A20FBF748FC3C
:1056F000E8B2B0BD0000000010B540F6000402465C
:10570000C5F602044FF480512046FCF729F90A201F
:10571000FBF736FC4FF4006101222046FCF720F92C
:105720000A20FBF72DFC4FF4006100222046FCF715
:1057300017F90A20BDE81040FBF722BC000000006A
:10574000B0B540F600040546C5F6020400F080023C
:105750004FF480512046FCF703F90A20FBF710FCB8
:105760004FF4006101222046FCF7FAF80A20FBF70B
:1057700007FC4FF4006100222046FCF7F1F80A20F4
:10578000FBF7FEFB05F040024FF480512046FCF78A
:10579000E7F80A20FBF7F4FB4FF4006101222046F2
:1057A000FCF7DEF80A20FBF7EBFB4FF40061002268
:1057B0002046FCF7D5F80A20FBF7E2FB05F02002B3
:1057C0004FF480512046FCF7CBF80A20FBF7D8FBBA
:1057D0004FF4006101222046FCF7C2F80A20FBF7D3
:1057E000CFFB4FF4006100222046FCF7B9F80A20F5
:1057F000FBF7C6FB05F010024FF480512046FCF782
:10580000AFF80A20FBF7BCFB4FF4006101222046F1
:10581000FCF7A6F80A20FBF7B3FB4FF40061002267
:105820002046FCF79DF80A20FBF7AAFB05F00802CA
:105830004FF480512046FCF793F80A20FBF7A0FBB9
:105840004FF4006101222046FCF78AF80A20FBF79A
:1058500097FB4FF4006100222046FCF781F80A20F4
:10586000FBF78EFB05F004024FF480512046FCF755
:1058700077F80A20FBF784FB4FF4006101222046F1
:10588000FCF76EF80A20FBF77BFB4FF40061002267
:105890002046FCF765F80A20FBF772FB05F00202D0
:1058A0004FF480512046FCF75BF80A20FBF768FBB9
:1058B0004FF4006101222046FCF752F80A20FBF762
:1058C0005FFB4FF4006100222046FCF749F80A20F4
:1058D000FBF756FB05F001024FF480512046FCF720
:1058E0003FF80A20FBF74CFB4FF4006101222046F1
:1058F000FCF736F80A20FBF743FB4FF40061002267
:105900002046FCF72DF80A20BDE8B040FBF738BB75
:1059100010B540F600044FF48051C5F60204012290
:105920002046FCF71DF80A20FBF72AFB4FF4006124
:1059300001222046FCF714F80A20FBF721FB4FF464
:10594000805100222046FCF70BF80A20FBF718FBD9
:105950004FF4006100222046FCF702F80A20BDE85F
:105960001040FBF70DBB000010B540F600044FF4EB
:105970008051C5F6020400222046FBF7F1FF0A2001
:10598000FBF7FEFA4FF4006101222046FBF7E8FF27
:105990000A20FBF7F5FA4FF4805101222046FBF76D
:1059A000DFFF0A20BDE81040FBF7EABA0000000064
:1059B000FEE700000000000080B540F29C204FF49C
:1059C0008061C2F20040FAF707FF80BD00000000CE
:1059D000F0B581B00146CA68D2B11269C2B18A423B
:1059E0000D4618D0D168A9B1096999B191421546FF
:1059F00011D0CA6862B1126952B18A420D460AD00A
:105A0000D16839B1096929B191421546E3D102E063
:105A10000D4600E0154600214FF0FF342A4600BF36
:105A20008242526908BF0C469AB1013182425269E2
:105A300008BF0C466AB101318242526908BF0C4668
:105A40003AB18242526908BF4C1C002A01F102019E
:105A5000E6D104F1FD000027032CC8BFC7B2002F18
:105A600018BF002D50D1002D4CD0A74207D10020E7
:105A70000021402210230026009600F061F82A68D9
:105A800002200221082301F01FF86D69D5B3781CAC
:105A9000A04207D1002010214022102300260096AA
:105AA00000F04EF82A6802201221082301F00CF8B9
:105AB0006D693DB3B81CA04207D1002020214022CF
:105AC00010230026009600F03BF82A6802202221CD
:105AD000082300F0F9FF6D69A5B1F81CA04207D1B9
:105AE00000203021402210230027009700F028F8E2
:105AF0002A6802203221082301B0BDE8F04000F0FE
:105B0000E3BF00BF01B0F0BD042000BFC11E6D693E
:105B1000B942A8D2002DA6D0811E6D69B942A2D289
:105B2000002DA0D0411E6D69B9429CD2002D9AD0A3
:105B3000B8426D6997D2002D00F10400E6D192E7DA
:105B40002DE9F043079F02EB000C002F3ED0002A06
:105B500000F07E80002B6FD040F29C295A184FF63F
:105B6000F87E4FF00108C2F2004903E0013003B2B1
:105B70009C456DDD85B20E46802D15D20E4603E0A4
:105B8000013633B29A42F1DDB7B23F2FF8D806EAB8
:105B90000E0706F0070308FA03F309EB07177C5D0D
:105BA00023437B55ECE700BF731C1BB29A42DDDD3B
:105BB000B31C1BB29A42C2BFF31C1BB29A42D5DD82
:105BC000043633B29A42EFDCD0E700BF002A00F07F
:105BD0007C80CA180124013A402995B202F00702DC
:105BE00004FA02FE4FEAD50234D28EB201F0070762
:105BF00004FA07F8402D4FEAD60541D240F29C271F
:105C0000C2F2004707EBC51607EBC215024603E0D8
:105C1000013214B2A44558DD97B27F2FF8D8F45D55
:105C200044EA0804F455EC5D44EA0E04EC55EFE751
:105C3000043001B28C450BDD411C09B28C4507DDF7
:105C4000811C09B28C45C2BFC11C09B28C45EFDC76
:105C5000BDE8F083402D27D240F29C24C2F20044DC
:105C600004EBC212044603E0013425B2AC452CDD3E
:105C7000A5B27F2DF8D8565D46EA0E065655F3E7D5
:105C800040F29C220646C2F2004202EBC51203E03B
:105C9000013637B2BC4518DDB7B27F2FF8D8D55DD5
:105CA00045EA0805D555F3E70246571C3FB2BC4507
:105CB0000BDD971C3FB2BC45C2BFD71C3FB2BC45F1
:105CC00003DD043217B2BC45EFDC002B08BFBDE892
:105CD000F0835A18ACF101039BB240F29C284FF6B6
:105CE000F87C4FF0010EC2F2004803E001310CB223
:105CF000A242ADDD8DB27F2898BF3F2D04D97F2B06
:105D000098BF3F2DF2D80EE001EA0C0601F007071C
:105D10000EFA07F708EB0616345C3C4334547F2B2D
:105D200098BF3F2DE2D801EA0C0401F007050EFAF6
:105D300005F508EB0414E65C3543E554D6E70000AE
:105D4000B0B540F600040546C5F60204C20920219C
:105D50002046FBF705FE0120FBF712F91021012276
:105D60002046FBF7FDFD0120FBF70AF91021002278
:105D70002046FBF7F5FD0120FBF702F9C5F3801281
:105D800020212046FBF7ECFD0120FBF7F9F810215C
:105D900001222046FBF7E4FD0120FBF7F1F810217A
:105DA00000222046FBF7DCFD0120FBF7E9F8C5F3F4
:105DB000401220212046FBF7D3FD0120FBF7E0F83D
:105DC000102101222046FBF7CBFD0120FBF7D8F87C
:105DD000102100222046FBF7C3FD0120FBF7D0F87D
:105DE000C5F3001220212046FBF7BAFD0120FBF786
:105DF000C7F8102101222046FBF7B2FD0120FBF776
:105E0000BFF8102100222046FBF7AAFD0120FBF776
:105E1000B7F8C5F3C00220212046FBF7A1FD012001
:105E2000FBF7AEF8102101222046FBF799FD012077
:105E3000FBF7A6F8102100222046FBF791FD012078
:105E4000FBF79EF8C5F3800220212046FBF788FD72
:105E50000120FBF795F8102101222046FBF780FD79
:105E60000120FBF78DF8102100222046FBF778FD7A
:105E70000120FBF785F8C5F3400220212046FBF7FF
:105E80006FFD0120FBF77CF8102101222046FBF773
:105E900067FD0120FBF774F8102100222046FBF774
:105EA0005FFD0120FBF76CF805F001022021204680
:105EB000FBF756FD0120FBF763F810210122204675
:105EC000FBF74EFD0120FBF75BF810210022204676
:105ED000FBF746FD0120FBF753F810210122204675
:105EE000FBF73EFD0120FBF74BF810210022204676
:105EF000FBF736FD0120BDE8B040FBF741B80000DC
:105F000010B540F600041021C5F602040122204617
:105F1000FBF726FD0120FBF733F820210122204664
:105F2000FBF71EFD0120FBF72BF8AE2000F098FEDA
:105F3000D52000F095FE802000F092FEA82000F011
:105F40008FFE3F2000F08CFED32000F089FE002061
:105F500000F086FE402000F083FEA12000F080FECD
:105F6000C82000F07DFEDA2000F07AFE122000F05A
:105F700077FE812000F074FECF2000F071FED92062
:105F800000F06EFEF12000F06BFEDB2000F068FEFA
:105F9000302000F065FEA42000F062FEA62000F094
:105FA0005FFE8D2000F05CFE142000F059FEAF2053
:105FB00000F056FE40F29C204FF48061C2F2004097
:105FC000FAF70AFCBDE8104000F0D2BD0000000066
:105FD0002DE9F0472DED028B82B0B0EE408BB5EE8F
:105FE000400BF1EE10FA9A469046894607460C9D02
:105FF0000CDA062D16D0082D20D14BF28220082273
:10600000C0F600001023D03013E000BF062D19D0D9
:10601000082D23D14BF282200822C0F60000102365
:10602000B03016E04BF248000622C0F6000008230C
:106030004E3000903846494600F086F8B1EE488B65
:106040000CE000BF4BF248000622C0F60000082317
:10605000423000903846494600F076F8B6EEC80B5C
:10606000BAF1000FBCEEC81B38EE400B11EE100A5F
:1060700008D0BAF1040F0AF0030205D20A239AB934
:106080001EE000BF01241BE00AF0FC03012442F2E1
:10609000107600BF21467443043BFBD148F2A06355
:1060A000C0F201034B435AB1012A01D11C4607E05B
:1060B0006421022A03FB01F403EB830108BF4C00B7
:1060C00001EE104A43460095B8EE411B20EE010B4D
:1060D000BCFE400B10EE106AB6FBF4F10A187819FA
:1060E00000B2494600F024FB08F10100062D10FB28
:1060F000057000B20AD0082D13D14BF2822108227C
:10610000C0F600011023E03107E000BF4BF2480168
:106110000622C0F60001082354310091494600F0E0
:1061200013F808F10200494610FB05703246534649
:10613000009500B200F0FCFA02B0BDEC028BBDE8A5
:10614000F0870000000000002DE9F04F8BB0002B1D
:106150000292099079D0029803EB0108002863D0DD
:10616000099A40F29C2E86184FF0010CC2F2004EA4
:106170000C46894606E000BF09F101090FFA89F4CF
:10618000A04562DD1FFA89F2402A099A3AD209F045
:106190000702E4080CFA02F2099D6FEA020A0EEB0C
:1061A000C4172A4604E000BF04352AB29642E3DD54
:1061B000ACB27F2C03D8BC5C04EA0A04BC546C1C4F
:1061C00022B29642D8DDA4B27F2C03D8BC5C04EA8C
:1061D0000A04BC54AC1C22B29642CDDDA4B27F2C82
:1061E00003D8BC5C04EA0A04BC54EC1C22B29642FC
:1061F000C2DDA4B27F2CD7D8BC5C04EA0A04BC542C
:10620000D2E700BF541C24B2A642B5DD941C24B2D0
:10621000A642C2BFD41C24B2A642ADDD043214B2E1
:10622000A642EFDCA8E700BF0A46571C3FB2B845BC
:106230000BDD971C3FB2B845C2BFD71C3FB2B84573
:1062400003DD043217B2B845EFDC5A1EDDF80890C2
:10625000B9F1000F02EB52724FEAE20700F05082F0
:1062600001EB51723C46D31022F0070208278A1A2C
:1062700007EA1137DDF824E003EBE1303A441FFA76
:1062800082F80EF10101019140F29C21C2F1080255
:10629000C2F200411FFA82FA049009F0030007904D
:1062A00009F0FC000EF102020092714403910022F9
:1062B00000210A90059410E000EBC21627FA0AF2BA
:1062C00033441F78059C3A431A7000BF0899013186
:1062D0000A98CAB29442C0F22782CBB208911499AC
:1062E00019FB031B049B9E1802FB0911082E06F1E3
:1062F000010206916CD2082A80F0B680B9F1040F31
:1063000080F0FC804FF0000C0799DDF80890002920
:10631000059CDBD00CEB0E037F2B18D840F29C2B96
:106320000699C2F2004B30460BEBC61711F80C6011
:10633000FD5C06FA08F62E43FE540BEBC21711F86B
:106340000C60FD5C26FA0AF62E43FE5406460799B9
:106350000129BBD001980CEB00037F2B1DD840F224
:106360009C2B0CF10107C2F2004B069930460BEB57
:10637000C616CD5D059C16F803E005FA08F545EA5A
:106380000E05F5540BEBC216CF5DDDF824E0F55C8D
:1063900027FA0AF72F43F75406460799022995D0A2
:1063A00000980CEB00037F2B90D840F29C200CF15E
:1063B0000207C2F20040069900EBC616CD5D16F842
:1063C00003C005FA08F545EA0C05F554CF5D73E7FF
:1063D000072A3FF67BAFB9F1040F80F00581002555
:1063E00007990029059C3FF471AF05EB0E037F2B45
:1063F0000FD840F29C20059CC2F2004000EBC2176F
:106400000698465D17F803C026FA0AF646EA0C0617
:10641000FE54079901293FF459AF01982B187F2B9F
:1064200010D840F29C206F1CC2F20040059C00EB8B
:10643000C2160698C75D16F803C027FA0AF747EA9E
:106440000C07F754079902293FF440AF00982B1826
:106450007F2B3FF63BAFAF1C0698C75D40F29C20F8
:10646000C2F2004028E700BFB9F1040F80F00A81B2
:10647000B446002507990029059C3FF427AF05EB9A
:106480000E027F2A0DD840F29C20059CC2F20040EB
:1064900000EBCC130698475D9E5C07FA08F737437C
:1064A0009F54079901293FF411AF01982A187F2AB8
:1064B0000ED840F29C206B1CC2F20040059C00EB01
:1064C000CC170698C35CBE5C03FA08F33343BB5495
:1064D000079902293FF4FAAE00982B187F2B3FF65C
:1064E000F5AEAA1C0698825C40F29C20C2F20040E5
:1064F00000EBCC1702FA08F23B44E2E603984FF0B7
:10650000000C00EBC61507E00CF1040C0A9860457E
:10651000DDF824E03FF4F8AEE64405EB0C03BEF1F1
:106520007F0F0FD90EF101010BEB0C097F2921D947
:106530000EF102017F2931D90EF103017F29E3D841
:1065400040E000BF1BF80C1015F80C4001FA08F1F0
:10655000214305F80C101BF80C1093F8804021FA29
:106560000AF1214383F880100EF101010BEB0C09B5
:106570007F29DDD899F801105C7801FA08F12143F0
:10658000597099F8011093F8814021FA0AF12143DA
:1065900083F881100EF102017F29CDD899F80210FD
:1065A0009C7801FA08F12143997099F8021093F848
:1065B000824021FA0AF1214383F882100EF103018F
:1065C0007F29A1D899F80310DF7801FA08F139433F
:1065D000D97099F8031093F8837021FA0AF13943BE
:1065E00083F8831090E700BF0398002500EBC613E3
:1065F0000A9803E00435A8423FF4F2AE0EEB05071B
:106600007F2F09D9791C7F2913D9B91C7F291ED95D
:10661000F91C7F29EED828E059191BF8056091F87C
:10662000804026FA0AF6264381F88060791C7F298B
:10663000EBD80BEB05015E19497896F8814021FAF9
:106640000AF1214386F88110B91C7F29E0D80BEBB1
:1066500005015E19897896F8824021FA0AF12143F2
:1066600086F88210F91C7F29C4D80BEB05015F194D
:10667000C97897F8836021FA0AF1314387F88310CB
:10668000B8E700BF0399B446002501EBC61303E049
:106690000435A8423FF4EEAE0EEB05027F2A06D881
:1066A0001BF805705E5D07FA08F737435F55571C06
:1066B0000BEB05067F2F03EB050707D9911C7F29FC
:1066C0000DD9D11C7F29E3D812E000BF71787C7806
:1066D00001FA08F121437970911C7F29F1D8B17832
:1066E000BC7801FA08F12143B970D11C7F29CFD8B9
:1066F000F178FA7801FA08F11143F970C8E700BFA0
:10670000002040F00101C9B28F420DDB40F00201D0
:10671000C9B28F4222BF40F00301C9B28F4203D3F6
:106720000430C1B28F42ECD20BB0BDE8F08F000054
:10673000002B08BF70472DE9F04F83B007460C9837
:106740001C4693468946082860D0062840F0B6804B
:10675000C4F1000A651E4FF0000842F21076A01E38
:10676000029027E001204CF6CD410823BBFBF0F05E
:10677000CCF6CC41A0FB0112D10801EB8101A0EBCA
:1067800041000C9940F0100008FB017100EB400241
:1067900008B24BF24801C0F6000101EB42010622AB
:1067A00000914946FFF7D0FC08F10108013DA045E2
:1067B00000F0848088EA0A000130D3D00298A0EB70
:1067C0000800032802D2012007E000BF25F00301E2
:1067D000012000BF70430439FCD16FEA0801214455
:1067E00011F00301BFD0012904D100EB800040006B
:1067F000B9E700BF4FF47A72022900FB02F24FF0B2
:10680000640108BF00FB01F21046ACE7C4F10008C8
:10681000651E002642F2107AA01E029024E000BFFE
:1068200001204CF6CD411023BBFBF0F0CCF6CC415F
:10683000A0FB0112D1084BF28222C0F6000201EB4C
:106840008101A0EB41000C9906FB017102EB0012E3
:1068500008B202F58071082200914946FFF774FCE6
:106860000136013DA64229D086EA08000130D7D082
:106870000298801B032801D2012007E025F00301C4
:10688000012000BF00FB0AF00439FBD1F143214491
:1068900011F00301C5D0012904D100EB80004000B4
:1068A000BFE700BF4FF47A72022900FB02F24FF0FB
:1068B000640108BF00FB01F21046B2E703B0BDE877
:1068C000F04F7047000000002DE9F04F83B0914673
:1068D000002A1D468A4683460C980BD4062815D0FC
:1068E00008281FD14BF282200822C0F60000102396
:1068F000B03012E0062817D0082821D14BF28220B0
:106900000822C0F600001023D03014E04BF24800FB
:106910000622C0F600000823423000905846514637
:10692000FFF712FC8DB9CBE04BF248000622C0F60F
:10693000000008234E30009058465146FFF704FCF3
:10694000C9F10009002D00F0BB800C9808285FD029
:10695000062840F0B5806E426F1E4FF0000842F2EC
:106960001074A81E029028E001204CF6CD4108F1D9
:106970000108B9FBF0F0CCF6CC410823A0FB0112D2
:10698000D10801EB8101A0EB41000C9940F010000F
:1069900008FB01B100EB400208B24BF24801C0F61F
:1069A000000101EB4201062200915146FFF7CCFBAA
:1069B000A845A7F1010700F0838088EA06000130AE
:1069C000D2D00298A0EB0800032801D2012006E0F3
:1069D00027F00301012000BF60430439FCD16FEAB6
:1069E0000801294411F00301BFD0012904D100EBB3
:1069F00080004000B9E700BF4FF47A72022900FB23
:106A000002F24FF0640108BF00FB01F21046ACE750
:106A10006F426E1E002442F21078A81E029024E0FD
:106A200001204CF6CD410134B9FBF0F0CCF6CC415D
:106A30001023A0FB0112D1084BF28222C0F6000203
:106A400001EB8101A0EB41000C9904FB01B102EBC9
:106A5000001208B202F58071082200915146FFF73A
:106A600073FBAC42A6F101062AD084EA070001308C
:106A7000D6D00298001B032802D2012008E000BFF4
:106A800026F00301012000BF00FB08F00439FBD110
:106A9000E143294411F00301C3D0012904D100EBE3
:106AA00080004000BDE700BF4FF47A72022900FB6E
:106AB00002F24FF0640108BF00FB01F21046B0E79C
:106AC00003B0BDE8F08F00002DE9F04381B014461B
:106AD0001278002A48D01D46894607460020082B18
:106AE0001AD0062D36D14BF248080026C0F6000811
:106AF00002EB420100FB05700622082300B208EBFE
:106B00004101C03900914946FFF71EFB0136F0B242
:106B1000225C002AECD127E04BF282280026C0F646
:106B2000000800BF00FB057008EB0211A1F5007121
:106B3000082200B2102300914946FFF705FB0136F9
:106B4000F0B2225C002AEDD10EE000BF0430C1B2E9
:106B5000615C49B154FA80F14A782AB18A78002AF6
:106B60001CBFC9780029F1D101B0BDE8F083000055
:106B700010B5B02000F074F8102000F071F800207B
:106B800000F06EF840F29C248021C2F200442046BE
:106B900000F0B2F8B12000F063F8102000F060F8C7
:106BA000002000F05DF804F18000802100F0A4F8DE
:106BB000B22000F055F8102000F052F8002000F04C
:106BC0004FF804F58070802100F096F8B32000F0B3
:106BD00047F8102000F044F8002000F041F804F5D8
:106BE000C070802100F088F8B42000F039F810203F
:106BF00000F036F8002000F033F804F50070802132
:106C000000F07AF8B52000F02BF8102000F028F8FA
:106C1000002000F025F804F52070802100F06CF8C9
:106C2000B62000F01DF8102000F01AF8002000F047
:106C300017F804F54070802100F05EF8B72000F0EE
:106C40000FF8102000F00CF8002000F009F804F50F
:106C500060708021BDE8104000F04EB800000000D8
:106C6000B0B540F600040546C5F602042021012215
:106C70002046FAF775FE0120FAF782F91021012269
:106C80002046FAF76DFE0120FAF77AF9202100225A
:106C90002046FAF765FE0120FAF772F9102100226A
:106CA0002046FAF75DFE0120FAF76AF97820FFF72F
:106CB00047F80020FFF744F82846FFF741F8202165
:106CC00000222046FAF74CFE0120FAF759F910216C
:106CD00001222046FAF744FE0120FAF751F920215B
:106CE00001222046FAF73CFE0120BDE8B040FAF749
:106CF00047B900000000000070B540F600040D46E2
:106D0000C5F602040646202101222046FAF728FE95
:106D10000120FAF735F9102101222046FAF720FE6A
:106D20000120FAF72DF9202100222046FAF718FE5B
:106D30000120FAF725F9102100222046FAF710FE6B
:106D40000120FAF71DF97820FEF7FAFF4020FEF740
:106D5000F7FF3DB1013E00BF16F8010FFEF7F0FF4F
:106D6000013DF9D1202100222046FAF7F9FD01204A
:106D7000FAF706F9102101222046FAF7F1FD012069
:106D8000FAF7FEF8202101222046FAF7E9FD01205A
:106D9000BDE87040FAF7F4B82DE9F04F40F66810FE
:106DA0000021C2F20040C4F296314EF2481241F284
:106DB000947381620021CCF29631C16240F6B81121
:106DC000C3F63A72C2F200414DF20A77C3F6994314
:106DD0000260C3F6A34744F2000581E88C0040F648
:106DE000181244F20004C2F200420026C0E9013742
:106DF000C4F29C654563CCF29C648463C1E90D5484
:106E000045F6294348F6364843F671594DF20A755E
:106E100040F2000E0027002443F6000A43F6000C5F
:106E2000C4F2A0060662C4F21F030E62C3F68258C3
:106E30001360C3F68A69C2F80480C3F62345C2E929
:106E400002950023C4F2201EC2E90433C2E90633CE
:106E5000C2F820E0C4F27A475362CCF27A44C2E925
:106E60000A74C4F20E6A1363CCF20E6C4FF48036CF
:106E7000C2E90DAC96644FF07E5BC2E90FB3536478
:106E800045F62946D36440F6C802C2F20042C4F275
:106E90001F06C0E9043382E84003D56001269762EB
:106EA000D462C2E90DACC0E90633436203630364F4
:106EB000C2F83CB0C1E90433C1E906334B620B634D
:106EC0000B64C2E90433C2E90633C2E908E3136381
:106ED000A2F84830C2E91033A2F84A60D36443F202
:106EE00033320023C560CD60C3F633728F62C4F2C3
:106EF000F013CC6280F84A60C26380F84B60C0F83F
:106F00004CE04364A0F84860CA63C1F84CE04B64AD
:106F100081F84A6081F84B60A1F84860BDE8F08FC5
:106F2000B0B504460078402872D153A1052220460E
:106F3000F9F7C2FB60B352A105222046F9F7BCFB6A
:106F4000002867D050A107222046F9F7B5FB00289A
:106F500068D04FA106222046F9F7AEFB00286BD07F
:106F60004DA10D222046F9F7A7FB00286ED04EA1B7
:106F700007222046F9F7A0FB002849D140F208215A
:106F8000E01DC2F2004101F1200201F1240367E09B
:106F900040F208254BF6FC01C2F20045601D05F1E8
:106FA000280205F12C03C0F60001F9F7B7FA022810
:106FB0002ED1A01D2821F9F775FB48B34BF6FC0133
:106FC00005F1300205F13403C0F600010446F9F77B
:106FD000A5FA02281CD1601C2821F9F763FBB8B17F
:106FE0004BF6FC0105F1380205F13C03C0F6000147
:106FF0000446F9F793FA02280AD1601C2821F9F710
:1070000051FB28B105F1400205F1440328E000BF1F
:107010000020B0BD40F20822601DC2F20042131DE4
:107020001EE000BF40F20821E01DC2F2004101F164
:10703000080201F10C0313E040F20821A01DC2F286
:10704000004101F1100201F1140309E040F20821AE
:1070500004F10D00C2F2004101F1180201F11C031C
:107060004BF6FC01C0F60001F9F758FA0238B0FA05
:1070700080F04009B0BD00BF40524F493A000000C7
:10708000405245443A00000040475245454E3A00C0
:1070900040424C55453A000040524543545F4345F9
:1070A0004E5445523A000000404C415345523A007C
:1070B0007047000000000000F0B581B044F22C479A
:1070C000C5F6020757F8042C02F00302032A03D185
:1070D000012001B0F0BD00BF054657F82C0C0C464E
:1070E00020F0806047F82C0CFAF742FC064600BFFF
:1070F00057F82C0C000105D5FAF73AFC801B022842
:10710000F6D964E057F8040CEE6895E80E0020F418
:107110007C30012C40EA0130A2F101016FF35F21C4
:107120004FF47E4202EB432247F8040C92B24FF038
:10713000FE4302EB01004FF4FE012A6901EB064118
:1071400001F4FE0103EB0262084402F0FE41084430
:10715000F8603868696920F0C00040EA01003860D2
:107160003868A96920F0200040EA010038603868DA
:107170004FF6F87120F0100038603869EA6920EAAB
:1071800001004FF4001140EAC2003861386808BFBE
:107190004FF4801140F01000002C386008BF4FF40D
:1071A000002138680843386057F82C0C40F08060A4
:1071B00047F82C0CFAF7DCFB044600BF57F82C0C00
:1071C000000107D4FAF7D4FB001B0328F6D30320F1
:1071D00001B0F0BD002001B0F0BD000000000000D3
:1071E000F0B581B044F22C47C5F6020757F8042CDD
:1071F00002F00302032A03D1012001B0F0BD00BF59
:10720000054657F82C0C0C4620F0805047F82C0C03
:10721000FAF7AEFB064600BF57F82C0C800005D5E8
:10722000FAF7A6FB801B0228F6D964E057F8040C95
:10723000EE6895E80E0020F07C70012C40EA0150C9
:10724000A2F101016FF35F214FF47E4202EB432272
:1072500047F8040C92B24FF0FE4302EB01004FF4EA
:10726000FE012A6901EB064101F4FE0103EB026213
:10727000084402F0FE41084478613868696920F4E6
:10728000406040EA010038603868A96920F4007065
:1072900040EA0100386038684FF6F87120F48070D9
:1072A0003860B869EA6920EA01004FF0807140EA6D
:1072B000C200B861386808BF4FF4000140F4807024
:1072C000002C386008BF4FF48001386808433860EC
:1072D00057F82C0C40F0805047F82C0CFAF748FB7C
:1072E000044600BF57F82C0C800007D4FAF740FB87
:1072F000001B0328F6D3032001B0F0BD002001B02D
:10730000F0BD000000000000704700000000000019
:1073100010B504460068B8B12068A27FA18B002890
:10732000B2FA82F3A069D8BF5A09FAF719FB60696B
:107330004FEAB000042819D84BF21801C0F600013A
:1073400051F8200013E000BFD4E904014FEAB10175
:107350000429006826D84BF21802C0F6000252F841
:10736000212000218150E17710BD00BF5C2040F258
:107370000801C2F20041096862682369B1FBF2F1B9
:107380001B68490819504FF0FF3120680128B8BF29
:1073900001212068084420602168002918BF0121CC
:1073A000E17710BD5C2200218150E17710BD000023
:1073B00010B504464FF0000CC0F800C0C0F804C07F
:1073C0000498A06004F110000EC00298A0830398F6
:1073D000A07784F81FC0FAF7CBFA20624FF07E50F6
:1073E00060627820A0620220E06210BD0000000010
:1073F000FAF7C6BA00000000B0B59CB044F6180415
:1074000009A84C21C5F60204F9F7E6F90220002587
:10741000CDE90755CDE90555CDE90355CDE9015530
:10742000FAF77EFB0095206840F440402060206819
:1074300000F44040009000982068800409D420683F
:1074400080045CBF20685FEA804002D4206880042A
:10745000F2D50120099020224FF48031CDE915208A
:107460000C20199009A80A9102211491CDE912115A
:10747000CDE917110024CDE91A44FBF739FC28B1F6
:10748000EFF3108072B600BFFEE700BF3F2001900F
:1074900003204FF48061CDE90204082004904020CD
:1074A000CDE90500CDE9071001A80221FBF7DCF9C1
:1074B00020B1EFF3108072B6FEE700BF1CB0B0BD84
:1074C0004EF6885042F2000CCEF20000C5F2002CBD
:1074D000026842F470020260DCF8000000F00F0065
:1074E000062806D8DCF80000072262F30300CCF877
:1074F000000044F200404EF67F51C5F60200CEF681
:10750000F621026842F00102026000220261036873
:1075100019400160DCF80010090706D5DCF80010FE
:10752000072363F30301CCF8001040F200218261CD
:10753000C261C0F20221026281620021C0F2FF1129
:10754000C16240F28021C0F2011101634263816394
:10755000C26301644264016821F480210160026613
:1075600044F20000C5F2002043F2D20101607047EE
:1075700040F2FC60C2F20040FCF746B90000000097
:1075800040F24870C2F20040FCF73EB90000000033
:1075900040F29470C2F20040FCF736B900000000DF
:1075A00040F2E070C2F20040FCF72EB9000000008B
:1075B00040F6FF32C4F200029042026810DCB0F1E3
:1075C000804F1ED040F20043C4F20003984218D00E
:1075D00040F60003C4F20003984212D015E000BF49
:1075E00040F60043C4F2000398420AD040F2004340
:1075F000C4F20103984204D00023C4F2010398426C
:1076000003D122F070024B681A434EF2FF3343F667
:10761000FF7CC4F20003C4F2010C984214DD604503
:107620002CDC4EF20043C4F20003984243D0002306
:10763000C4F2010398423ED040F20043C4F2010379
:10764000984238D03BE000BF40F2FF73C4F2000321
:10765000984227DD40F60003C4F2000398422AD086
:1076600040F60043C4F20003984224D04EF20003D7
:10767000C4F2000398421ED021E000BF44F2000390
:10768000C4F20103984216D044F60003C4F2010389
:10769000984210D044F20043C4F2010398420AD049
:1076A0000DE000BFB0F1804F05D040F20043C4F2BE
:1076B0000003984203D122F44072CB681A4310B5FC
:1076C00022F08002D1F800E04C698B68224302600E
:1076D000C3626045C0F828E0BDE8104012DD44F206
:1076E0000002C4F20102904217D044F60002C4F234
:1076F0000102904211D044F20042C4F201029042D1
:107700000BD00CE00022C4F20102904205D040F2FE
:107710000042C4F20102904201D1096901630121D2
:1077200041610169C90708BF7047016921F0010182
:10773000016170470000000040F62C00C2F20040DA
:10774000FCF77ABD00000000816A0A070CD4CA0762
:1077500015D18A071ED44A0727D4CA0630D48A0610
:1077600039D44A0642D454E00268D0F838C053688D
:1077700023F4004343EA0C035360CA07E9D00268CC
:10778000D0F82CC0536823F4003343EA0C03536051
:107790008A07E0D50268D0F830C0536823F48033FC
:1077A00043EA0C0353604A07D7D50268D0F834C0C7
:1077B000536823F4802343EA0C035360CA06CED5F2
:1077C0000268D0F83CC0936823F4805343EA0C036A
:1077D00093608A06C5D50268D0F840C0936823F448
:1077E000005343EA0C0393604A0612D50268D0F8AE
:1077F00044C0BCF5801F536823F4801343EA0C0394
:10780000536006D1536823F4C00C836C43EA0C0325
:107810005360090658BF70470168C06C4A6822F47B
:107820000022104348607047B0B582B00446002083
:10783000C4F89000FAF79CF8216805460A68120718
:1078400037D54FF4001100226FF07E4000902046A3
:107850002B4601F06DF958B3206850E8000F2168FD
:1078600020F0800041E80002002A1FBF206850E895
:10787000000F216820F080001CBF41E80002002AB0
:1078800012D0206850E8000F216820F0800041E805
:1078900000024AB1206850E8000F216820F0800003
:1078A00041E80002002AD7D10320202188226CE081
:1078B0002168086840075FD54FF4800100226FF00F
:1078C0007E40009020462B4601F032F9002853D02C
:1078D000206850E8000F216820F4907041E8000211
:1078E000F2B1206850E8000F216820F4907041E860
:1078F0000002002A1FBF206850E8000F216820F412
:1079000090701CBF41E80002002A09D0206850E8AE
:10791000000F216820F4907041E80002002AD7D1BE
:10792000206850E8020F216820F0010041E80202BF
:10793000002A1FBF206850E8020F216820F00100D4
:107940001CBF41E80202002A12D0206850E8020F52
:10795000216820F0010041E802024AB1206850E8A5
:10796000020F216820F0010041E80202002AD7D16D
:10797000032020218C2208E02020C4F88800C4F8CD
:107980008C00002170220020E166A150002184F8C3
:10799000841002B0B0BD0000806B0021A0F85E1022
:1079A000A0F85610FCF744BCF0B581B040F2FC17CB
:1079B000C2F200477C78FCB1B98840F68A22C2F254
:1079C0000042064601EB811102EB4101B1F8805003
:1079D0002A46F8F7BCFEA6F8805043F23431B88846
:1079E000C3F233310130A0FB011202EB8201401AD5
:1079F000B880787801387870002C18BF01242046B0
:107A000001B0F0BD00000000B0F860200168D0F8BF
:107A10008C30222B40F0A880496A836D114023F8F6
:107A2000021B8365B0F85E100139A0F85E10B0F853
:107A30005E10002918BF7047016851E8001F0268F6
:107A400021F4907142E80013F3B1016851E8001F7E
:107A5000026821F4907142E80013002B1FBF0168F7
:107A600051E8001F026821F490711CBF42E8001326
:107A7000002B09D0016851E8001F026821F49071C1
:107A800042E80013002BD7D1016851E8021F0268B9
:107A900021F0010142E80213F3B1016851E8021F2D
:107AA000026821F0010142E80213002B1FBF0168A8
:107AB00051E8021F026821F001011CBF42E80213D5
:107AC000002B09D0016851E8021F026821F0010172
:107AD00042E80213002BD7D12021C0F88C100021DE
:107AE0004167016740F600420168C5F60002914215
:107AF00002D0496809023DD4C16E012964D1002138
:107B0000C166016851E8001F026821F0100142E8D7
:107B10000013F3B1016851E8001F026821F0100161
:107B200042E80013002B1FBF016851E8001F0268E4
:107B300021F010011CBF42E80013002B09D001689E
:107B400051E8001F026821F0100142E80013002BE9
:107B5000D7D10168CA69D20601D510220A62B0F8ED
:107B60005C10FCF7C5BA00BF886940F00800886166
:107B7000704700BF016851E8001F026821F0806172
:107B800042E80013002BB7D0016851E8001F0268DB
:107B900021F0806142E80013002B1FBF016851E80B
:107BA000001F026821F080611CBF42E80013002B17
:107BB000A2D0016851E8001F026821F0806142E80C
:107BC0000013002BD6D197E7FCF752BF000000004E
:107BD0002DE9F04F81B004460368B0F86050DA69CF
:107BE00018689968D4F88C70222F65D1B4F8683081
:107BF000002B18BF12F0200266D1B4F85E000028F6
:107C00005ED0B4F8681088425AD2206850E8020F5B
:107C1000216820F0805041E80202F2B1206850E86B
:107C2000020F216820F0805041E80202002A1FBFA5
:107C3000206850E8020F216820F080501CBF41E806
:107C40000202002A09D0206850E8020F216820F0C3
:107C5000805041E80202002AD7D147F60920C0F639
:107C600000006067206850E8000F216840F02000A5
:107C700041E8000222B3206850E8000F216840F07C
:107C8000200041E80002002A1FBF206850E8000FD2
:107C9000216840F020001CBF41E80002002A0FD0FC
:107CA000206850E8000F216840F0200041E8000201
:107CB000002AD7D104E000BF986940F0080098611D
:107CC00001B0BDE8F08F00BF4FF6FE7640F60049E8
:107CD000CEF6FF760027C5F6000900F4807B01F0A0
:107CE000010A07E02046FCF7C3FE00BF5FEA886098
:107CF0007FF583AF2068A16D426A2A4021F8022BEC
:107D0000A165B4F85E100139A4F85E10D0F81C80AB
:107D10005FEA487135D05FEAC87218BFBBF1000F47
:107D200004D15FEA88720CD416E000BF012202621F
:107D3000D4F8902042F00102C4F890205FEA8872E3
:107D40000AD5BAF1000F07D002220262D4F89020BF
:107D500042F00402C4F8902000290AD5BAF1000FBD
:107D600007D004210162D4F8900040F00200C4F86A
:107D70009000D4F8900020B12046FCF759FAC4F8DE
:107D80009070B4F85E000028B0D1206850E8000F71
:107D9000216820F4807041E80002FAB1206850E8C0
:107DA000000F216820F4807041E80002002A1FBF04
:107DB000206850E8000F216820F480701CBF41E863
:107DC0000002002A0AD0206850E8000F216820F441
:107DD000807041E80002002AD7D100BF206850E837
:107DE000020F2168304041E80202DAB1206850E811
:107DF000020F2168304041E80202002A1FBF2068BC
:107E000050E8020F216830401CBF41E80202002AFE
:107E100008D0206850E8020F2168304041E8020293
:107E2000002ADBD12020C4F88C0067672767206810
:107E3000484502D04068000238D4E06E01287FF443
:107E400051AFE766206850E8000F216820F010006D
:107E500041E80002F2B1206850E8000F216820F0EC
:107E6000100041E80002002A1FBF206850E8000F00
:107E7000216820F010001CBF41E80002002A09D050
:107E8000206850E8000F216820F0100041E800024F
:107E9000002AD7D12068C169C90601D51021016225
:107EA000B4F85C102046FCF723F91FE7206850E87F
:107EB000000F216820F0806041E80002002ABCD059
:107EC000206850E8000F216820F0806041E800023F
:107ED000002A1FBF206850E8000F216820F0806052
:107EE0001CBF41E80002002AA7D0206850E8000F1C
:107EF000216820F0806041E80002002AD6D19CE78A
:107F0000B0F860100268D0F88C30222B40F0AA80C4
:107F1000526A836D11401970816D01318165B0F82D
:107F20005E100139A0F85E10B0F85E10002918BF8D
:107F30007047016851E8001F026821F4907142E81F
:107F40000013FBB1016851E8001F026821F4907131
:107F500042E80013002B1FBF016851E8001F0268B0
:107F600021F490711CBF42E80013002B0AD0016875
:107F700051E8001F026821F4907142E80013002BC1
:107F8000D7D100BF016851E8021F026821F001014A
:107F900042E80213F3B1016851E8021F026821F0C0
:107FA000010142E80213002B1FBF016851E8021FC4
:107FB000026821F001011CBF42E80213002B09D026
:107FC000016851E8021F026821F0010142E8021332
:107FD000002BD7D12021C0F88C1000214167016708
:107FE00040F600420168C5F60002914202D049689D
:107FF00009023DD4C16E012964D10021C166016826
:1080000051E8001F026821F0100142E80013F3B1AB
:10801000016851E8001F026821F0100142E80013D6
:10802000002B1FBF016851E8001F026821F01001FA
:108030001CBF42E80013002B09D0016851E8001F63
:10804000026821F0100142E80013002BD7D101682B
:10805000CA69D20601D510220A62B0F85C10FCF79A
:1080600047B800BF906940F008009061704700BFBA
:10807000016851E8001F026821F0806142E80013A6
:10808000002BB7D0016851E8001F026821F0806121
:1080900042E80013002B1FBF016851E8001F02686F
:1080A00021F080611CBF42E80013002BA2D00168C0
:1080B00051E8001F026821F0806142E80013002BA4
:1080C000D6D197E7FCF7D4BC2DE9F04F81B0044638
:1080D0000368B0F86050DA6918689968D4F88C7051
:1080E000222F65D1B4F86830002B18BF12F020029F
:1080F00066D1B4F85E0000285ED0B4F868108842FB
:108100005AD2206850E8020F216820F0805041E8E0
:108110000202F2B1206850E8020F216820F080507E
:1081200041E80202002A1FBF206850E8020F2168C0
:1081300020F080501CBF41E80202002A09D02068CC
:1081400050E8020F216820F0805041E80202002A26
:10815000D7D147F60170C0F600006067206850E88C
:10816000000F216840F0200041E8000222B320689F
:1081700050E8000F216840F0200041E80002002A8A
:108180001FBF206850E8000F216840F020001CBF8E
:1081900041E80002002A0FD0206850E8000F216853
:1081A00040F0200041E80002002AD7D104E000BFDF
:1081B000986940F00800986101B0BDE8F08F00BFF9
:1081C0004FF6FE7640F60049CEF6FF760027C5F65C
:1081D000000900F4807B01F0010A07E02046FCF76B
:1081E00047FC00BF5FEA88607FF583AF2068A16D20
:1081F000406A28400870A06D0130A0652068B4F87E
:108200005E100139A4F85E10D0F81C805FEA487156
:1082100035D05FEAC87218BFBBF1000F04D15FEA26
:1082200088720CD416E000BF01220262D4F89020BC
:1082300042F00102C4F890205FEA88720AD5BAF1D0
:10824000000F07D002220262D4F8902042F004020C
:10825000C4F8902000290AD5BAF1000F07D00421F4
:108260000162D4F8900040F00200C4F89000D4F805
:10827000900020B12046FBF7DBFFC4F89070B4F803
:108280005E000028AED1206850E8000F216820F47D
:10829000807041E80002FAB1206850E8000F2168C0
:1082A00020F4807041E80002002A1FBF206850E8D7
:1082B000000F216820F480701CBF41E80002002AF2
:1082C0000AD0206850E8000F216820F4807041E84F
:1082D0000002002AD7D100BF206850E8020F2168B1
:1082E000304041E80202DAB1206850E8020F21680C
:1082F000304041E80202002A1FBF206850E8020F08
:10830000216830401CBF41E80202002A08D02068E2
:1083100050E8020F2168304041E80202002ADBD118
:108320002020C4F88C00676727672068484502D082
:108330004068000238D4E06E01287FF44FAFE76652
:10834000206850E8000F216820F0100041E800028A
:10835000F2B1206850E8000F216820F0100041E8D9
:108360000002002A1FBF206850E8000F216820F09B
:1083700010001CBF41E80002002A09D0206850E824
:10838000000F216820F0100041E80002002AD7D138
:108390002068C169C90601D510210162B4F85C10DA
:1083A0002046FBF7A5FE1DE7206850E8000F216876
:1083B00020F0806041E80002002ABCD0206850E82C
:1083C000000F216820F0806041E80002002A1FBFF2
:1083D000206850E8000F216820F080601CBF41E851
:1083E0000002002AA7D0206850E8000F216820F082
:1083F000806041E80002002AD6D19CE7000000001E
:10840000F0B583B00446006846F6F31640F6004E19
:1084100022696569D4E902130A43E7690168CCF669
:10842000FF762A4331401143C5F6000E39430160FF
:108430004168704521F4405144F2544C41EA030133
:108440004160A2694FF2FF431CBF216A0A43816861
:10845000C1F2FF131940C5F6020C1143816047F6C3
:10846000FF32C16AC4F2000221F00F01656A904236
:108470004FF0800341EA0501C16219DD41F2FF714D
:10848000C4F2010188422DDC47F60041C4F200012C
:10849000884257D041F20001C4F20101884239D02C
:1084A00041F20041C4F20101884233D056E000BFDE
:1084B00044F6FF31C4F20001884237DD44F6004142
:1084C000C4F2000188423DD045F20001C4F200012F
:1084D000884237D047F60001C4F20001884231D00B
:1084E0003CE000BF41F60001C4F20101884211D016
:1084F00041F60041C4F2010188420BD070452DD1F4
:10850000DCF8041001F00702062A27D20FF28831A6
:1085100022E000BFDCF80010C1F3C202062A1DD21F
:108520004BF23201C0F6000116E000BF44F20041F8
:10853000C4F20001884205D044F60001C4F20001F3
:1085400088420BD1DCF8001001F00702062A05D2A0
:108550004BF22C01C0F600018B181B78704540F6D9
:108560000010C0F23D0000F05380B7F5004F40F01E
:108570007B80402B4FF0010100F28581DFE813F092
:1085800042002E01830183013601830183018301AF
:1085900042018301830183018301830183018301FC
:1085A0000A01830183018301830183018301830124
:1085B000830183018301830183018301830183019B
:1085C00048018301830183018301830183018301C6
:1085D000830183018301830183018301830183017B
:1085E000830183018301830183018301830183016B
:1085F000830183018301830183018301830183015B
:10860000260100BFFAF784FA002840F0008136E125
:108610009A1E01211E2A00F27580DFE812F01F0069
:10862000340187003401340134018D0034013401F8
:10863000340134013401340134017900340134014E
:108640003401340134013401340134013401340182
:10865000340134013401340134019500F9F788FA0A
:10866000002840F070800AE1402B4FF0010100F239
:108670000A81DFE813F04100B70008010801C100DA
:10868000080108010801E9000801080108010801C2
:108690000801080108019D000801080108010801FE
:1086A0000801080108010801080108010801080182
:1086B000080108010801EF0008010801080108018C
:1086C0000801080108010801080108010801080162
:1086D0000801080108010801080108010801080152
:1086E0000801080108010801080108010801080142
:1086F000080108010801AF00FAF70AFA002840F063
:10870000A880BCE0402B40F0BE804FF400401BE04E
:108710005CF8540C800649F20000C0F2D03013D54A
:108720005CF8541CC1F3C101C8400DE06846F9F77C
:1087300033FA019838B9A2E06846F9F7C1FA01980E
:10874000002800F09C80656A4BF672016268C0F6F2
:10875000000131F81510B0FBF1F002EB4201884244
:108760004FF00101C0F08F801303984200F28B801C
:10877000010E0023000210EB520041F10001F7F757
:1087800054FE4FF60052A0F54071C0F20F02914224
:1087900073D377E05CF8540C800649F20000C0F215
:1087A000D03035D55CF8541CC1F3C101C8402FE06E
:1087B0005CF8540C800649F20000C0F2D03049D574
:1087C0005CF8541CC1F3C101C84043E04FF40040C1
:1087D0001EE000BF4FF400403CE000BFFAF7C8F9CC
:1087E000A8B94CE0FAF7C4F998BB48E06846F9F735
:1087F000D3F9019858B942E06846F9F7CDF90198E4
:1088000038BB3CE06846F9F75BFA0198B8B3656A93
:108810004BF67201C0F6000131F81510B0FBF1F013
:1088200061684A0802EB40004FF6EF72B0FBF1F0CE
:10883000A0F11001914225D84FF6F0710140C0F32C
:108840004200084419E000BF6846F9F739FA019878
:10885000A8B1656A4BF672016268C0F6000131F892
:108860001510B0FBF1F000EB5200B0FBF2F0A0F1FC
:1088700010014FF6EF72914204D82168C8600021C0
:1088800001E000BF01214FF00110A0660020C4E903
:108890001D00084603B0F0BD02040810204000008F
:1088A00040F62C0040F2FC11C2F20040C2F200413E
:1088B0000122FCF785B8000081650023A0F85C2048
:1088C000A0F85E208168436771B1B1F1805F07D085
:1088D000B1F5805F0ED1016951B940F2FF110AE094
:1088E000016919B13F2106E0016909B17F2102E068
:1088F000FF2100E00021A0F860100021C0F89010D6
:108900002221C0F88C10016851E8021FD0F800C085
:1089100041F001014CE802130BB3016851E8021F5A
:10892000D0F800C041F001014CE80213002B1FBF3A
:10893000016851E8021FD0F800C041F001011CBFDE
:108940004CE80213002B0AD0016851E8021FD0F84E
:1089500000C041F001014CE80213002BD3D1416E5D
:10896000B1F1005F03D1B0F868108A4240D281684B
:10897000B1F5805F016907D1002947D047F6017141
:10898000C0F60001416706E047F601720029C0F613
:10899000000242673FD0016851E8001F026841F4BD
:1089A000907142E80013002B00F0BE80016851E88E
:1089B000001F026841F4907142E80013002B1FBFB2
:1089C000016851E8001F026841F490711CBF42E841
:1089D0000013002B00F0A880016851E8001F026816
:1089E00041F4907142E80013002BD4D19CE000BF09
:1089F0008168B1F5805F016938D1002966D048F2FD
:108A0000C901C0F60001416736E000BF47F6092101
:108A1000C0F600014167016851E8001F026841F09B
:108A2000200142E80013002B7ED0016851E8001FAE
:108A3000026841F0200142E80013002B1FBF0168CB
:108A400051E8001F026841F020011CBF42E80013FA
:108A5000002B69D0016851E8001F026841F0200135
:108A600042E80013002BD6D15EE000BF48F2C902F5
:108A7000C0F60002426779B3016851E8001F02683E
:108A800041F4807142E8001333B3016851E8001FDC
:108A9000026841F4807142E80013002B1FBF016897
:108AA00051E8001F026841F480711CBF42E80013C6
:108AB000002B11D0016851E8001F026841F4807159
:108AC00042E80013002BD7D106E000BF47F6D131B2
:108AD000C0F60001416700BF016851E8021F02684B
:108AE00041F0805142E80213F3B1016851E8021FDE
:108AF000026841F0805142E80213002B1FBF016859
:108B000051E8021F026841F080511CBF42E8021385
:108B1000002B09D0016851E8021F026841F0805122
:108B200042E80213002BD7D100207047000000005C
:108B30002DE9F041804600680D46C7693940491B60
:108B4000B1FA81F149098A4225D1069C34B316460F
:108B5000611C29D1C1692940491BB1FA81F1490938
:108B60008E4218D1C1692940491BB1FA81F14909E6
:108B70008E4201BFC1692940491BB1FA81F104BF8E
:108B800049098E4207D1C1692940491BB1FA81F1D7
:108B900049098E42DED00020BDE8F081F8F7E8FEFA
:108BA0000320BDE8F08100BF1F4607E0C0692840F0
:108BB000401BB0FA80F040098642ECD1F8F7D8FEAD
:108BC000C01BA04200F2B680D8F800000168490737
:108BD000ECD5402D18BF802DE8D0C169090700F100
:108BE000AD80C1690905E1D54FF400610162D8F893
:108BF000000050E8000FD8F8001020F4907041E811
:108C0000000222B3D8F8000050E8000FD8F8001096
:108C100020F4907041E80002002A1FBFD8F800003D
:108C200050E8000FD8F8001020F490701CBF41E805
:108C30000002002A0BD0D8F8000050E8000FD8F846
:108C4000001020F4907041E80002002ACFD14FF6C6
:108C5000FE70CEF6FF70D8F8001051E8021FD8F869
:108C60000020014042E802130BB3D8F8001051E88D
:108C7000021FD8F80020014042E80213002B1FBF5A
:108C8000D8F8001051E8021FD8F8002001401CBF9E
:108C900042E80213002B0AD0D8F8001051E8021F56
:108CA000D8F80020014042E80213002BD3D1D8F8B5
:108CB0006C0001282FD1D8F8000050E8000FD8F838
:108CC000001020F0100041E8000222B3D8F80000A4
:108CD00050E8000FD8F8001020F0100041E8000222
:108CE000002A1FBFD8F8000050E8000FD8F8001085
:108CF00020F010001CBF41E80002002A0BD0D8F879
:108D0000000050E8000FD8F8001020F0100041E8F3
:108D10000002002ACFD12020C8F88C000021C8F81A
:108D20006C10C8F87410C8F89000032088F88410FC
:108D3000BDE8F0810320BDE8F08100BF0821016299
:108D4000D8F8000050E8000FD8F8001020F4907018
:108D500041E8000222B3D8F8000050E8000FD8F82C
:108D6000001020F4907041E80002002A1FBFD8F8DC
:108D7000000050E8000FD8F8001020F490701CBFDD
:108D800041E80002002A0BD0D8F8000050E8000F9C
:108D9000D8F8001020F4907041E80002002ACFD1EA
:108DA0004FF6FE70CEF6FF70D8F8001051E8021FA3
:108DB000D8F80020014042E802130BB3D8F80010A5
:108DC00051E8021FD8F80020014042E80213002BAE
:108DD0001FBFD8F8001051E8021FD8F8002001404A
:108DE0001CBF42E80213002B0AD0D8F8001051E84B
:108DF000021FD8F80020014042E80213002BD3D113
:108E0000D8F86C0001282FD1D8F8000050E8000FE6
:108E1000D8F8001020F0100041E8000222B3D8F882
:108E2000000050E8000FD8F8001020F0100041E8D2
:108E30000002002A1FBFD8F8000050E8000FD8F841
:108E4000001020F010001CBF41E80002002A0BD0E7
:108E5000D8F8000050E8000FD8F8001020F01000FB
:108E600041E80002002ACFD12020C8F88C00002061
:108E7000C8F86C00C8F874000821C8F8901088F889
:108E800084000120BDE8F081FEE700000000000042
:108E90007047000000000000B7EE001A40F28C009E
:108EA000C2F2004081EE000A80ED020A7047000025
:108EB00070B52DED028B9FED3A8B40F2C01640F25B
:108EC00038140025C2F20046C2F2004400F070F8E7
:108ED00096ED0B0A94ED062AB7EEC00A96ED091A34
:108EE000B7EEC22A94ED045A96ED0A3A31EE051A0D
:108EF00030EE080B0A2094ED055A96ED0C4A84EDED
:108F0000041A33EE051A30EE020B94ED072A84EDB5
:108F1000051A96ED0D1AB7EEC00B84ED060A34EE75
:108F2000020A94ED082A84ED070A31EE020A96ED52
:108F30000E1A94ED092A84ED080A31EE020A84ED36
:108F4000090AF8F701F8632D05F10105BED394ED88
:108F5000040A9FED153A94ED051A80EE030A94ED8C
:108F6000062A84ED040A81EE030A94ED074A84ED93
:108F7000050A82EE030A84ED060A84EE030A84EDF4
:108F8000070A94ED080A80EE030A94ED091A84EDAD
:108F9000080A81EE030A84ED090ABDEC028B70BD5C
:108FA00014AE47E17A9423C00000C84200000000DC
:108FB000B0B52DED028B82B040F2C015C2F2004573
:108FC00005F10A0005F10804A91C2A1DAB1DCDE915
:108FD00000402846FBF7CCFDB5F900009FED623A52
:108FE000B3EE006AB5F90A1000EE100AB5F90200F6
:108FF0009FED515B02EE100AB5F90400B8EEC00A0D
:109000009FED4F4BB8EEC22A02EE900A20EE030A03
:10901000B5F9060022EE032A03EE900A20EE060AB6
:10902000B5F90800F8EEE22A22EE062AB7EEC00AE9
:1090300062EE832AB7EEC28A20EE050BF8EEE33A21
:1090400062EE862A20EE041B63EE833A9FED3E0B10
:1090500021EE007B9FED3E1B27EE017BB7EEC72B79
:1090600085ED092A28EE057B08EE101A27EE047B11
:10907000B8EEC88A27EE007B27EE016BB7EEE27AE6
:10908000DFED3A2A63EEA23AB7EEC66B85ED0A6AC7
:1090900027EE055BB7EEE37A03EE900A25EE044B6C
:1090A000F8EEE33A24EE004B63EE833A28EE033AFF
:1090B000B0EE0C8B63EEA23A23EE223A27EE087B49
:1090C000B7EEE35AB7EEC33A24EE014B25EE085B48
:1090D00023EE083B9FED208B27EE087B25EE085BF7
:1090E00023EE083B9FED1E8B27EE087B25EE085BE9
:1090F00023EE083B27EE007B25EE005B23EE000B02
:1091000027EE017B25EE012B20EE010BB7EEC44BC1
:1091100085ED0B4AB7EEC77B85ED0C7AB7EEC21B27
:1091200085ED0D1AB7EEC00B85ED0E0A02B0BDEC51
:10913000028BB0BD00BF00BF9A99999999992340BD
:10914000333333333333F33F0B7C71F5838E12406B
:1091500015AD86DF748BE23F30E80BFA82BEE03F4C
:10916000499224499224F13F000000380000FA445B
:1091700010B52DED0A8B40F25024C2F20044207845
:1091800040B194ED058A9FED260A28EE000ABDEC59
:109190000A8B10BDB6EE009A94ED028A94ED03AAF4
:1091A00040F28C0094ED01BA28EE0A0AF0EE490A6A
:1091B000C2F2004090ED01CAEBEE4B0AACEE0B0A96
:1091C000E8EE480A01F094F928EE4C1AB8EE002AAD
:1091D00084ED040AABEE0A1A21EE021AB0EE410A3F
:1091E00001F0F0F82CEE0A1A84ED050AA8EE489A70
:1091F000ABEE081AB0EE408AAAEE4A9AB0EE410AE7
:10920000F0EE490A01F074F984ED060A012020709D
:109210009FED030A28EE000ABDEC0A8B10BD00BFCB
:10922000E12E65420000000010B52DED0C8B40F2E0
:109230005024C2F20044207840B194ED048A9FED9E
:10924000260A28EE000ABDEC0C8B10BDB6EE009A83
:1092500094ED02AA94ED03BA40F28C0094ED01CA99
:109260002AEE0B0AF0EE490AC2F2004090ED01DA54
:10927000ECEE4C0AADEE0C0AEAEE4A0A01F038F9BF
:109280002AEE4D1AB8EE002AB0EE408A84ED040AA8
:10929000ACEE0B1A21EE021AB0EE410A01F092F880
:1092A0002DEE0B1A84ED050AAAEE4A9AACEE0A1AC4
:1092B000ABEE4B9AB0EE410AF0EE490A01F018F914
:1092C00084ED060A012020709FED030A28EE000AB3
:1092D000BDEC0C8B10BD00BFE12E6542000000000C
:1092E00010B52DED0A8B40F25024C2F200442078D4
:1092F00040B194ED060A9FED251A20EE010ABDEC5F
:109300000A8B10BDB6EE008A94ED029A94ED03AA82
:1093100040F28C0094ED01BA29EE0A0AF0EE480AF8
:10932000C2F2004090ED01CAEBEE4B0AACEE0B0A24
:10933000E9EE490A01F0DCF829EE4C1AB8EE002AF1
:1093400084ED040AABEE0A1A21EE021AB0EE410ACD
:1093500001F038F82CEE0A1A84ED050AA9EE498AC4
:10936000ABEE091AAAEE4A8AB0EE410AF0EE480ABC
:1093700001F0BEF884ED060A012020709FED031A6B
:1093800020EE010ABDEC0A8B10BD00BFE12E654244
:1093900040F2980040F22011C2F20040C2F20041B7
:1093A000C1664165C1634162C16040F21001C2F211
:1093B000004101F1640208678A650A6488620861F5
:1093C000704700000000000086B0F8F7E9FAFEF7E9
:1093D00013F8FBF7B1FDFBF71FFFFBF7E1FEFBF70F
:1093E000F7FFFBF755FFFBF73BFEF7F791FDFCF7A7
:1093F00087FDFDF7D1FCFFF7CBFFFBF721FD40F226
:1094000038179FEDE51AC2F20047388800EE100ABF
:10941000B8EE400A81EE000AFFF73EFDFFF748FD77
:109420004FF4FA70F7F790FDFFF73AFAFCF768FD92
:10943000FCF7C2FA6420F7F787FD40F2E0780421D8
:10944000C2F200484046FAF74FFD40F2FC650021A9
:10945000C2F2004500262846FAF746FD40244AF6A7
:109460006061CDE9004640F6000640F29C60C5F61A
:109470000206C0F20A01C2F200400022029129460F
:109480003346FDF795FF44F240210120019040F260
:10949000CC60A6F58063C0F20F01C2F20040042246
:1094A000029141460094FDF783FF40F29470C2F2AE
:1094B0000040FAF735F840F24870C2F20040FAF77F
:1094C0002FF84046FAF72CF82846FAF729F8022137
:1094D00000223046F8F744FA40F2202640F60825EC
:1094E00040F6945BC2F200460FF2B028C2F200458B
:1094F000C2F2004B4EF6602404E000BFDBF800002F
:10950000A04215D2D6E90001C14211D100200021AC
:1095100008234246FDF7D8FAFDF72AFB2846FEF756
:1095200043FA0028EAD02846FDF7FAFCE6E700BF38
:10953000FCF742FAB0EE0CCB40F2C014B3EE00EAF6
:10954000C2F200449FED8A9B40F6082500269FED5D
:109550008AABC2F2004504F102089FED89BB04F119
:10956000040904F1060A9FED88DBDFED8EEA04F1C1
:109570000A009FED87FB9FED8C8A059004F108009F
:10958000049003E000F00CFCFDF7F2FAFCF714FA8B
:10959000DBF800003B88D7E90212401A66EB0201B3
:1095A000C01A71F10000C0F0C080DBF800004A462C
:1095B000C7E90206DDE90410CDE900102046414666
:1095C0005346FBF7D5FAB4F900009FED674B00EE68
:1095D000100AB4F9020001EE100AB4F90400B8EE62
:1095E000C00A02EE100AB4F90600B8EEC11A20EE65
:1095F0002E0A03EE100AB8EEC22AB4F9080021EED2
:109600002E1A20EE0E0A22EE2E2A21EE0E1AB7EEA8
:10961000C00A22EE0E2AB7EEC11A20EE040BB7EEF6
:10962000C22A21EE041BB8EEC33A22EE042B23EE2D
:109630002E3A22EE092B23EE083A22EE0A2BB7EE41
:10964000C33A22EE0B2B23EE0C3BB7EEC24B02EEDD
:10965000100AB4F90A0020EE090B05EE100AB8EE64
:10966000C22A23EE0D3BB8EEC55A22EE2E2A21EE79
:10967000091B25EE2E5A22EE082A20EE0A0B25EEB3
:10968000085AB7EEC22A23EE0F3BB7EEC55A22EEB8
:109690000C2B25EE0C5B22EE0D2B25EE0D5B22EE46
:1096A0000F2B25EE0F5B21EE0A1B22EE0A2B20EE7C
:1096B0000B0B23EE0A3B25EE0A5B21EE0B1B22EE81
:1096C0000B2BB7EEC00B23EE0B3B25EE0B5BB7EE7F
:1096D000C11BB7EEC26B97ED042AB7EEC33B70EE29
:1096E000421A97ED050AB7EEC55B31EE402A97EDB9
:1096F000060A97ED081A74EE402A97ED070A76EEEF
:10970000410A97ED091A33EE400A35EE411AC4EDCD
:10971000091A84ED0A2AC4ED0B2A84ED0C0AC4ED63
:109720000D0A84ED0E1A00F0FBFCFFF7D9FD84ED65
:10973000030AFFF71DFD84ED040AFFF775FDD4E968
:109740000301C4E90601284684ED050A84ED080AF0
:10975000FEF72AF900283FF415AF2846FDF7E0FB95
:1097600010E700BF00BF00BF9A99999999992340CB
:10977000333333333333F33F0B7C71F5838E124035
:1097800015AD86DF748BE23F30E80BFA82BEE03F16
:10979000499224499224F13F00007A447761697428
:1097A000696E6700000000380000FA440000000005
:1097B0002DE9F04182B040F6945740F26C25C2F298
:1097C0000047C2F2004540F2202840F6C006396842
:1097D0002A79C2F20048C2F20046012AE9604FF03D
:1097E00001032B7029D1AA68891AB1F5C86F0DDB66
:1097F00040F600030221C5F6020301220446184682
:10980000F8F7AEF829792046012916D1D8F80010CA
:1098100040F2E73399420DD0D8F804209A4209D09B
:1098200040F22823C2F20043D3E90034121B326015
:10983000C91A01E0002131607160032804D078B9B1
:10984000012028713F680AE040F600000221C5F6B9
:109850000200002200272F80F8F782F82F71AF60F6
:109860003068414240F29C60C2F20040F7F7ACFA27
:109870007068414240F2CC60C2F20040F7F7A4FAAF
:1098800019A20020002108230826FDF71DF9EA6827
:109890001E20002108230096FCF74AFF13A2002097
:1098A00000210823FDF710F9AA681E2000210823D3
:1098B0000096FCF73DFF0FA2002020210823FDF7B2
:1098C00003F9D8F800200020302103230096FCF78C
:1098D000FBFFD8F804202520302103230096FCF755
:1098E000F3FF02B0BDE8F081743A0000635F743AA0
:1098F00000000000726563743A0000000000000080
:109900002DE9F04F81B0044640F6945040F2202AF1
:1099100040F26C26C2F20040C2F2004AC2F2004697
:1099200080460268DAF8000040F2E733726140F6E0
:10993000C0059842C2F200451CBFDAF804109942F3
:1099400040F0AA800020C5E90000052C00F0CF807F
:10995000032C00F0E380002C40F0FB800120B0716C
:10996000D8F80010DAF8002040F2E7303161824286
:1099700004BFDAF80410814240F0C88070790028F2
:1099800040F0C4804FF6706940F608274BF68A0411
:109990004546CFF6FF79C2F20047C0F600044FF00B
:1099A000080B40F2E73840F2CC604946C2F2004072
:1099B000F7F70AFA3846FDF7F7FF10B13846FDF71A
:1099C000AFFA304610F81D1F11B1002111E000BFA1
:1099D000304610F8231F09B101210AE0304610F883
:1099E000291F09B1022104E0304610F82F1FC9B326
:1099F0000321615C053100220270C8B2032800F027
:109A0000858028683169411A40F6AC5291427061F4
:109A100007D340F6000002210122C5F60200F7F745
:109A20009FFFDAF80020002010210423CDF800B0B9
:109A3000FCF77EFEDAF80420302010210423CDF854
:109A400000B0FCF775FEFDF793F8DAF8000040452A
:109A500004BFDAF80400404558D170790028A2D03C
:109A600054E000BF304610F81C1F09B1002111E07E
:109A7000304610F8221F09B101210BE0304610F8E2
:109A8000281F09B1022105E0304610F82E1F0029D9
:109A9000B7D00321615CAEE7B379002B3FF452AF3E
:109AA0003369D21A40F6B8339A420CD340F600001C
:109AB0000221C5F602000122F7F752FFD6E904237E
:109AC000DAE900019A1A40F22823C2F20043D3E9EE
:109AD0000037C91BC01AC5E9001000202021082347
:109AE00008270097FCF724FE052C7FF431AF0120F6
:109AF000B071D8F80010DAF8002040F2E730316198
:109B0000824204BFDAF8041081424DD040F6C0050D
:109B100001207071C2F200451BE000BF0020707090
:109B2000A6F805000021706140F29C60C2F200407E
:109B3000F7F74AF940F2CC600021C2F20040F7F793
:109B400043F940F600000221C5F602000022F7F7B3
:109B500007FF2868414240F29C60C2F20040F7F7DC
:109B600033F96868414240F2CC60C2F20040F7F736
:109B70002BF957A20020002108230824FCF7A4FF9A
:109B8000DAF800200020102104230094FCF7D0FD17
:109B9000DAF804203020102104230094FCF7C8FDDB
:109BA00001B0BDE8F08F00BF70790028AED1454606
:109BB00040F608244BF68A08C2F200444FF0000B2E
:109BC000C0F600084FF0080940F2E73740F2CC60D9
:109BD0004FF4C871C2F20040F7F7F6F82046FDF7DF
:109BE000E3FE10B12046FDF79BF9304610F81D1F2B
:109BF00011B1002111E000BF304610F8231F09B158
:109C000001210AE0304610F8291F09B1022104E0C1
:109C1000304610F82F1FD9B3032118F80110053171
:109C200080F800B0C8B203283FF470AF28683169EB
:109C3000411A40F6AC529142706107D340F60000E1
:109C400002210122C5F60200F7F78AFEDAF80020A9
:109C5000002010210423CDF80090FCF769FDDAF80C
:109C60000420302010210423CDF80090FCF760FD83
:109C7000FCF77EFFDAF80000B84204BFDAF804000F
:109C8000B8427FF443AF707900289FD03EE700BF11
:109C9000304610F81C1F09B1002111E0304610F8C1
:109CA000221F09B101210BE0304610F8281F09B12D
:109CB000022105E0304610F82E1F0029B6D00321FE
:109CC00018F8011080F800B0C8B20328AED11DE723
:109CD00066696E64696E6700032805D140F26C20E6
:109CE0000021C2F20040417010B582B023A20020D2
:109CF000002108230824FCF7E7FE23A200201021FE
:109D00000823FCF7E1FE40F2E0101021C2F200400F
:109D100003220223009490ED000A5020B7EEC00AFF
:109D2000FCF756F91AA2002020210823FCF7CCFEEC
:109D300040F2DC102021C2F20040032202230094F2
:109D400090ED000A5020B7EEC00AFCF741F912A2CC
:109D5000002030210823FCF7B7FE40F2D810302154
:109D6000C2F2004003220223009490ED000A50202A
:109D7000B7EEC00AFCF72CF902B010BD494D5520D2
:109D8000416E676C65000000526F6C6C3A00000019
:109D900050697463683A00005961773A0000000026
:109DA000B0B540F26C2140F21004C2F20041002034
:109DB0000A46C2F2004412F81D3F002B4FF0000388
:109DC00012D10A4612F8233F13B101230CE000BF61
:109DD0000A4612F8293F0BB1022305E00A4612F8A1
:109DE0002F3F002B30D003234BF68A051070C0F6AE
:109DF0000005EB5C053348782568002848D02846E4
:109E0000406809280AD8DFE800F01319050505099C
:109E10000909090DD8B2032818BFB0BD0020487049
:109E2000B0BD00BFD8B2BDE8B040FFF755BF00BF1E
:109E3000D8B2BDE8B040FFF7BBBC00BFD8B2BDE8A8
:109E4000B040FFF75DBD00BF0846002310F81C2F8F
:109E5000002A4FF0000211D1084610F8223F0BB142
:109E600001230BE0084610F8283F0BB1022305E060
:109E7000084610F82E3F002B4AD003234BF68A05E4
:109E80000270C0F60005EB5C487825680028B6D162
:109E900005B3D8B2032829D8DFE800F00230222E1B
:109EA000E86818B30169A94220D0F9B14A690846A7
:109EB000AA4210D0D2B151691046A9420BD0A9B123
:109EC0004A690846AA4206D082B151691046A942A1
:109ED000EBD100E000202060BDE8B040FBF778BD8A
:109EE00028690028F7D1A86800B18047284620607B
:109EF000BDE8B040FBF76CBDE86800E06869002889
:109F000008BF28462060BDE8B040FBF761BD00BF38
:109F1000487800282068DED00423406809287FF6AE
:109F200072AF7BE70000000040F26C20C2F20040FC
:109F30004178002918BF7047012141707047000027
:109F4000B0B540F210150421C2F200452868F7F7B9
:109F5000FFFC40F26C24C2F20044217E032914D895
:109F6000DFE801F00210060C88B90120B0E000BF64
:109F7000002800F07F800120207706E038B1012022
:109F8000607702E0002800F09B800020207668685F
:109F90000821F7F7DDFCA17F032918D8DFE801F0DD
:109FA0000214060EA8B901209EE000BF002800F0B0
:109FB0006B80012084F8220009E000BF48B1012035
:109FC00084F8230003E000BF002800F08580002013
:109FD000A077A8681021F7F7BBFC94F82410032998
:109FE00017D8DFE801F00313070D00BFA0B9012067
:109FF00086E000BF002851D0012084F8280008E046
:10A0000050B1012084F8290003E000BF002800F0CF
:10A010006F80002084F82400E8682021F7F798FC7E
:10A0200094F82A10032921D8DFE801F0021E0C144D
:10A03000002818BFB0BD012084F82A000020A085A8
:10A04000B0BD00BF90B3012084F82E00002084F83A
:10A050002A00B0BD0028F3D0012084F82F00002092
:10A0600084F82A00B0BD00BF00284FD0002084F83B
:10A070002A00B0BD608B0130608381B26429FFF497
:10A0800086AF032082E700BF208C0130208481B29C
:10A090006429FFF49EAF03209AE700BFE08C0130F3
:10A0A000E08481B26429B7D30320B3E7A08D0130E7
:10A0B000A08581B26429C3D3032084F82A00B0BDEF
:10A0C000608B0130608381B281427FF460AF0220F7
:10A0D0002076002060835AE7208C0130208481B2F2
:10A0E00081427FF476AF0220A0770020208470E7C1
:10A0F000E08C0130E08481B281427FF48DAF022098
:10A1000084F824000020E08486E700BFA08D0130A1
:10A11000A08581B2814293D102208DE7000000002A
:10A120009FED9D3A40F2502020EE835AC2F200404B
:10A1300061EE030A40F28C0120EE036A90ED020A00
:10A1400090ED013A20EE057A60EE803AC2F20041CD
:10A1500060EEC34A90ED031A65EE035A91ED014A91
:10A16000A3EE067A45F6DF12E4EE063AF5EE401A63
:10A17000E4EE054AC5F63772E4EE205AA1EE207AE5
:10A18000E1EE453AB6EE005AE1EE064AE0EE465AF6
:10A19000F1EE10FA67EE450A63EE853A24EE857A11
:10A1A00025EE856A04BFB5EE402AF1EE10FA00F004
:10A1B000AF802DED108B62EE024A21EE019A24EE63
:10A1C00004BAE1EEA14A34EE04CA60EE008AE2EE7F
:10A1D000A24A63EE03AA14EE903A64EE855AF7EEB3
:10A1E000084AA2EB5303B0EE648A06EE903A66EE9C
:10A1F000E57AA7EEA68AF0EE647A68EE266A31EE7A
:10A20000018A66EEE55AE5EEA67AF1EE005A2BEEEB
:10A2100025BA20EE25EA66EEA77A63EE256A24EEDB
:10A2200025DA61EEA71A22EE272A62EEA72A21EE8E
:10A23000C8AAA6EE89AAABEE03AAACEE42AA21EE0A
:10A240008CCAABEE00CAB2EE00BA7AEE667A30EE95
:10A2500000AAAEEE09CA23EE0BFA61EE8A9AA8EEC6
:10A2600042CAEFEE2A7AEDEE289A20EE0B9AEFEE34
:10A27000287A3CEE4EBAEDEE2A9A33EE038AA9EE26
:10A280002ABAE6EEA27AF0EE646AE8EE429A61EE4D
:10A29000C81A2AEEA58AA9EE28BA68EEA55AE8EEF1
:10A2A000011AAEEE22BA67EEA72AE5EE811AE9EEB0
:10A2B000A92AEAEE421AEBEE0B2AE1EEA12A12EEEF
:10A2C000903A22EE852AA2EB530302EE903A62EE18
:10A2D000C25AE5EEA26A66EEA22A22EEC22AE2EE97
:10A2E000224A22EEA42A69EE822A67EE824A6BEEA7
:10A2F000025A21EE822AD1ED001AE1EEE20AE1EEE5
:10A30000E43AA1EEE57AA1EEC26ABDEC108B05E05D
:10A31000F5EE402AF1EE10FA7FF44BAF91ED022AF0
:10A32000A3EE823AA0EE824AA7EE020AB7EE087ABE
:10A33000A6EE021A63EE030AE4EE040AE0EE000A57
:10A34000E1EE010A10EE903A20EE852AF0EE470A7F
:10A35000A2EB530205EE102A25EE426AE6EE050A4C
:10A3600020EE855A25EE422AA2EE057A25EE072A2E
:10A3700024EE024A23EE023A81ED014A20EE020A5F
:10A3800080ED013A21EE021A80ED020A80ED031AF7
:10A3900000210170704700BF39FA8E3C410008026D
:10A3A00018BF04200A0E18BF40F001004FF07F4292
:10A3B00032EA010108BF40F00200012808BF052071
:10A3C0007047000010B54FF00E402DED028BB0EE3F
:10A3D000408A18EE104A00EB4400B0F1506F4AD8A2
:10A3E0004FF0FC40B0EB440F22D2B0EEC80AF7EEBB
:10A3F000000A30EEC00AF6EE000A60EE208A18EE7F
:10A40000900A00F025FD01EE100A14F0004F1DBF68
:10A41000DFED2D0A9FED2D0AB1EE411ADFED2C0A7A
:10A4200008BF9FED2C0AF8EE001A21EE218A05E004
:10A43000DFED290A68EE088AB0EE600A9FED271A60
:10A44000DFED271A30EE080A48EE811A9FED251A33
:10A4500008EEA11ADFED241A48EE811A9FED231AA7
:10A4600008EEA11A68EE281ABDEC028B01EE810AF3
:10A4700030EE200A10BD4FF0E440B0EB440F0CD991
:10A4800018EE100AFFF78AFF042808BF00F0D8FC76
:10A49000B0EE480ABDEC028B10BD4FF07F40B0EB30
:10A4A000440F07D2B0EE480ABDEC028BBDE8104065
:10A4B00000F0B0BC0120F6F7FEF9BDEC028BBDE860
:10A4C000104000F0ADBC00000000C9BF22AAFDB9D9
:10A4D0000000C93F22AAFD390000000024FE1C3DF7
:10A4E000C78AD83C1E67383D1B93993DAFAA2A3EC8
:10A4F00070B54FF068422DED048BF0EE408A18EEF7
:10A50000900AB0EE608A18EE101A02EB4003B3F125
:10A51000654F3CBF02EB4102B2F1654F7DD200BFF7
:10A52000C0F3C753C1F3C7529A1A1B2A09DD10F0B2
:10A53000004F14BF9FED830A9FED830ABDEC048B8F
:10A5400070BD12F11A0F36DA11F0004F09D010F079
:10A55000004F0CBF9FED7D0A9FED7D0ABDEC048B83
:10A5600070BD88EE889A19EE100AFFF717FF0428CD
:10A5700008BF00F065FC18EE900AFFF70FFF0546D4
:10A5800018EE100AFFF70AFF044619EE100AFFF74B
:10A5900005FF042D18BF052D08D1042C18BF052C6C
:10A5A00004D1002804BF0220F6F785F9B0EE490A6D
:10A5B000BDEC048B70BD4200B2EB410F3AD910F0F4
:10A5C000004F19BFDFED630A9FED630ADFED630AF9
:10A5D0009FED630AB0EE481A0A46B1EE688A80F031
:10A5E0000041F0EE418A10460A1A5200B2F1807F13
:10A5F00034D2484010F0004FDFED5A1A9FED5A2A2E
:10A600001DBFBEEE001A70EEE10A30EE420AB6EE51
:10A61000001A08BF70EEA10A00E040E008BF30EE6B
:10A62000020AB0EE682A01EE482A08EE818AC2EEDC
:10A63000081A15E011F0004F04BF9FED4C0AF0EE30
:10A64000400AD1D010F0004F19BFDFED490A9FED4D
:10A65000490ADFED490A9FED490AC5E7C8EE881AA5
:10A6600021EEA11A9FED462ADFED462A41EE022A8D
:10A670009FED452A01EE222ADFED442A41EE022A0F
:10A680009FED432ABDEC048B01EE222A21EE811AB4
:10A6900001EE020A30EE210A30EE200A70BD4FF0C2
:10A6A0007F42B2EB400F28BFB2EB410F09D2F0EE70
:10A6B000480AB0EE680ABDEC048BBDE8704000F0BB
:10A6C000ACBB40EA01035B0008BF41F0FF410BD087
:10A6D000B2EB400F08BFB2EB410F08D120F0804031
:10A6E00008EE900A21F0804108EE101A18E7B2EB4C
:10A6F000400F12BF5FEA410340F0FF4001F000410C
:10A700003FF40EAFB2EB410F12BF5FEA400200F020
:10A71000004041F0FF413FF403AF4A0092EA40039A
:10A720003FF5FEAE002AACBF9FED1A0A9FED1A0A54
:10A7300068EE808A28EE008A18EE900A18EE101A49
:10A74000EEE60000DB0FC9BFDB0FC93FDB0F49405E
:10A75000DB0F49C00000C9BF22AAFDB90000C93FF4
:10A7600022AAFD390060ED3EC30ACE37000000008A
:10A77000000049C022AA7DBA0000494022AA7D3AC1
:10A780002DAD65BD8FB8D53D0FB511BE61C84C3E2E
:10A79000A8AAAABE0000804F0000802F10B510EEBE
:10A7A000100A2DED068BB7EE001A10EE901AB0EEDF
:10A7B000418A0022A0F5000CDFEDFE9A4FF00073F5
:10A7C000BCF1FE4F4FF07F4403EB410C80F0B481AD
:10A7D000BCF1804FC0F02082F74901449FEDF73A69
:10A7E000B1F5005F40F2D48200F58021CB0C03F07C
:10A7F0000F0101EE901AC3F307137F3BA0EBC35088
:10A80000B8EEE12A00EE100A1A44DFEDED2AF0EE70
:10A81000411A42EE221AF0EE613A70EE232A30EE2F
:10A82000632A12EE900A00F500606FF30B0001EE50
:10A83000900A73EEE13A33EE804AC1EE223A22EEFC
:10A84000230A10EE100A00F500606FF30B0000EE13
:10A85000100A00EE612A00EE442A62EE232A70EE0E
:10A86000221A21EEA12ADFEDD73A02EE233A23EE97
:10A87000023A20EE012A22EE811A03EE211A32EE6C
:10A88000010A10EE100A00F500606FF30B0000EEF5
:10A89000100A72EE401A31EE812A9FEDCB1A60EE5B
:10A8A000011A9FEDCA1A20EE011A9FEDC90A02EEA5
:10A8B000001A31EE810A10EE100A00F500606FF305
:10A8C0000B0000EE100AC34871EEC01A31EE812A67
:10A8D000784400EBC10090ED003AD0ED011A100170
:10A8E00001EE100AF8EEC12A32EE211A31EE001AFA
:10A8F00031EE031A31EE221A11EE100A00F5006053
:10A900006FF30B0009EE100A39EE621A31EE431AAA
:10A9100031EE400A30EE610A32EE40AA10EE900AA3
:10A92000002100F500606FF30B0008EE900A084666
:10A9300070EEE8AA4FF0000029EE280A00F00C01A2
:10A94000F0EEC00A10EE900AB0F18B4F0DDD10EE64
:10A95000900AB4EB400F08D310EE100A4FF08B4270
:10A9600062F31E0008EE900A13E069EE2A0A38EE40
:10A97000AA1A4AEE010A30EE201A11EE100A00F56A
:10A9800000606FF30B0008EE900A30EE680A70EE7C
:10A99000209A0C204FF0000038EEA90AB5EEC00A4C
:10A9A000F1EE10FA34BFFEEE000AF6EE000A30EEC9
:10A9B000800ABDEEC00A10EE100A011100EE101A56
:10A9C000F8EEC00A00EE100AB8EEC00A38EEC00A6F
:10A9D00030EE290ADFED801A9FED801A00EE211A71
:10A9E000DFED7F1A7F4900F00F0040EE011A21EEE3
:10A9F000800A794401EB800191ED001A7A4979448B
:10AA000001EB8001D1ED001A784901EE801A7944FA
:10AA100001EB8000764990ED000A31EE001AB0EEAD
:10AA2000E00A10EE100A884215DA10EE100AB4EBB4
:10AA3000400F10D39FED6F0A30EE800ADFED6E0AF3
:10AA400020EE200A68EE010ABDEC068BBCEEC00ABF
:10AA500020EE200A10BD10EE100A6849884243DA41
:10AA600010EE100AB4EB400F3ED3BDEEE00A68EEE4
:10AA7000010A10EE100A00EBD0725110C90501F165
:10AA80007E5100EE101AA0EB6200C00560EE200AB5
:10AA900000F17E5000EE100A60EE808A18EE900AF7
:10AAA000B4EB400F0FD10220F5F705FF00F0C0F91D
:10AAB00010EE101A18EE100ABDEC068B61F31E00A2
:10AAC00000EE100A10BD18EE900A400011D018EEEA
:10AAD000900AFFF763FC042808BF00F0B1F9B0EE5C
:10AAE000680ABDEC068B10BDF5EEC00AF1EE10FA57
:10AAF0000FD20220F5F7DFFE00F0A2F910EE101AD7
:10AB000018EE100ABDEC068B61F31E0000EE100A71
:10AB100010BD0220F5F7CFFE00F08AF910EE101AF2
:10AB2000B0EE480A10EE100ABDEC068B61F31E0071
:10AB300000EE100A10BD00BFBCF1804F6CD300BF07
:10AB400000F1FF43B3F1FE4F24D200BFB0EEC00AC4
:10AB500010EE100AC1F3C7537F2B0DDB972BBFF606
:10AB60003BAEC3F196034FF0010C0CFA03F3A3F1D3
:10AB7000010C1CEA010F08D00120F5F79CFEBDEC8A
:10AB8000068BBDE8104000F04BB90B4218BFBFEE7A
:10AB9000008A21E643001CBF4FF08073B3EB400FE7
:10ABA00034D96FF01A02DFED161A20EE210A10EEEA
:10ABB000100A27E000000000001080C0ABAAAA3EE7
:10ABC0000000803D7EE24C3E00B03842D49AB8BBD3
:10ABD0003BAA384204060000FC596337C9FF753AA6
:10ABE0001872313DA2050000D605000046050000A0
:10ABF0000000FC420000FE420000004B0000404309
:10AC00000000004D10F0004FA0D1E5E5A0F50003D5
:10AC1000B3F1FE4F21D2DFE503EB4103B3F1007F37
:10AC200011D3F5EEC00AF1EE10FA05D1430018BFBA
:10AC3000B4EB400F76D883E701F0004141F0FC51BE
:10AC400000EE901A7CE7B3F1807F06D210EE903AC6
:10AC5000A3F5000300EE903A72E720F000426FF097
:10AC6000FF4C604C02EB0C03A34210D321F00043D5
:10AC70009C44A4450BD3B0F17E5F18BF5FEA410C42
:10AC800050D0B2F1FF4F98BFB3F1FF4F05D9BDECE3
:10AC9000068BBDE8104000F0C0B8B0F1FF4F0FD0F8
:10ACA000C1F3C7527F2A09DB972A11DAC2F1960253
:10ACB000012303FA02F2531E0B4205D0002208E0E2
:10ACC00011F0004F55D128E00A4218BF012200D1EF
:10ACD000022210F5000F13D028B3B0F1004F26D098
:10ACE00010F1814F4FD04FF0FE42B2EB400F94BFB6
:10ACF00001200020012202EBE171884239D10CE0F1
:10AD000011F0004F02D0012A38D032E0012A02BFF0
:10AD10009FED350ABDEC068B10BD9FED340ABDECEE
:10AD2000068B10BD2FE011F0004F0CD121E0B1F1E6
:10AD3000FF4F1ED011F5000F05D011F0004F15D0B8
:10AD40000AB1012A08D00220F5F7B5FDBDEC068B4B
:10AD5000BDE8104000F054B80220F5F7ACFD00F05B
:10AD60004FF8BDEC068BB1EE400A10BD0AB1012AC6
:10AD700004D0B0EE690ABDEC068B10BDBDEC068BAD
:10AD80009FED1B0A10BDBDEC068BB7EE000A10BD8F
:10AD900030EE410AB5EE001A9FED172A00EE413A57
:10ADA000B6EE001A60EE001A00EE431A61EEC11A08
:10ADB0009FED101A20EE011A20EE020A9FED0F2AD5
:10ADC00001EE820A71EE001A11EE900A00F50060A1
:10ADD0006FF30B0009EE100A31EE491A31EE00AAAA
:10ADE0009CE50000FFFF3F00000080FF0000807F27
:10ADF0000000008000B0B841D49A38BB3BAAB841EB
:10AE0000DFED030AB7EE001A81EE200A704700005A
:10AE10000000000030EE000A704730EE200A704754
:10AE2000DFED020A80EEA00A70470000000000007B
:10AE30009FED020A20EE000A70470000000000703B
:10AE40009FED020A20EE000A70470000000000108B
:10AE500010B500EE100A2DED028BB1EEC08A18EE8F
:10AE6000100A20F00040C0F1FF40C00F0AD010EEE1
:10AE7000100A20F00040C0F1FF40C00F04BF0120C5
:10AE8000F5F719FD18EE100ABDEC028B10BD00009D
:10AE900010B500290AD00878002807D00548784462
:10AEA000F5F7C2FC002801D0002010BD024878440C
:10AEB00010BD0000860A00007E0A0000F1EE100AB4
:10AEC0004FF6FF71C0F2C03120EA010040F040703F
:10AED000E1EE100A704700000000000000000000D2
:10AEE0000000B33FB2BE7D3A00002E40DFCF5138A4
:10AEF00000007E40BF51FABA00E0A44019DAC3BA9C
:10AF000000E0C840C2ED8AB90040EB40CD1F2CBA2A
:10AF1000001006412AFFFABA00C01541DFCFD13731
:10AF200000D024419A97703A0050334189478E36B9
:10AF300000404141E75B9D3800B04E41C00A98B9DE
:10AF400000A05B41558F943A00306841DA92C0BA54
:10AF50000040744162B3C63A0000803F00A0853FC4
:10AF600000908B3F00C0913F0030983F00F09E3F23
:10AF700000F0A53F0050AD3F0000B53F0000BD3FD1
:10AF80000060C53F0020CE3F0040D73F00C0E03FFB
:10AF900000C0EA3F0020F53F000000007D36AC39DC
:10AFA0007D3C3839EBDCF438320A7E39124C2639D4
:10AFB0009B6AED39A4EE83397F661E39F6398A39EA
:10AFC0002B426539A48211395B991F39C3EECD3903
:10AFD000DDE7C637A5A22F390000803FC3AA853F11
:10AFE000C2958B3FD3C3913FF037983F32F59E3FD8
:10AFF000D7FEA53F3F58AD3FF304B53FA408BD3F82
:10B000002A67C53F8C24CE3FFD44D73FDFCCE03FCD
:10B01000C7C0EA3F7D25F53F34000000380000003E
:10B020003C00000040000000580000000004081030
:10B030002040010408102040000000000102030429
:10B0400001020304060708090000000000000000D8
:10B05000002F000000000700070000147F147F1479
:10B0600000242A7F2A1200231308646200364955FF
:10B07000225000000007000000001C2241000000D8
:10B0800041221C000014083E08140008083E08086D
:10B09000000000A0600000080808080800006060C8
:10B0A0000000002010080402003E5149453E000007
:10B0B000427F4000004261514946002141454B31E9
:10B0C000001814127F10002745454539003C4A49B5
:10B0D0004930000171090503003649494936000627
:10B0E0004949291E0000363600000000563600008F
:10B0F000000814224100001414141414000041220A
:10B100001408000201510906003E4955592E007CE1
:10B110001211127C007F49494936003E41414122CB
:10B12000007F4141221C007F49494941007F0909B4
:10B130000901003E4149497A007F0808087F000064
:10B14000417F4100002040413F01007F081422411F
:10B15000007F40404040007F020C027F007F0408D7
:10B16000107F003E4141413E007F09090906003E33
:10B170004151215E007F091929460046494949315C
:10B180000001017F0101003F4040403F001F20407F
:10B19000201F003F4038403F00631408146300073D
:10B1A0000870080700615149454300007F41410094
:10B1B000000204081020000041417F000004020149
:10B1C0000204004040404040000001020400002012
:10B1D00054545478007F4844443800384444442050
:10B1E00000384444487F00385454541800087E09FD
:10B1F00001020018A4A4A47C007F080404780000C5
:10B20000447D4000004080847D00007F1028440081
:10B210000000417F4000007C04180478007C080492
:10B22000047800384444443800FC242424180018CE
:10B23000242418FC007C08040408004854545420BA
:10B2400000043F444020003C4040207C001C204043
:10B25000201C003C4030403C004428102844001C86
:10B26000A0A0A07C004464544C440000087F41002E
:10B270000000007F00000000417F08000008040873
:10B2800010080000000000000000000000000000A6
:10B290000000000000F80000000000000033300053
:10B2A000000000160E00160E000000000000000056
:10B2B000000040C07840C0784000043F04043F04D0
:10B2C0000400007088FC08300000001820FF211ED8
:10B2D0000000F008F000E018000000211C031E210F
:10B2E0001E0000F00888700000001E21232419278A
:10B2F0002110000000160E000000000000000000F9
:10B300000000000000E01804020000000007182000
:10B31000400000020418E000000000402018070070
:10B320000000404080F0804040000202010F010216
:10B330000200000000F0000000000101011F0101F7
:10B340000100000000000000000000B070000000DC
:10B3500000000000000000000000000101010101E8
:10B36000010100000000000000000030300000007B
:10B370000000000000008060180400601806010052
:10B38000000000E010080810E000000F102020105E
:10B390000F00001010F8000000000020203F2020C7
:10B3A000000000700808088870000030282422215E
:10B3B0003000003008888848300000182020201114
:10B3C0000E000000C02010F8000000070424243FF5
:10B3D000240000F80888880808000019212020119E
:10B3E0000E0000E0108888180000000F11202011C6
:10B3F0000E0000380808C83808000000003F0000B0
:10B4000000000070880808887000001C222121229A
:10B410001C0000E010080810E0000000312222119A
:10B420000F00000000C0C00000000000003030002D
:10B430000000000000C0C0000000000080B07000EC
:10B4400000000000804020100800000102040810E5
:10B4500020004040404040404000040404040404F4
:10B4600004000008102040800000002010080402A2
:10B470000100007048080808F000000000303601A4
:10B480000000C030C828E810E00007182724231463
:10B490000B000000C038E0000000203C230202271F
:10B4A000382008F8888888700000203F202020116C
:10B4B0000E00C030080808083800071820202010A7
:10B4C000080008F808080810E000203F202020109D
:10B4D0000F0008F88888E8081000203F202023206B
:10B4E000180008F88888E8081000203F20000300B2
:10B4F0000000C03008080838000007182020221E6D
:10B50000020008F808000008F808203F2101012186
:10B510003F20000808F8080800000020203F2020F5
:10B52000000000000808F8080800C08080807F0044
:10B53000000008F888C028180800203F200126389D
:10B54000200008F8080000000000203F20202020F4
:10B55000300008F8F800F8F80800203F003F003FEE
:10B56000200008F830C00008F808203F2000071825
:10B570003F00E01008080810E0000F102020201005
:10B580000F0008F808080808F000203F2101010119
:10B590000000E01008080810E0000F1824243850BC
:10B5A0004F0008F8888888887000203F2000030C2E
:10B5B0003020007088080808380000382021212237
:10B5C0001C00180808F8080818000000203F200098
:10B5D000000008F808000008F808001F20202020BC
:10B5E0001F000878880000C83808000007380E01DE
:10B5F0000000F80800F80008F800033C0700073CCA
:10B600000300081868808068180820302C03032C79
:10B6100030200838C800C83808000000203F20004B
:10B62000000010080808C83808002038262120200B
:10B630001800000000FE020202000000007F4040EF
:10B640004000000C30C0000000000000000106387F
:10B65000C00000020202FE000000004040407F00E7
:10B660000000002010080408102000000000000066
:10B6700000000000000000000000808080808080CA
:10B6800080800002040800000000000000000000AC
:10B690000000000080808080000000192422222207
:10B6A0003F2008F8008080000000003F112020119A
:10B6B0000E000000008080800000000E112020207D
:10B6C0001100000000808088F800000E112020107A
:10B6D0003F200000808080800000001F2222222264
:10B6E0001300008080F0888888180020203F2020E8
:10B6F00000000000808080808000006B9494949310
:10B70000600008F8008080800000203F21000020B9
:10B710003F2000809898000000000020203F20205B
:10B720000000000000809898000000C08080807FAA
:10B73000000008F8000080808000203F24022D30A7
:10B740002000000808F8000000000020203F202012
:10B7500000008080808080808000203F20003F208B
:10B76000003F008080008080000000203F210020FA
:10B770003F200000808080800000001F20202020CB
:10B780001F00808000808000000080FFA120201129
:10B790000E000000008080808000000E112020A09C
:10B7A000FF80808080008080800020203F2120005A
:10B7B0000100000080808080800000332424242445
:10B7C0001900008080E0808000000000001F202021
:10B7D00000008080000000808000001F20202010DA
:10B7E0003F20808080000080808000010E300806AD
:10B7F000010080800080008080800F300C030C30BE
:10B800000F0000808000808080000020312E0E31EB
:10B810002000808080000080808080818E701806EB
:10B82000010000808080808080000021302C222157
:10B83000300000000000807C020200000000003F99
:10B84000404000000000FF00000000000000FF007A
:10B8500000000002027C800000000040403F000029
:10B8600000000080404080000080000000000001D7
:10B870000100010002000400060008000A000C009C
:10B8800010002000400080000001000102030101BF
:10B8900001030701000008040204080101014D6FC3
:10B8A000646531004D6F646532004D6F646533002F
:10B8B0004D6F646534004D6F646535005472697076
:10B8C0006F645F504944004361725F5049440053C4
:10B8D00065745F50494400494D555F416E676C6522
:10B8E00000477261795F43616C6962726174696F6C
:10B8F0006E004D61696E204D656E75002825642CC3
:10B900002564290038BA0008000000246001000006
:10B9100030030008C8BA0008600100243812000093
:10B92000900300081001000043000000F8FFFFFF33
:10B930000040404040404040404041414141414042
:10B9400040404040404040404040404040404040F7
:10B950004005020202020202020202020202020286
:10B96000022020202020202020202002020202028B
:10B9700002029090909090901010101010101010E3
:10B9800010101010101010101010101002020202EF
:10B990000202888888888888080808080808080833
:10B9A000080808080808080808080808020202022F
:10B9B0004000000000000000000000000000000047
:10B9C0000000000000000000000000000000000077
:10B9D0000000000000000000000000000000000067
:10B9E0000000000000000000000000000000000057
:10B9F0000000000000000000000000000000000047
:10BA00000000000000000000000000000000000036
:10BA10000000000000000000000000000000000026
:10BA20000000000000000000000000000000000016
:10BA30000000000000000000320142102C90D003F2
:10BA4000041320011424D7B833080913299FC2080E
:10BA50001AE1182911A91822141B24BC180A11076D
:10BA6000301AC718DA06181A44301ACF189A05186F
:10BA70001A5C141A2C0425CDCCCC3D1808803F0A42
:10BA8000D7233CB6249A04241A7420411AB018DA39
:10BA900003541A981C1AAA18DA02181AB0181AA411
:10BAA0001829E4A9181AC8181A9E1841A9182AE0DA
:10BAB00064AC140258041AF2281AFF01815AF8885B
:08BAC00002270A00000000004B
:04000005080002CD20
:00000001FF
