:020000040800F2
:10000000A8130024E9030008195A0008D14B00087E
:10001000B9540008C10D0008218F0008000000003D
:1000200000000000000000000000000071730008E4
:10003000710F0008000000001971000889740008A1
:100040000304000803040008030400080304000874
:100050000304000803040008030400080304000864
:100060000304000803040008030400080304000854
:100070000304000803040008030400080304000844
:100080000304000803040008030400080304000834
:100090000304000803040008030400080304000824
:1000A0000304000803040008030400080304000814
:1000B000030400083976000803040008030400085C
:1000C00003040008030400080304000803040008F4
:1000D00003040008030400080304000803040008E4
:1000E00003040008030400080000000003040008E3
:1000F00003040008030400080304000803040008C4
:1001000003040008030400080304000803040008B3
:1001100003040008030400080304000803040008A3
:100120000304000803040008030400080304000893
:100130000304000803040008030400080304000883
:1001400000000000000000000000000000000000AF
:100150000304000803040008030400080304000863
:100160000304000803040008030400080304000853
:100170000304000803040008030400080000000052
:100180000304000803040008030400080304000833
:100190000304000803040008030400080304000823
:1001A0000304000803040008030400080000000022
:1001B0000304000803040008030400080304000803
:1001C0000304000803040008000000000000000011
:1001D0000000000000000000030400080000000010
:1001E000000000000000000000000000000000000F
:1001F00000000000000000000304000803040008E1
:1002000003040008030400080000000003040008C1
:10021000097600080304000803040008030400082A
:1002200003040008000000000304000800000000B0
:100230000304000803040008000000000304000891
:100240000304000803040008030400080304000872
:100250000304000803040008030400080304000862
:100260000304000803040008030400080304000852
:100270000304000803040008030400080000000051
:100280000304000803040008030400080304000832
:100290000000000003040008030400080000000040
:1002A000000000000304000803040008D1770008E0
:1002B0000304000803040008030400080304000802
:1002C00003040008197600082976000800F002F8F7
:1002D00000F07BF814A696E8000CB244B344DA456B
:1002E00001D100F072F8BAE80F000FA696E83000CE
:1002F000A5EB040504EB0607AAEB0704A7F1010729
:100300004FEA15154FEA3414A4F10104AC4201D3AD
:1003100000F05BF813F0010F18BFFB1A43F0010364
:1003200000F001F8DBE71847ACB70000CCB70000DD
:100330000A444FF0000C10F8013B13F0070408BF0B
:1003400010F8014B1D1108BF10F8015B641E05D0A9
:1003500010F8016B641E01F8016BF9D113F0080F5E
:100360001EBF10F8014BAD1C0C1B09D16D1E58BFF0
:1003700001F801CBFAD505E014F8016B01F8016B27
:100380006D1EF9D59142D6D370470000704700002A
:100390000023002400250026103A28BF78C1FBD88E
:1003A000520728BF30C148BF0B6070471FB50AF025
:1003B0006DFE00F0F7FC0400002000210AF050FE62
:1003C000401C60601FBD10B510BD00F0BDFC1146A3
:1003D000FFF7ECFF09F044F800F0E8FC03B4FFF786
:1003E000F2FF03BC08F0A0FD094880470948004718
:1003F000FEE7FEE7FEE7FEE7FEE7FEE7FEE7FEE7D5
:10040000FEE7FEE704480549054A064B7047000031
:1004100059750008CD020008A80D0024A813002477
:10042000A80F0024A80F0024704753EA020C00F024
:1004300069802DE9F04B4FF00006002B1FBFB3FA87
:1004400083F503FA05F424FA05F65E4012BF16435D
:10045000B2FA82F502FA05F4C5F120051EBF22FAB0
:1004600005FC44EA0C04203556EA044C4FEA1444D7
:1004700018BF641C4FF000084FF00009904271EB68
:10048000030C39D3002919BFB1FA81F701FA07F635
:10049000B0FA80F700FA07F6C7F120071EBF20FA6E
:1004A00007FC46EA0C062037B6FBF4FCA7EB050771
:1004B000103F07F01F0BCBF120062CFA06F60CFAC2
:1004C0000BFB44BFB3460026202FA4BF5E464FF06F
:1004D000000B5BEA060C08BF4FF0010B19EB0B0990
:1004E00048EB0608ABFB027C06FB02CC0BFB03CC03
:1004F000C01B71EB0C01C1E70B4602464146484662
:10050000BDE8F08B13B5084318BF4FF0FF3001462C
:10051000AFF30080BDE81C40704700000FB400B589
:100520008DB010A9099000910B904FF0FF300A9008
:1005300000200C90064878440690064878446A46A5
:1005400007900F9909A800F0D1F90DB05DF814FBE0
:10055000D3030000EB0300002DE9FF5F1D464FF0C1
:10056000FF3B91464FF000085F46D5E90146A96977
:1005700001987F1C8847296A824688470028F6D15F
:10058000BAF1FF3F0CD0002E24F4C06419DD6006E0
:1005900014D5BAF12B0F09D0BAF12D0F0ED103E00B
:1005A000584604B0BDE8F09F44F48064A9690198FE
:1005B0007F1C8847761E8246002E02DDBAF1300F7E
:1005C00003D0B9F1000F26D032E0A969761E019858
:1005D0007F1C44F400748847002E824605DDBAF182
:1005E000780F06D0BAF1580F03D0B9F1000F10D030
:1005F0001EE0B9F1000F02D0B9F1100F18D1A969AE
:10060000761E01987F1C24F40074884782461020CF
:1006100002E0082000E00A20814609E0A96908FB01
:100620000908761E01987F1C44F4007488478246AE
:10063000002E05DD4946504600F043F90028EDDA6A
:10064000E96901988847A00502D46FF00100A8E786
:10065000E00725D1600613D5600502D5C8F100007A
:1006600000E0404629680A1D2A600968220501D574
:10067000087015E0220701D5088011E008600FE03E
:100680002868011D29600068210502D580F80080D6
:1006900006E0210702D5A0F8008001E0C0F8008044
:1006A00038467EE7401ECAB210F8011F8A4202D0C7
:1006B0000029F9D10020704740EA010370B59B077B
:1006C0002ED14FF00136042A2AD308C810C99D1B29
:1006D0009D43121F15EAC61517D0D8B2E1B2401AD1
:1006E00050EA056110D198B2A1B2401A50EA054112
:1006F0000AD123F07F4024F07F41401A50EA0521BF
:1007000002D1180EA0EB146070BDA342DBD018BA62
:1007100021BA884201D9012070BD4FF0FF3070BD71
:100720000AB9002070BD10F8013B11F8014B63B10C
:10073000A3420AD1521E08D010F8013B11F8014B18
:100740001BB1A34201D1521EEDD1181B70BD032A6B
:1007500040F2308010F0030C00F0158011F8013BDE
:10076000BCF1020F624498BF11F801CB00F8013BC5
:1007700038BF11F8013BA2F1040298BF00F801CB89
:1007800038BF00F8013B11F0030300F0DF80083AA6
:10079000C0F0088051F8043B083A51F804CBA0E8B7
:1007A0000810F5E7121D5CBF51F8043B40F8043B0C
:1007B000AFF30080D20724BF11F8013B11F801CB41
:1007C00048BF11F8012B24BF00F8013B00F801CB12
:1007D00048BF00F8012B70474FF0000200B51346E8
:1007E00094469646203922BFA0E80C50A0E80C5051
:1007F000B1F12001BFF4F7AF090728BFA0E80C5002
:1008000048BF0CC05DF804EB890028BF40F8042BFA
:1008100008BF704748BF20F8022B11F0804F18BF67
:1008200000F8012B7047000030B44FF0013C50F845
:10083000042BCCFA52F451F8043BD51A20D1FCB960
:1008400050F8042BCCFA52F451F8043BD51A17D1C6
:10085000B4B950F8042BCCFA52F451F8043BD51A31
:100860000ED16CB950F8042BCCFA52F451F8043B79
:10087000D51A05D1002CDAD030BC4FF000007047FB
:1008800029BAB1FA81F111F01801D1F120008440A8
:10089000F2D1CA40CB4012F0FF0213F0FF0330BC8C
:1008A000D01A7047704770477047704710B500F016
:1008B0007FF8006810BD10B5044600F079F80460B8
:1008C00010BD3A2800D2303820F02002412A01D34E
:1008D000A2F13700884201D34FF0FF30704700008B
:1008E000026811441378016018467047D1600549C9
:1008F0007944516104497944116200211161114622
:1009000000F064B8EDFFFFFFBF000000426842B195
:10091000016811F8013B23B1521EC0E900121846CC
:1009200070470121C160881E704742685AB1C36890
:10093000016843B983688B4205D0491E521CC0E947
:100940000012002070474FF0FF30704710B5203A7A
:10095000C0F00B80B1E81850A0E81850B1E818506A
:10096000A0E81850203ABFF4F5AF5FEA027C24BF3C
:10097000B1E81850A0E8185044BF18C918C0BDE825
:1009800010405FEA827C24BF51F8043B40F8043BEE
:1009900008BF7047D20728BF31F8023B48BF11F8A3
:1009A000012B28BF20F8023B48BF00F8012B7047FD
:1009B000004870476001002410B5044600F0EAF9D1
:1009C0000068005D00F0010010BD00002DE9F34F4C
:1009D0004FF0000A0C4656468DB001200C9001F1F4
:1009E0000C000B9062690B9801219047051E2DD0D9
:1009F000252D2CD0216A8847C0B162690B9801214E
:100A00009047216A88470028F7D16269411E0B98F8
:100A1000904700E0761CA1690D988847216A8847B5
:100A20000028F7D1E1690D988847DBE7A1690D98A7
:100A30008847A842074601D1761CD3E7E1690D98A3
:100A400088477F1C02D1BAF1000F6FD06BE1626959
:100A50000B9800273D46394690472A2804D1626901
:100A60000B98012190470125DFF8D08262690B982D
:100A700001219047A0F130010A290AD24745E5DC5F
:100A800007EB870100EB4107303FDFD445F010054D
:100A9000ECE7E90601D46FF000476C280AD04C2837
:100AA00014D0682815D06A280DD074281CD07A2854
:100AB0001AD01DE062690B98012190476C2802D082
:100AC00045F0040514E045F002050DE045F0200571
:100AD0000AE062690B9801219047682802D045F02E
:100AE000080505E045F4006562690B98012190470F
:100AF000C4E9015765283DD019DC58287AD00CDCB0
:100B0000452837D004DC252826D041289ED131E065
:100B100046282FD0472899D12CE05B2877D0612830
:100B200028D063287CD0642823D15AE0F6E06F28CF
:100B300048D008DC66281DD067281BD0692821D042
:100B40006E2816D127E0702845D0732868D0752804
:100B500047D078280DD14DE0A1690D988847252808
:100B600005463FF469AFE1690D9888476D1C3FF475
:100B70006AAFD8E00D9923466A466FF00100AFF3E3
:100B80000080C5E045F0400023464FF00002606061
:100B9000A80736D43EE0E8077FF447AF2068011D80
:100BA00021600068290501D506701BE7290701D5DA
:100BB000068017E7A90703D5F117C0E9006111E71F
:100BC00006600FE745F0400023464FF008026060E2
:100BD000A80716D41EE040F60E0125EA0100606069
:100BE00016E045F0400023464FF00A026060A80777
:100BF00007D40FE045F040006060A80708D5234601
:100C000010220D996FF00100AFF3008080E007E043
:100C1000102223460D996FF00100FFF79DFC77E04D
:100C20004FF0000963284F46C8464B46CB4602D0DA
:100C30005B2806D038E0E80601D40120A060012737
:100C400032E06269D4F80CB00B98012190475E281D
:100C500007D14FF0010949466269D4F80CB00B98EE
:100C60009047216939B900210A4603AB43F8212096
:100C7000491C0829FADBD8B3216949B308F10108F6
:100C800062690B98012190475D28F4D1B9F1000FFA
:100C900009D0002003A951F82020D24341F8202098
:100CA000401C0828F7DB03AB2069002820794FEAB5
:100CB00040701ED05B462246CDF80080CDE90197FA
:100CC0000D9900286FF0010020DAAFF300801FE0DB
:100CD000C11703AA00EBD1614B1121F01F0102EBF8
:100CE0008302411A13680120884003431360C7E759
:100CF00019E00D99224600286FF00100009702DAF2
:100D0000AFF3008004E0AFF3008001E0AFF30080B8
:100D100000280ADA401C06D10C9820B14FF0FF30B1
:100D20000FB0BDE8F08F5046FAE7E90701D10AF1AC
:100D3000010A064400200C9054E60000CCCCCC0CF8
:100D400000487047600100247546FFF7F9FFAE4682
:100D500005006946534620F00700854618B020B5C7
:100D6000FFF750FBBDE820404FF000064FF00007B2
:100D70004FF000084FF0000BAC46ACE8C009ACE8FF
:100D8000C009ACE8C009ACE8C00921F007018D46F4
:100D90007047000010B500F005F8001D10BD00BF41
:100DA000C1A20000004870478001002410B504462D
:100DB000AFF300802046BDE81040FFF70FBB0000F6
:100DC000FEE700000000000070B52DED048B0D461D
:100DD000002948BF4D420446012D05D8002020605F
:100DE000BDEC048B70BD00BFE26A954216D9A06AC3
:100DF000854217D92A1AC0F5C87000EE102A01EEF4
:100E0000100AB8EE400AB8EE411A80EE010AB0EEC0
:100E1000001AB1EEC00AA0EE011A1BE0B6EE001AED
:100E200018E000BFAB1A801A00EE103A01EE100A6B
:100E3000F0EE080A0E46B8EE400AB8EE411A80EE0F
:100E4000010A09F093FDB7EE082AB6EE001A314602
:100E5000A0EE021A00EE101A9FED342AB7EE088AAF
:100E6000B8EE084A9FED323AB8EEC00A9FED319ACB
:100E700021EE000A20EE020ABDEEC00A10EE100AB2
:100E800000EE105AC828B8EE400AA8BFC82084ED6A
:100E9000091A81EE041A10F1C80F80EE030AD8BFB8
:100EA0006FF0C70071EE080A206094ED022AB8EED8
:100EB000422AA2EE089AB7EE002A80FE420A09F002
:100EC00055FD9FED1D1A42F21070A9EE001ABCEEFE
:100ED000C10A10EE101A81420DD394ED021AB8EE39
:100EE000400AB8EE411A21EE081A81FE400ABCEE13
:100EF000C00A10EE100A606040F20800C2F2004022
:100F0000016862682069B1FBF2F103680139D962B6
:100F1000C1600121E17702F01BFBD4E90401BDECC3
:100F2000048BBDE8704002F0F7BF00BF9A99993F6B
:100F300000008C4300401CC600401C46000000001E
:100F40004EF6FC50CEF20000016841F08071016065
:100F500041F200000021CEF200004160016841F042
:100F6000010101604068B0FA80F04009704700005C
:100F7000704700000000000041F6802241F20401A9
:100F8000C0F20602CEF2000150430A680B689B1AB9
:100F900083420BD20B689B1A83423EBF0B689B1A9D
:100FA000834203D20B689B1A8342EFD37047000041
:100FB00041F204014FF4C872CEF2000150430A68B6
:100FC0000B689B1A83420BD20B689B1A83423EBF6D
:100FD0000B689B1A834203D20B689B1A8342EFD3A0
:100FE0007047000000000000EFF3108072B600BFF1
:100FF000FEE70000000000002DE9F041044600F08B
:10100000CFFC1CB3054694F83500022822D140F2EB
:101010000F472668C4F2020740F26F48BE426FF0E5
:101020000E00C4F202081DDC6F21C4F202018E42E0
:101030002ADC3F21C4F202018E4241DC1021C4F2BD
:1010400002018E4263D028215CE000BF0120BDE890
:10105000F08100BF802060650120002184F83410F9
:10106000BDE8F08146451BDC40F23F41C4F202017D
:101070008E422DDC40F21041C4F202018E4246D075
:1010800040F228413EE000BF9F21C4F202018E429F
:1010900028DC7021C4F202018E4238D0882131E070
:1010A00040F29F41C4F202018E4223DC40F27041C3
:1010B000C4F202018E422AD040F2884122E000BFF1
:1010C0004021C4F202018E4221D058211AE000BF13
:1010D00040F24041C4F202018E4218D040F2584121
:1010E00010E000BFA021C4F202018E420FD0B8214F
:1010F00008E000BF40F2B841C4F202018E4206D0BF
:1011000040F2A041C4F202018E42314607D131467D
:10111000306820F01E0041F8140B6FF080000A6860
:10112000464500EA020008601ADC9F20C4F2020073
:10113000864233DC5720C4F2020086425ADC10207B
:10114000C4F20200864200F097802820C4F2020018
:10115000864200F091804020C4F202008AE000BF85
:1011600045F22F40C5F6020086422DDC40F2B74022
:10117000C4F2020086424BDC40F27040C4F202002E
:10118000864279D040F28840C4F20200864273D091
:1011900040F2A040C4F202006CE000BF40F22740E1
:1011A000C4F20200864243DCA020C4F20200864260
:1011B00062D0B820C4F2020086425DD040F21040F6
:1011C000C4F2020056E000BF45F26B40C5F60200D3
:1011D00086423FDC45F23040C5F6020086424BD0E5
:1011E00045F24440C5F60200864245D045F25840DB
:1011F0003EE000BF5820C4F2020086423CD070207E
:10120000C4F20200864237D08820C4F2020031E0E6
:1012100040F2B840C4F2020086422DD045F20840A8
:10122000C5F60200864227D045F21C4020E000BFF0
:1012300040F22840C4F2020086421DD040F24040F5
:10124000C4F20200864217D040F25840C4F20200B5
:1012500010E000BF45F26C40C5F6020086420BD09C
:1012600045F29440C5F60200864205D045F2804022
:10127000C5F60200864204D1206E016821F4807117
:101280000160306820F00100306000BF3068C007A6
:1012900010D000F085FB401B0628F7D320206065A6
:1012A000032084F835000120002184F83410BDE8C3
:1012B000F08100BF20680821B8424FF03F0211DCE6
:1012C0006F23C4F2020398421EDC3F23C4F20203E0
:1012D000984235DC1023C4F20203984257D02823E9
:1012E00050E000BF40451BDC40F23F43C4F2020324
:1012F00098422DDC40F21043C4F20203984246D0DB
:1013000040F228433EE000BF9F23C4F2020398420C
:1013100028DC7023C4F20203984238D0882331E0DD
:1013200040F29F43C4F20203984223DC40F2704330
:10133000C4F2020398422AD040F2884322E000BF60
:101340004023C4F20203984221D058231AE000BF80
:1013500040F24043C4F20203984218D040F258438E
:1013600010E000BFA023C4F2020398420FD0B823BC
:1013700008E000BF40F2A043C4F20203984206D046
:1013800040F2B843C4F20203984240F0C580D4E969
:10139000163707F01F07404502FA07F25A5019DCCA
:1013A0009F21C4F20201884232DC5721C4F20201BB
:1013B000884259DC1021C4F20201884200F0968074
:1013C0002821C4F20201884200F090804021C4F23A
:1013D000020189E045F22F41C5F6020188422DDC69
:1013E00040F2B741C4F2020188424BDC40F2704146
:1013F000C4F20201884279D040F28841C4F202016D
:10140000884273D040F2A041C4F202016CE000BFF8
:1014100040F22741C4F20201884243DCA021C4F219
:101420000201884262D0B821C4F2020188425DD034
:1014300040F21041C4F2020156E000BF45F26B4198
:10144000C5F6020188423FDC45F23041C5F6020193
:1014500088424BD045F24441C5F60201884245D04E
:1014600045F258413EE000BF5821C4F202018842D3
:101470003CD07021C4F20201884237D08821C4F2E6
:10148000020131E040F2B841C4F2020188422DD09D
:1014900045F20841C5F60201884227D045F21C41B9
:1014A00020E000BF40F22841C4F2020188421DD072
:1014B00040F24041C4F20201884217D040F2584144
:1014C000C4F2020110E000BF45F26C41C5F6020112
:1014D00088420BD045F29441C5F60201884205D0FE
:1014E00045F28041C5F6020188420BD1616EA26EC1
:1014F000E06E4A6030B1016821F480710160D4E986
:101500001C014160012084F835000020002184F88E
:101510003410BDE8F08100BF0421012237E700004C
:10152000F0B190F83510022918D180B540F20F4281
:101530000168C4F20202914214DC6F23C4F2020378
:10154000994225DC3F23C4F2020399423CDC10237C
:10155000C4F2020399425DD0282357E080214165FF
:101560000120704740F26F43C4F2020399421BDC32
:1015700040F23F43C4F2020399422DDC40F2104393
:10158000C4F20203994245D040F228433EE000BF36
:101590009F23C4F20203994228DC7023C4F20203A1
:1015A000994237D0882331E040F29F43C4F20203CE
:1015B000994223DC40F27043C4F20203994229D0DD
:1015C00040F2884322E000BF4023C4F20203994264
:1015D00020D058231AE000BF40F24043C4F2020377
:1015E000994217D040F2584310E000BFA023C4F244
:1015F000020399420ED0B82308E000BF40F2B8437E
:10160000C4F20203994205D040F2A043C4F202039F
:10161000994275D191424FF0040280F8352011DCD7
:101620006F20C4F20200814222DC3F20C4F202009B
:10163000814239DC1020C4F20200814259D02820B6
:1016400054E000BF40F26F40C4F2020081421BDC54
:1016500040F23F40C4F2020081422DDC40F21040D3
:10166000C4F20200814244D040F228403EE000BF74
:101670009F20C4F20200814228DC7020C4F20200E4
:10168000814236D0882031E040F29F40C4F202000F
:10169000814223DC40F27040C4F20200814228D033
:1016A00040F2884022E000BF4020C4F202008142A4
:1016B0001FD058201AE000BF40F24040C4F20200A0
:1016C000814216D040F2584010E000BFA020C4F282
:1016D000020081420DD0B82008E000BF40F2B840BF
:1016E000C4F20200814204D040F2A040C4F20200E1
:1016F0008142086820F001000860002080BD00BF22
:101700000A6822F00E020A6045F25742C5F602024C
:1017100091420A6822F001020A600FDC45F22F4272
:10172000C5F60202914219DC45F20842C5F60202F2
:10173000914229D045F21C4222E000BF45F27F428F
:10174000C5F60202914213DC45F25842C5F6020288
:10175000914219D045F26C4212E000BF45F230428E
:10176000C5F6020291420FD045F2444208E000BFA4
:1017700045F29442C5F60202914205D045F28042FC
:10178000C5F6020291421AD1D0E9181CD0E916E33D
:101790000A6822F480720A6003F01F01012202FA33
:1017A00001F1CEF80410816ECCF80410C16E31B195
:1017B0000A6822F480720A60D0E91C124A60012192
:1017C00080F83510016D0022002980F8342094D073
:1017D0008847002080BD00002DE9F04F83B00F68DE
:1017E000002F00F0C98000F1264642F2004506F1C4
:1017F000FF76C5F602050A22A8424FEAB62540F256
:10180000040C08BF092200F120030093082DC5F63F
:10181000000C38BF4FEAB622002400264FF0000823
:1018200001920AE008F101080F6837FA08F206F1A0
:10183000020604F1040400F09F80012202FA08FE6F
:1018400017EA0E09EED0D1F804B003220BF003071B
:10185000B2407D1E6FEA020A012D11D88268CD6860
:1018600002EA0A02B5402A438260CBF300154268BF
:1018700022EA0E0205FA08F52A43426004E000BF9E
:10188000032F01D103271FE0C2688D6802EA0A0214
:10189000B540022F42EA0502C26015D16FF0030283
:1018A00004F01C0502EA580B009A0F2352F80BE0D3
:1018B000AB400F692EEA0303AF403B4342F80B30C5
:1018C000D1F804B00BF00307026807FA06F302EA46
:1018D0000A021BF4403F42EA03020260A2D044F233
:1018E000F44340F2084EC5F60203C5F6000E0F257C
:1018F0001A6842F002021A601A6802F002020292AA
:1019000028F00302029B04F00C0352F80E709D4075
:10191000AF43019D05FA03F33B4342F80E304FF00D
:10192000B04EDEF800204B6842EA0907DD0258BFDE
:1019300022EA09079D02CEF80070DCF8002042EA96
:10194000090758BF22EA09079D03CCF80070DCF8AC
:10195000802042EA090758BF22EA0907DB03CCF8D6
:101960008070DCF87C2042EA090758BF22EA0907A8
:10197000CCF87C7056E700BF03B0BDE8F08F0000E4
:101980000069084018BF01207047000000000000F7
:10199000002A08BF090481617047000000000000B0
:1019A00040F6A050C2F200400068704700000000FE
:1019B00040F2000040F6A051C2F20040C2F20041E5
:1019C00000780A68104408607047000000000000BA
:1019D00080B5032000F0ACF801F012F944F2184190
:1019E0004BF20823C5F60201C0F600030A68C2F3F1
:1019F00003229A5C096801F00F0102F01F02595C92
:101A0000D04040F20C02C2F2004201F01F0120FA65
:101A100001F1116040F20801C2F2004108600F209C
:101A200000F00AF800281CBF012080BD00F02CF84F
:101A3000002080BD00000000B0B540F20005C2F2F9
:101A400000452978F1B1044640F20800C2F2004096
:101A50004FF47A72B2FBF1F10068B0FBF1F001F0E3
:101A6000F7FB0F2C01464FF001000AD8002918BFE0
:101A7000B0BD4FF0FF300022214600F029F80020D1
:101A80006C60B0BD0120B0BD81B044F2F440C5F639
:101A90000200016841F002010160006800F00200EC
:101AA0000090009801B07047002848BF704700F0D0
:101AB0001F01012202FA01F14EF20012C0F34A1096
:101AC000CEF2000242F82010704700000000000033
:101AD00070B54EF60C5C4FF0FF36CEF2000C00F104
:101AE000604505F56445DCF80030C3F3022E8EF046
:101AF0000703042B28BF0423BEF1030406FA03F3F3
:101B000021EA030100F00F0338BF0024043B002842
:101B1000634406FA04F048BF03F10C05A14022EA31
:101B2000000008430001287070BD000000000000A4
:101B30004EF60C514FF6FF03CEF200010A681A4030
:101B400060F30A2242F0806040F0FD700860704748
:101B5000B0B544F60C05C5F60205296849072968A1
:101B600006D401F00701081A18BF0120B0BD00BF5C
:101B700021F0070108432860FFF712FF044600BF69
:101B800055F8080C800407D4FFF70AFF001BB0F5D6
:101B90007A7FF5D90120B0BD0020B0BD0000000063
:101BA00080B500F0A5FF44F220414BF20822C5F6B3
:101BB0000201C0F600020968C1F30211515C01F094
:101BC0001F01C84080BD000080B544F2384EC5F604
:101BD000020E5EF8103C5EF8101C5EF80C2CC1F38F
:101BE000053CDEF80410BCF1000F19D0C9089FEDC8
:101BF0003C1AD20601EAE27103F003026FF35F318F
:101C000000EE101AB8EE400ADFE802F002221022BD
:101C10005EF8381C89060DD49FED331A18E000BF1A
:101C200000218160C0E9001180BD00BF9FED2D1A29
:101C30000EE000BF5EF8381C49F20002C0F2D0325C
:101C4000C1F3C10122FA01F101EE101AB8EE411AF6
:101C5000DEF800109FED253A6FF35F2102EE101AB7
:101C6000DEF80010C1F34621B8EE422A013100EE41
:101C7000032A00EE10CAB7EE003AB8EE400A81EE31
:101C8000000A32EE031A20EE010A01EE101AB8EE35
:101C9000411A80EE011ABCEEC11A80ED001ADEF87E
:101CA0000010C1F30641013101EE101AB8EE411ADD
:101CB00080EE011ABCEEC11A80ED011ADEF80010A8
:101CC000C1F30661013101EE101AB8EE411A80EE3F
:101CD000010ABCEEC00A10EE101A816080BD00BF80
:101CE0000024744A20BCBE4B0024744C0000003910
:101CF00080B544F2404EC5F6020E5EF8183C5EF820
:101D0000181C5EF8142CC1F3055CDEF80410BCF15D
:101D1000000F19D0C9089FED3C1AD20501EAE27103
:101D200003F003026FF35F3100EE101AB8EE400AC1
:101D3000DFE802F0022210225EF8401C89060DD472
:101D40009FED331A18E000BF00218160C0E9001147
:101D500080BD00BF9FED2D1A0EE000BF5EF8401C55
:101D600049F20002C0F2D032C1F3C10122FA01F1FE
:101D700001EE101AB8EE411ADEF800109FED253A78
:101D80006FF35F2102EE101ADEF80010C1F3462156
:101D9000B8EE422A013100EE032A00EE10CAB7EE77
:101DA000003AB8EE400A81EE000A32EE031A20EE45
:101DB000010A01EE101AB8EE411A80EE011ABCEECB
:101DC000C11A80ED001ADEF80010C1F3064101319E
:101DD00001EE101AB8EE411A80EE011ABCEEC11ADB
:101DE00080ED011ADEF80010C1F30661013101EE49
:101DF000101AB8EE411A80EE010ABCEEC00A10EECD
:101E0000101A816080BD00BF0024744A20BCBE4B04
:101E10000024744C000000392DE9F0470446C078D6
:101E200044F22C480007C5F6020828D5606E4FEA38
:101E3000305103292AD8DFE801F0030B131B00BF40
:101E4000D8F8001041F40031C8F8001010E000BFCD
:101E500004F10800022105F063F9064680B906E0A6
:101E600004F12800022105F0EFF9064640B9606E42
:101E7000D8F8241021F440110843C8F824000026A3
:101E80006078C00706D135462FE000BF0126607894
:101E9000C007F8D0A06D04283ED83546DFE800F032
:101EA00004140E0B0B0000BFD8F80000354640F4B8
:101EB0000030C8F800002F46C5B90DE004F1280035
:101EC000002105F0C1F904E004F10800002105F04B
:101ED00027F905462F464DB9D8F82400A16D20F00A
:101EE000070000250843C8F82400374660784007FB
:101EF0003AD5D4F8A4004FEA7050052818D8DFE886
:101F000000F0031D11232323D8F8000040F4003013
:101F1000C8F8000018E000BF0125012760784007DD
:101F2000E7D421E004F12800002105F08DF90AE052
:101F300001250126607800071AD44FE004F108005B
:101F4000002105F0EDF805462E461DB1607800072A
:101F50000ED443E0D8F82C00D4F8A41020F460008C
:101F600000250843C8F82C003E466078000735D5A8
:101F7000D4F8A8004FEA3060052813D8DFE800F055
:101F800004180C1E1E1E00BFD8F8000040F40030DC
:101F9000C8F8000012E000BF04F12800002105F09D
:101FA00053F90AE001250127E07880071AD434E0CC
:101FB00004F10800002105F0B3F805462F461DB1D5
:101FC000E07880070ED428E0D8F82C00D4F8A810C8
:101FD00020F0E06000250843C8F82C003746E07880
:101FE00080071AD5E06C4FEA3010032838D8DFE8B4
:101FF00000F009032D0900BFD8F8000040F40030BC
:10200000C8F800002E464DB9D8F82000E16C20F049
:10201000300000250843C8F820003E466078C0061E
:1020200039D5E06D4FEA3030042847D8DFE800F0BA
:1020300004221C0A0A0000BFD8F8000040F4003057
:10204000C8F800002F463DBB1CE000BF04F10800AB
:10205000022105F065F80546002D2E46DED1D3E7B6
:1020600001250126DAE700BF04F12800002105F070
:10207000EBF804E004F10800002105F051F80546F2
:102080002F464DB9D8F82400E16D20F4E04000253A
:102090000843C8F8240037466078800635D5206E9E
:1020A0004FEA3040052815D8DFE800F0041A0E0486
:1020B000040400BF2E46DDB91EE000BF0125012744
:1020C00060788006EBD420E004F12800012105F0BF
:1020D000BBF80AE0012501266078400619D449E0E2
:1020E00004F10800012105F01BF805462E461DB13C
:1020F000607840060DD43DE0D8F82400216E20F42D
:10210000E02000250843C8F824003E4660784006D9
:1021100030D5D4F8AC004FEA307005280ED8DFE88F
:1021200000F00313070303032F46ADB918E000BF07
:1021300004F12800012105F087F80AE001250127B4
:10214000607800061AD43CE004F10800012104F094
:10215000E7FF05462F461DB1607800060ED430E03B
:10216000D8F82C00D4F8AC1020F0E040002508434B
:10217000C8F82C0037466078000622D5E06E58B1CA
:10218000B0F1005F0CD0B0F1805F37D1D8F800001B
:1021900040F40030C8F800002E469DB908E000BFAA
:1021A00004F10800012104F0BBFF05462E464DB99D
:1021B000D8F82400E16E20F0405000250843C8F80C
:1021C00024003E46E078C0071DD0A06C032855D8F7
:1021D000DFE800F008024A08D8F8000040F40030B8
:1021E000C8F80000A9467DB9D8F82000A16C20F0FD
:1021F000030000250843C8F8200004E0012501265B
:10220000E078C007E1D1B146A078400602D44F463D
:1022100018E000BFD8F8D40340F48070C8F8D403A5
:10222000FFF7BEFB064600BFD8F8D403C00507D4AD
:10223000FFF7B6FB801B6428F6D90325032701E0CE
:102240002F46FDB12078C00700F06F80A06F4FEAE5
:10225000F00005284ED8DFE800F0035347030303DE
:10226000002D2E4654D157E004F10800022104F05D
:1022700057FF0546002DA946C6D1B5E701254FF009
:102280000109C1E7D8F84410D4F8B000414011F476
:10229000407F11D0D8F84410D8F8442042F480325E
:1022A000C8F84420D8F8442021F4407122F4803248
:1022B000C8F84420C8F84410B0F5807F40F0D082C0
:1022C000FFF76EFB064641F2883A0325032700BF5D
:1022D000D8F84400800700F1C182FFF761FB801B42
:1022E0005045F5D9AEE700BF04F12800012104F004
:1022F000ABFF0AE0012501262078800719D446E0CB
:1023000004F10800012104F00BFF05462E461DB123
:10231000207880070DD43AE0D8F82800A16F20F08B
:10232000380000250843C8F828003E46207880077A
:102330002DD5606F05280FD8DFE800F004140804DD
:10234000040400BF2F46ADB918E000BF04F1280017
:10235000012104F079FF0AE00125012720784007D8
:1023600019D447E004F10800012104F0D9FE054624
:102370002F461DB1207840070DD43BE0D8F8280047
:10238000616F20F0070000250843C8F82800374691
:10239000207840072ED5D4F8900005280ED8DFE825
:1023A00000F00313070303032E46ADB918E000BF86
:1023B00004F12800012104F047FF0AE0012501266D
:1023C000207880061AD44BE004F10800012104F0C3
:1023D000A7FE05462E461DB1207880060ED43FE0AC
:1023E000D8F82C00D4F8901020F0070000250843FE
:1023F000C8F82C003E462078800631D5D4F88C00F1
:102400004FEA307005280FD8DFE800F00414080404
:10241000040400BF2F46ADB918E000BF04F1280046
:10242000022104F011FF0AE001250127207840066F
:102430001AD44BE004F10800002104F071FE0546B7
:102440002F461DB1207840060ED43FE0D8F8280072
:10245000D4F88C1020F0E04000250843C8F828008C
:1024600037462078400631D5D4F898004FEAB0209E
:1024700005280FD8DFE800F004140804040400BFA6
:102480002E46ADB918E000BF04F12800022104F087
:10249000DBFE0AE001250126207800061AD44EE072
:1024A00004F10800002104F03BFE05462E461DB154
:1024B000207800060ED442E0D8F82C00D4F898100A
:1024C00020F4E05000250843C8F82C003E46207850
:1024D000000634D5D4F89C004FEA7030052815D892
:1024E000DFE800F0041A0E04040400BF2F46E5B133
:1024F0002068010727D4C1063ED4000355D477E0F5
:1025000004F12800022104F09FFE0AE001250127C2
:1025100020680107EFD516E004F10800002104F05F
:10252000FFFD0546002D2F46E2D1D8F82C00D4F847
:102530009C1020F4604000250843C8F82C00374662
:1025400020680107D7D5D4F88000B0F5805F09D1A5
:1025500004F12800022104F077FE002818BF0127AB
:10256000D4F88000D8F8281021F440510843C8F866
:1025700028002068C106C0D5D4F89400B0F5807F4B
:1025800009D104F12800022104F05EFE002818BFE2
:102590000127D4F89400D8F82C1021F44071084396
:1025A000C8F82C002068000322D5D4F8A000B0F5AC
:1025B000003F11D0B0F5803F08D0002844D104F18D
:1025C0000800002104F0ACFD05E000BF04F1280084
:1025D000022104F039FE05462E4655B9D8F82C00E4
:1025E000D4F8A01020F4403000250843C8F82C008F
:1025F0003E46A07840072CD5D4F88400B0F5401FA3
:102600000BD0B0F5001F0BD0B0F5801F2AD1D8F841
:10261000000040F40030C8F800002F46D5B907E0AC
:1026200004F12800012104F00FFE05462F468DB964
:10263000D8F82800D4F8841020F44010002508436E
:10264000C8F8280005E000BF01250126A078400752
:10265000D2D43746A078C00709D13E462168880009
:1026600015D532E001250127A078C007F5D0206DEF
:10267000B0F5803F10D018BBD8F8000040F400300F
:10268000C8F800002E4685B1216888001DD4606816
:102690008A0326D465E000BF04F10800022104F09B
:1026A0003FFD0546002D2E46EED1D8F82000216DC5
:1026B00020F4803000250843C8F82000CDE700BF93
:1026C0000125012621688800E1D504F128000221B6
:1026D00004F0BAFD002818BF0126D4E900108A03CF
:1026E0003FD5E26F6FF0010303EB3223022B0BD3D4
:1026F0004FEA322343B1012B40F0AA80D8F80030D2
:1027000043F40033C8F8003025B3CA022CD48A023F
:1027100034D44A003CD4CA0F49D1090251D4C1076C
:102720005AD1810763D441076CD4010776D4C1061E
:1027300000F18080800607D504F12800022104F012
:1027400083FD002818BF0125002D18BF012528464C
:10275000BDE8F087D8F8283023F440731A43C8F84E
:1027600028203546CA02D2D5D8F82420236F22F07B
:1027700000421A43C8F824208A02CAD5D8F8242077
:10278000A36E22F080721A43C8F824204A00C2D5F2
:1027900058F81C2C22F4004248F81C2CD4F8B42021
:1027A00058F81C3C1A4348F81C2CCA0FB5D0D8F86E
:1027B0002020636D22F040521A43C8F820200902FD
:1027C000ADD5D8F82810D4F8882021F44001114361
:1027D000C8F82810C107A4D004F10800002104F0B3
:1027E0009FFC002818BF0546606881079BD504F14F
:1027F0000800012104F094FC002818BF0546606819
:10280000410792D504F10800022104F089FC002858
:1028100018BF0546606801077FF589AF04F12800FD
:10282000002104F011FD002818BF05466068C106AC
:102830007FF580AF04F12800012104F005FD002898
:1028400018BF0546606880063FF576AF7CE700BF9D
:102850000125CA027FF55BAF86E700BFD4F8B00060
:102860004FF6CF7358F81C2CC0F2FF0300F44071F0
:1028700022F47C5203EA10136FF31F30B1F5407F4E
:1028800008BF1A43002548F81C2CD8F84410084308
:10289000C8F84400FFF7BBBC2DE9F04381B0002825
:1028A00000F0208142F200090446C5F20029D9F85F
:1028B000000000F00F0081420DD9D9F8000020F08F
:1028C0000F000843C9F80000D9F8000000F00F001D
:1028D000884240F00781206844F218464207C5F656
:1028E00002060AD52269336803F070039A4204D9BC
:1028F000336823F070031A43326002070AD5626915
:10290000736803F070039A4204D9736823F070036C
:102910001A437260C2060AD5A269736803F4E063C1
:102920009A4204D9736823F4E0631A437260820602
:102930000AD5E269B36803F070039A4204D9B36818
:1029400023F070031A43B26010F002020AD0E36869
:10295000376807F00F07BB4204D9376827F00F0725
:102960003B433360C3073FD0306820F47062D4E942
:1029700001031A433260012856F8182C0AD00328A4
:1029800004D002280AD192030BD4ABE0920108D400
:10299000A8E000BFD20504D4A4E000BF520740F174
:1029A000A180884656F8081C21F00701084346F824
:1029B000080CFEF7F5FF054641F2883756F8080C7B
:1029C000616800F03800B0EBC10F09D0FEF7E8FFF6
:1029D000401BB842F2D9032001B0BDE8F08300BF2C
:1029E0002068414600F0020252B1E268336803F009
:1029F0000F039A4204D2336823F00F031A43326064
:102A0000D9F8002002F00F0291420CD2D9F8002030
:102A100022F00F020A43C9F80020D9F8002002F082
:102A20000F028A425ED141070AD52169326802F05D
:102A30007002914204D2326822F070021143316078
:102A400001070AD56169726802F07002914204D2EE
:102A5000726822F0700211437160C1060AD5A16943
:102A6000726802F4E062914204D2726822F4E06279
:102A70001143716080060AD5E069B16801F0700108
:102A8000884204D2B16821F070010843B06000F0C0
:102A9000B7F831684BF20822C0F60002C1F30321F7
:102AA000515C336803F00F0301F01F01D25C20FA80
:102AB00001F102F01F0040F20C02C2F2004221FAC2
:102AC00000F0106040F2040040F20802C2F2004040
:102AD000C2F200420068116001B0BDE8F043FEF7A9
:102AE000ABBF00BF012001B0BDE8F08300000000D3
:102AF00080B500F085F844F218414BF20823C5F682
:102B00000201C0F600030A68C2F303229A5C096856
:102B100001F00F0102F01F02595C20FA02F201F0ED
:102B20001F0040F20C01C2F2004122FA00F00860DE
:102B300040F20801C2F200410A6080BD00000000BE
:102B400080B500F05DF844F2184C4BF20823C5F64E
:102B5000020CC0F60003DCF80020C2F303229A5CEA
:102B6000DCF8001001F00F0102F01F02595CD040A8
:102B700040F20C02C2F2004201F01F0120FA01F102
:102B8000116040F20802C2F200421060DCF804005A
:102B9000C0F30210185C00F01F0021FA00F080BDA5
:102BA00080B500F02DF844F2184C4BF20823C5F61E
:102BB000020CC0F60003DCF80020C2F303229A5C8A
:102BC000DCF8001001F00F0102F01F02595CD04048
:102BD00040F20C02C2F2004201F01F0120FA01F1A2
:102BE000116040F20802C2F200421060DCF80400FA
:102BF000C0F30220185C00F01F0021FA00F080BD35
:102C000044F20041C5F602010869C0F3C20003287E
:102C100016D002280ED0002832D10868800649F26A
:102C20000000C0F2D03058BF70470968C1F3C1013D
:102C3000C840704747F64000C0F27D10704700BFA3
:102C40008B6A886AD1F82CC04A6BC0F30510E8B1D2
:102C5000C2F3CC0203F0030300EE102A9FED2A1A00
:102C6000B8EE400A20EE010A9FED281ADFE803F0D3
:102C7000022110210A6892060ED49FED261A18E050
:102C800040F60010C0F23D00704700BF00207047C2
:102C90009FED1F1A0DE000BF0A6849F20003C0F261
:102CA000D033C2F3C10223FA02F201EE102AB8EEC9
:102CB000411A0A6B9FED183A6FF35F2202EE102A59
:102CC0005FEACC7203FE000A03EE100A086BB8EE4E
:102CD000422AC0F34620B8EE433A013030EE020AF1
:102CE000B7EE002A81EE031A30EE020A21EE000A46
:102CF00001EE100AB8EE411A80EE010ABCEEC00ADD
:102D000010EE100A704700BF000000390024744A1A
:102D100020BCBE4B0024744C0000000000000000EA
:102D200070B3F0B581B00446007844F20046C007A5
:102D3000C5F6020626D1207880076AD5306910F0E2
:102D40003801B06A42D0182908BF5FEA80703DD0D0
:102D5000E0683168002800F02D8121F01901084356
:102D60003060FEF71DFE0546306840074AD4FEF786
:102D700017FE401B0228F7D9032001B0F0BD00BFA9
:102D800001207047306900F03801B06A102905D081
:102D900018290BD100F00300022807D13068800306
:102DA000C9D560680028C6D1AAE000BF6168306854
:102DB000002900F03981B1F5A02F00F02D81B1F587
:102DC000803F40F0478140F4803049E1306840075F
:102DD000E06802D5002800F09380316821F01901E5
:102DE00008433060FEF7DCFD054600BF3068400751
:102DF00008D4FEF7D5FD401B02284FF00300F5D99B
:102E000001B0F0BD7068216920F0FE4040EA016029
:102E100070602078C0061AD5306900F03801B06AB9
:102E2000082907D0182940F0858000F00300012808
:102E300040F080803068C00502D5E06980285FD10D
:102E4000F068216A20F07C5040EA0160F060207850
:102E500000073FD42078800656D42078400700F140
:102E60008180656A9DB3306900F03800182840F011
:102E70001981012DB16A306B42D001F00302A36ABF
:102E80009A423DD1C1F30511E26A914238D101461F
:102E9000226B6FF35F21013A914231D1C0F3462298
:102EA000616B01398A422BD1C0F30642A16B013913
:102EB0008A4225D1C0F30660E16B013988421FD1F7
:102EC000706BA16CC0F3CC00814240F0A581002062
:102ED00001B0F0BD60690028706F59D040F001006A
:102EE0007067FEF75DFD0546706F8007B2D4FEF790
:102EF00057FD401B0228F7D9032001B0F0BD00BFE9
:102F0000012001B0F0BD00BFA0690028306871D079
:102F100040F480503060FEF743FD05463068800481
:102F20009BD4FEF73DFD401B0228F7D9032001B0DA
:102F3000F0BD00BFE0690028306800F0A18040F0DB
:102F400080003060FEF72CFD054600BF3068C005EC
:102F50003FF576AFFEF724FD401B02284FF003003B
:102F6000F4D94DE7D6F8000440F48070C6F80004A8
:102F7000FEF716FD054600BFD6F80004C0052BD4A9
:102F8000FEF70EFD401B6428F6D9032001B0F0BD0A
:102F900020F001007067FEF703FD0546706F8007A3
:102FA0007FF558AFFEF7FCFC401B02284FF00300F2
:102FB000F4D925E721F001003060FEF7F1FC054669
:102FC000306840077FF525AFFEF7EAFC401B02287A
:102FD0004FF00300F4D913E7A168306F002900F027
:102FE0008B80052900F08080012940F09D8040F011
:102FF00001009FE020F480503060FEF7D1FC0546D0
:10300000306880047FF529AFFEF7CAFC401B022818
:103010004FF00300F4D9F3E640F4802030603068CC
:1030200040F480301CE000BF20F480303060306815
:1030300020F480203060FEF7B3FC05463068800342
:103040007FF579AEFEF7ACFC401B64284FF003001F
:10305000F4D9D5E620F480303060306820F4802048
:103060003060FEF79DFC0546306880033FF563AE97
:10307000FEF796FC401B6428F6D9032001B0F0BD92
:1030800020F080003060FEF78BFC05463068C005FC
:103090007FF5DDAEFEF784FC401B02284FF00300F5
:1030A000F4D9ADE6306820F080703060FEF778FC2F
:1030B000022D05460CD100BF306880014CD5FEF7CB
:1030C0006FFC401B02284FF00300F5D998E600BFC3
:1030D000306880017FF5FBAEFEF762FC401B0228E2
:1030E0004FF00300F4D98BE640F004003067306FF6
:1030F00040F001001EE000BF20F001003067306F9B
:1031000020F004003067FEF74BFC054641F288379B
:10311000306F80077FF5A5AEFEF742FC401BB8423A
:103120004FF00300F4D96BE620F001003067306FF8
:1031300020F004003067FEF733FC054641F2883783
:10314000306F80073FF58DAEFEF72AFC401BB8427A
:103150004FF00300F4D953E604F12807B06A40F2B7
:10316000F33188438ECF0843591E40EA02104FF4D2
:103170007E426FF35F21B06202EB47204FF4FE0204
:1031800080B2E36B0844A16B02EB01414FF0FE42B9
:1031900001F4FE0102EB0362084402F0FE41084420
:1031A0003063F06A4FF6F87120F00100F062706B46
:1031B000A26C884340EAC2007063F06A216C20F080
:1031C0000C000843F062F06A616C20F002000843D2
:1031D000F062F06A40F48030F062F06A40F400304F
:1031E000F062F06A40F48020F062F06A40F0010082
:1031F000F062306840F080703060FEF7D1FB04462A
:10320000306880013FF563AEFEF7CAFB001B022861
:103210004FF00300F4D9F3E5F06A20F00100F0620A
:10322000FEF7BEFB0546FEF7BBFBA842FBD0706B6A
:103230004FF6F871A26C884340EAC2007063F06AEE
:1032400040F00100F062002001B0F0BD000000007D
:10325000411E0020B0EB116F02D00120704700BF6B
:103260004EF21002F023CEF2000251604EF62351CE
:10327000CEF200010B7007219060116070470000D2
:1032800070470000000000007047000000000000D0
:10329000704700000000000090F83C20012A01D196
:1032A00002207047B0B5D1E9022323F47C5322F405
:1032B000705242EA030548F2FF73D1E900CECEF620
:1032C000F0730EEA030203F5006445EA020E0CEA0D
:1032D00004050C6903F5C05245EA0E0522402A4355
:1032E0004D692A4303F560550C6B03F5F0432A4002
:1032F00023401343026840F2004C42F48065C4F25C
:10330000010C8C69654540F2000CCEF6FF7CCD695E
:103310000CEA044443EA050343EA040318D14FF6D8
:10332000FF7540F2000CCDF60F458C6ACDF6F04CDF
:1033300003EA050E0D6A0CEA04544B6A44EA0E04D3
:1033400025F0085523F000532543C96A2B430B434E
:103350005364002180F83C100020B0BD0000000044
:1033600090F83C20012A4FF0020266D0B0B580F8F8
:103370003D2040F2004C0268C4F2010C42F480632C
:1033800063455368D2F808E002BF23F470034C6829
:1033900023434DF6FF740D68C4F2000423F070035C
:1033A000A24243EA0503536014DC40F2FF73C4F207
:1033B00000039A4222DD40F60003C4F200039A4261
:1033C0002ED040F60043C4F200039A4228D041F6C2
:1033D000000321E04FF6FF73C4F200039A4213DDAD
:1033E0000023C4F201039A421AD044F20003C4F24B
:1033F00001039A4214D0624512D016E0B2F1804F18
:103400000ED040F2004307E04EF20003C4F2000386
:103410009A4205D04EF20043C4F200039A4204D10E
:103420002EF080038968194391600022012180F801
:103430003D1080F83C20BDE8B040104670470000C9
:1034400060B310B5044690F83D0028B9002084F818
:103450003C00204600F024F8022084F83D0020685B
:10346000211D04F0F1F8012084F8480084F83E00A2
:1034700084F83F0084F8400084F8410084F842005A
:1034800084F8430084F8440084F8450084F846003A
:1034900084F8470084F83D00002010BD01207047EB
:1034A00010B584B04EF200410068C4F200018842B9
:1034B00032D04EF20001C4F2000188421AD040F22C
:1034C0000041C4F20001884240D144F2EC400022A5
:1034D000C5F602001D2450F8041C41F0020140F81A
:1034E000041C50F8040C002100F002000390039823
:1034F0001D2022E044F2EC400022C5F60200A12487
:10350000016841F0807101600068002100F0807066
:1035100002900298A12010E044F2EC400022C5F68F
:103520000200A224016841F00071016000680121DD
:1035300000F0007001900198A220FEF7C9FA204621
:1035400004B0BDE81040FEF7AFBA00BF04B010BD34
:1035500090F83D10012927D1022180F83D10016823
:103560004DF6FF70C4F200008142C86840F00100CF
:10357000C8601BDC40F2FF70C4F2000081422DDD08
:1035800040F60000C4F2000081423DD040F6004009
:10359000C4F20000814237D041F60000C4F20000BE
:1035A000814231D03CE000BF012070474FF6FF70F0
:1035B000C4F2000081421BDD0020C4F20100814200
:1035C00022D044F20000C4F2010081421CD040F23B
:1035D0000040C4F20100814216D021E0B1F1804FD9
:1035E00012D040F20040C4F2000081420CD017E03B
:1035F0004EF20000C4F20000814205D04EF20040BD
:10360000C4F2000081420BD107228868C0F2010297
:1036100002400020062A18BFB2F5803F00D1704753
:10362000086840F0010008600020704700000000BA
:1036300090F83C20012A4FF0020200F0AA8080B5E9
:1036400080F83D208822D0F800C0CFF6CE72DCF89A
:1036500008301A40CCF808200B686F2B0EDDB3F150
:10366000101F37DAB3F5005F6EDA702B00F0B6800A
:10367000B3F5805F00F08480D8E000BF2F2B33DDEE
:103680004F2B39DC302B6FD0402B40F0CF80D1F85E
:1036900004E0C968DCF82030DCF8202022F00102C8
:1036A000CCF82020DCF8182022F0F00242EA0111C8
:1036B00023F00A02CCF8181042EA0E01CCF82010D0
:1036C0004FF68872DCF80810CFF6CF721140473100
:1036D00054E000BF2F21C0F210018B423ADCB3F15D
:1036E000101F41D020213BE0002B18BF102B3BD0F6
:1036F000202B39D09AE000BF502B4DD0602B40F0EA
:103700009580D1F804E0C968DCF82030DCF820208E
:1037100022F01002CCF82020DCF8182022F47042AD
:1037200042EA013123F0A002CCF8181042EA0E114F
:10373000CCF820104FF68872DCF80810CFF6CF7264
:10374000114067311AE000BF5CD0B3F5801F0BD089
:103750006CE000BF3021C0F210018B4204D0402148
:10376000C0F210018B4261D14FF68872DCF808106C
:10377000CFF6CF721140194341F00701CCF8081081
:103780000022012180F83D10002180F83C10BDE8A6
:1037900080401046704700BFD1F804E0C968DCF8EB
:1037A0002030DCF8202022F00102CCF82020DCF8C8
:1037B000182022F0F00242EA011123F00A02CCF8AC
:1037C000181042EA0E01CCF820104FF68872DCF88F
:1037D0000810CFF6CF7211405731CFE701F1040E38
:1037E0009EE80C40DCF808101A4321F47F4142EABD
:1037F0000E221143CCF80810DCF8081041F07701D4
:10380000BCE700BF01F1040E9EE80C40DCF8081094
:103810001A4321F47F4142EA0E221143CCF80810EA
:10382000DCF8081041F48041A8E700BF0122A8E7B6
:103830007047000000000000F0B581B00446006849
:10384000C5680669B10717D515F0020114D06FF0ED
:1038500002010161012121778069800704D020469F
:10386000FFF7E6FF06E000BF204600F09DF8204687
:1038700000F04EFB00202077700719D515F00400EA
:1038800016D020686FF00401016102212177806960
:1038900010F4407F04D02046FFF7CAFF06E000BFC7
:1038A000204600F081F8204600F032FB002020770F
:1038B000300717D515F0080014D020686FF0080104
:1038C000016104212177C069800703D02046FFF7FA
:1038D000AFFF05E0204600F067F8204600F018FB37
:1038E00000202077F00619D515F0100016D02068BA
:1038F0006FF01001016108212177C06910F4407F49
:1039000004D02046FFF794FF06E000BF204600F0F9
:103910004BF8204600F0FCFA00202077F00718BF93
:1039200015F0010006D020686FF00101016120460A
:1039300000F0AAFB05F0800716F4025F18BF002F05
:1039400002D1F00509D410E020686FF40251016142
:103950002046FFF799FCF00507D537B120686FF4D2
:10396000807101612046FFF78BFC700609D515F0C8
:10397000400006D020686FF040010161204600F051
:10398000CBFBB0060CD515F0200009D020686FF0F5
:1039900020010161204601B0BDE8F040FFF778BC8E
:1039A00001B0F0BD00000000704700000000000002
:1039B00090F83C30012B01D1022070474FEAB2024F
:1039C000052A00F223812DE9F041DFE812F007001B
:1039D000BB00570095003100F90000BF036843F6B3
:1039E000FF76C4F201061C6AB3421A6A24F002048C
:1039F00022F001021A621A46D3F804C052F818EFF6
:103A00008D6844EA0504D1F8008040F3818144F2D6
:103A10000007C4F20107BB4200F0858144F60007AD
:103A2000C4F20107BB4200F07E8144F2004776E118
:103A3000036843F6FF77C4F20107D3F820C0BB4206
:103A40001A6A22F480321A621A465C6852F8546F7D
:103A50000D68D1F808E040F3DF8044F20007C4F2BB
:103A60000107BB4200F0E38044F60007C4F20107FF
:103A7000BB4200F0DC8044F20047D4E0036840F22F
:103A8000004E43F48067C4F2010E1C6A77451A6A3F
:103A900024F4007422F480721A621A465D6852F8A7
:103AA0001CCF8E6844EA062407D1CE6840F2FF4757
:103AB000360224F44064BE43344343F6FF76D1F823
:103AC0000080C4F20106B34240F3D28044F2000702
:103AD000C4F20107BB4200F0D28044F60007C4F2F2
:103AE0000107BB4200F0CB8044F20047C4F201075B
:103AF000BB4200F0C480C9E0036843F6FF77C4F21C
:103B00000107D3F820C0BB421A6A22F480521A621D
:103B10001A465C6852F81C6F0D68D1F808E040F353
:103B2000CD8044F20007C4F20107BB4200F0D1800F
:103B300044F60007C4F20107BB4200F0CA8044F219
:103B40000047C2E0036840F2004E43F48067C4F2CD
:103B5000010E1C6A77451A6A24F0200422F0100234
:103B60001A621A465D6852F818CF8E6844EA061445
:103B700007D1CE686FF0400724F0C00407EA0616AC
:103B8000344343F6FF76D1F80080C4F20106B34215
:103B900040F3E08044F20007C4F20107BB4200F0AA
:103BA000E08044F60007C4F20107BB4200F0D98070
:103BB00044F20047C4F20107BB4200F0D280D7E0D4
:103BC000036843F6FF77C4F20107D3F820C0BB4275
:103BD0001A6A22F480121A621A465C6852F8546F0C
:103BE0000D68D1F808E040F3058144F20007C4F203
:103BF0000107BB4200F0098144F60007C4F2010747
:103C0000BB4200F0028144F20047FAE001210022A9
:103C100080F83C20084670470027C4F20107BB42E9
:103C200005D040F20047C4F20107BB4204D14F69FE
:103C300024F4803444EA07244FF68C775C60CFF696
:103C4000FE7703373E402CF4003746EA05045C65F6
:103C50004E6809699E6547EA0E471F625F6D47F02F
:103C600008075F655F6D27F004075F65EEE000BF42
:103C70000027C4F20107BB4201D0734506D1D1E948
:103C80000576374325F4405646EA07154FF68C77FC
:103C90005D60CFF6FE7707EA0C0747EA0807DF61A9
:103CA0004F680969DF631C62DF6947F00807DF615D
:103CB000DF6927F00407DF61C8E000BF0027C4F216
:103CC0000107BB4205D040F20047C4F20107BB42E6
:103CD00004D14F6924F4804444EA871448F6FF472E
:103CE0005C60CFF6FF673E402CF4005746EA05249F
:103CF000DC614E6809691E6447EA0E371F62DF699E
:103D000047F40067DF61DF6927F48067DF619CE0CB
:103D10000027C4F20107BB4205D040F20047C4F2BD
:103D20000107BB4205D1CF6824F00C0427F004073B
:103D30003C43B34234DD44F20006C4F20106B34210
:103D400039D044F60006C4F20106B34233D044F23F
:103D500000462CE00027C4F20107BB4201D07345A6
:103D600006D1D1E90576374325F4406646EA870552
:103D700048F6FF475D60CFF6FF6707EA0C0747EAA2
:103D800008279F614F6809699F631C629F6947F418
:103D900000679F619F6927F480679F6155E000BFBE
:103DA0000026C4F20106B34205D040F20046C4F238
:103DB0000106B34206D12CF44077D1E905653743BB
:103DC00047EA050C4FF68C75C3F804C0CFF6FE75B4
:103DD0000EEA050747EA08079F614F6809695F63B4
:103DE0001C629F6947F008079F619F6927F00407DD
:103DF0009F612BE00027C4F20107BB4205D040F2CF
:103E00000047C4F20107BB4204D14F6924F4802467
:103E100044EA872448F6FF475C60CFF6FF6707F562
:103E200040773E402CF4001746EA05245C654E6856
:103E30000969DE6547EA0E571F625F6D47F4006748
:103E40005F655F6D27F480675F650902136819433A
:103E500011600021BDE8F041002280F83C200846B6
:103E6000704700000000000060B310B5044690F8F1
:103E70003D0028B9002084F83C00204600F024F8DA
:103E8000022084F83D002068211D03F0DDFB0120A5
:103E900084F8480084F83E0084F83F0084F840002D
:103EA00084F8410084F8420084F8430084F8440018
:103EB00084F8450084F8460084F8470084F83D0003
:103EC000002010BD0120704744F200010068C4F2D8
:103ED0000101884218BF704780B582B044F2F040BB
:103EE0000022C5F60200016841F4803101600068DB
:103EF000002100F48030019001987420FDF7E8FD66
:103F0000742002B0BDE88040FDF7CEBD0000000087
:103F1000704700000000000080B5C9B10B1F4FF0D2
:103F20003F0C4FEAB30E4322BEF1040F38BF0CEB37
:103F3000B302825C012A13D1BEF1030F1ED8DFE861
:103F40000EF00319111500BF022280F83F2018E07F
:103F500090F83E20012A03D1022280F83E2010E092
:103F6000012080BD022280F841200AE0022280F870
:103F7000422006E0022280F8402002E0022280F87F
:103F80004320026801F01F00012101FA00F0116ACC
:103F9000814311624EF2FF31C4F200018A42116A7C
:103FA00040EA0100106215DC40F6FF30C4F2000068
:103FB000824227DCB2F1804F4ED040F20040C4F282
:103FC0000000824248D040F60000C4F20000824265
:103FD00042D053E043F6FF700021C4F20100C4F266
:103FE0000101824244F20000C4F201001EDC4EF2E4
:103FF0000043C4F200039A422ED08A4224D040F2F9
:1040000000431DE040F60040C4F20000824223D08D
:1040100041F60000C4F2000082421DD04EF20000C2
:10402000C4F20000824217D028E000BF82420BD0C9
:1040300044F60003C4F201039A4205D044F200435F
:10404000C4F201039A4219D1536C8A4243F40041ED
:10405000516418BF82420BD107219068C0F2010160
:1040600001400020062918BFB1F5803F06D180BD70
:1040700040F20040C4F201008242EDD0106840F0EE
:1040800001001060002080BDB0B540F2004504463C
:10409000C4F20005006805F56041884212D005F5BC
:1040A0005C41884227D005F59E3188422AD0A8423B
:1040B00018BFB0BD40F2D860C2F20040BDE8B040C9
:1040C00003F05AB905F058F940F208209FED112A83
:1040D000C2F2004090ED011A80ED000A30EE411A64
:1040E00080ED010A81EE021A80ED021A206805F5C2
:1040F0005C418842D7D106F00BF8206805F59E3167
:104100008842D4D140F2A860C2F2004003F034F9F2
:104110002068CCE7CDCC4C3D70470000000000008B
:1041200090F88410012901D1022070472421C0F8A1
:10413000881001680A680B6822F0005223F001031E
:104140000B60002343660A602021C0F8881080F8C5
:10415000843000207047000070470000000000001D
:10416000704700000000000090F88420012A01D16F
:104170000220704770B52422C0F888200268D0F869
:1041800064E0BEF1000FD2F800C0136823F0010311
:104190001360936823F0606341EA0301916019D0D2
:1041A00091684BF65E2E9368C0F6000E5B0F4BF6DF
:1041B0006625C1F34266C0F600051EF80340E95CBF
:1041C0002301B3FBF1F11EF80630AE5D1B01B3FB1A
:1041D000F6F301E001210123A0F86A102021A0F8E4
:1041E0006830C2F800C0C0F88810002180F8841040
:1041F000002070BD0000000090F88420012A01D149
:104200000220704770B52422C0F888200268D0F8D8
:1042100064E0BEF1000FD2F800C0136823F0010380
:104220001360936823F0604341EA0301916019D061
:1042300091684BF65E2E9368C0F6000E5B0F4BF64E
:104240006625C1F34266C0F600051EF80340E95C2E
:104250002301B3FBF1F11EF80630AE5D1B01B3FB89
:10426000F6F301E001210123A0F86A102021A0F853
:104270006830C2F800C0C0F88810002180F88410AF
:10428000002070BD0000000070470000000000002A
:1042900070470000000000007047000000000000B0
:1042A00070B5016840F62F02CB691A40202A0A68CF
:1042B0008E680BD102F0200406F080552D1917D01E
:1042C000416F69B3BDE87040084700BF40F60F0575
:1042D0002B420DD0012540F22014C1F20005C0F29E
:1042E000004406EA050C02EA040515EB0C0525D18D
:1042F000DD06C46E16D5012C14D112F0100511D0B4
:1043000010220A628968490666D4B0F85C10B0F8D9
:104310005E20B0F85E30002B18BF914240F05C8206
:1043200070BD00BFDD0215D516F4800512D04FF424
:1043300080120A62BDE87040FFF7AABFDD0718BF10
:1043400012F4807540F01E819D0706F0010E00F109
:1043500025812EE1190606D502F0800106F400063B
:10436000891940F0BF82590640F1008112F04001E6
:1043700000F0FC80016851E8001F026821F0400154
:1043800042E80013F3B1016851E8001F026821F010
:10439000400142E80013002B1FBF016851E8001FD5
:1043A000026821F040011CBF42E80013002B09D035
:1043B000016851E8001F026821F0400142E8001343
:1043C000002BD7D12021C0F8881000218167BDE8DB
:1043D000704000F0F9BB00BFD0F880100A68526846
:1043E00093B2002B9CD0B0F85C60B34298D2A0F896
:1043F0005E20C969B1F5807F00F0AC80016851E8AA
:10440000001F026821F4807142E80013F3B10168D3
:1044100051E8001F026821F4807142E80013002B6C
:104420001FBF016851E8001F026821F480711CBFA2
:1044300042E80013002B09D0016851E8001F026810
:1044400021F4807142E80013002BD7D1016851E8B4
:10445000021F026821F0010142E80213F3B1016872
:1044600051E8021F026821F0010142E80213002B0B
:104470001FBF016851E8021F026821F001011CBF43
:1044800042E80213002B09D0016851E8021F0268BC
:1044900021F0010142E80213002BD7D1016851E855
:1044A000021F026821F0400142E80213F3B10168E3
:1044B00051E8021F026821F0400142E80213002B7C
:1044C0001FBF016851E8021F026821F040011CBFB4
:1044D00042E80213002B09D0016851E8021F02686C
:1044E00021F0400142E80213002BD7D12021C0F86F
:1044F0008C100021C166016851E8001F026821F09C
:10450000100142E80013F3B1016851E8001F02688E
:1045100021F0100142E80013002B1FBF016851E891
:10452000001F026821F010011CBF42E80013002B9D
:1045300009D0016851E8001F026821F0100142E82B
:104540000013002BD7D1D0F8801004460846FCF7A2
:1045500053FD204602210167B0F85C10B0F85E20E0
:10456000891A89B2BDE87040FFF7F6BD190240F123
:10457000C58112F0804100F0C181BDE87040FFF7B5
:1045800083BE00BF01250D62D0F8905045F00105B3
:10459000C0F890509D0706F0010E0AD5BEF1000F3D
:1045A00007D002240C62D0F8904044F00404C0F814
:1045B00090405C070AD5BEF1000F07D004250D62BC
:1045C000D0F8905045F00205C0F890501D070CD56A
:1045D00002F0200555EA0C0507D008250D62D0F839
:1045E000905045F00805C0F890501D050BD512F00D
:1045F000806508D04FF400650D62D0F8905045F00A
:104600002005C0F89050D0F89050002D3FF488AEAF
:104610009B060BD502F0200206F08053D21805D07D
:10462000426F1AB10446904720462168D0F8902086
:10463000896801F0400102F02802891806D1044679
:10464000FFF72AFE0020C4F8900070BD016851E811
:10465000001F026821F4907142E80013F3B1016871
:1046600051E8001F026821F4907142E80013002B0A
:104670001FBF016851E8001F026821F490711CBF40
:1046800042E80013002B09D0016851E8001F0268BE
:1046900021F4907142E80013002BD7D14FF6FE7140
:1046A000CEF6FF71026852E8022F03680A4043E821
:1046B0000226DEB1026852E8022F03680A4043E88E
:1046C0000226002E1FBF026852E8022F03680A402C
:1046D0001CBF43E80226002E08D0026852E8022FD1
:1046E00003680A4043E80226002EDBD1C16E01298F
:1046F00027D1016851E8001F026821F0100142E84B
:104700000013F3B1016851E8001F026821F01001A5
:1047100042E80013002B1FBF016851E8001F026828
:1047200021F010011CBF42E80013002B09D00168E2
:1047300051E8001F026821F0100142E80013002B2D
:10474000D7D12021C0F88C100021C16602684167D2
:104750009168490640F1CE80016851E8021F026865
:1047600021F0400142E80213F3B1016851E8021F51
:10477000026821F0400142E80213002B1FBF0168CC
:1047800051E8021F026821F040011CBF42E80213F9
:10479000002B09D0016851E8021F026821F0400196
:1047A00042E80213002BD7D1D0F88010002900F086
:1047B000A18047F6312204460846C0F600020A6589
:1047C000FCF7AEFE00283FF4ABADD4F88000016DDD
:1047D000BDE87040084700BF891A026852E8002F00
:1047E000036822F4907243E80026F6B1026852E8AA
:1047F000002F036822F4907243E80026002E1FBFAA
:10480000026852E8002F036822F490721CBF43E84C
:104810000026002E09D0026852E8002F036822F417
:10482000907243E80026002ED7D14FF6FE72CEF6E6
:10483000FF72036853E8023F0668134046E80235FA
:10484000DDB1036853E8023F0668134046E80235CD
:10485000002D1FBF036853E8023F066813401CBFCA
:1048600046E80235002D08D0036853E8023F066889
:10487000134046E80235002DDBD12022C0F88C2001
:104880000022C2664267026852E8002F036822F0E5
:10489000100243E80026F6B1026852E8002F0368D0
:1048A00022F0100243E80026002E1FBF026852E8E3
:1048B000002F036822F010021CBF43E80026002EE0
:1048C00009D0026852E8002F036822F0100243E882
:1048D0000026002ED7D189B202220267BDE87040BF
:1048E000FFF73ABC816F00293FF41AADBDE8704074
:1048F000084700BFBDE87040FFF7CEBCD9017FF587
:104900000FADB2F1FF3FC8BF70BDBDE87040FFF70B
:1049100027BC00000000000010B5D8B10446D0F854
:10492000880028B9002084F88400204600F028F888
:104930002420C4F888002068A16A0268002922F0B7
:104940000101016002D0204602F04AFF204603F038
:10495000A3FD08B1012010BD2068416821F49041F9
:104960004160816821F02A018160016841F0010104
:1049700001602046BDE8104002F0A2BF0000000028
:10498000B0B5B6B0044602A80830B0210025319574
:10499000CDE93455CDE93255FBF71EFF41F6000154
:1049A0002068C4F20101884202D036B0B0BD00BF19
:1049B0000120029002A80395FDF72EFA08B1FCF73A
:1049C00013FB44F2E040C5F60200016941F04001EA
:1049D0000161016901F0400101910199016841F013
:1049E00008010160006831A900F0080001900198F9
:1049F0004FF440403190022032900020CDE9330046
:104A00000B20359040F60040C5F60200FCF7E4FEAE
:104A10009B2000210022FDF75BF89B20FDF744F866
:104A200036B0B0BD00000000D0F88C30202B07D18C
:104A30000123002918BF002A06D11846704700BF7D
:104A400002231846704700BF80B50023C36640F6B6
:104A50000043D0F800C0C5F600039C4503D0DCF845
:104A600004301B0204D403F073FF002080BD00BF9C
:104A7000036853E800CFD0F800E04CF080634EE8C4
:104A8000003CBCF1000FEED0036853E800CFD0F833
:104A900000E04CF080634EE8003CBCF1000F1FBF0B
:104AA000036853E800CFD0F800E04CF080631CBFEF
:104AB0004EE8003CBCF1000FD5D0036853E800CFAE
:104AC000D0F800E04CF080634EE8003CBCF1000FF1
:104AD000CED1C8E70000000040F63801C2F2004124
:104AE000884218BF704770B540F2FC15C2F200450D
:104AF000287840280ED10120A8700020E88028786E
:104B0000E9884A1CEA8040F62052C2F20042505422
:104B10004AE000BFA878012846D12978EA88501CCD
:104B2000E88040F62050C2F200408154E988022912
:104B300034D3E988014411F8021C0D292ED1E988EB
:104B4000084410F8010C0A2828D10026AE706878B5
:104B5000042822D8288940F69621C2F20041EA882A
:104B600000EB801001EB400440F62051C2F20041FE
:104B70002046FBF7ECFDE88843F23431A4F88000CE
:104B8000C3F2333128890130A0FB011202EB82010C
:104B9000401A2881687801306870EE80E8888028A3
:104BA00002D30020A870E88040F6380040F2FC11E3
:104BB000C2F20040C2F200410122BDE87040FFF79E
:104BC00033BF00000000000070470000000000003C
:104BD000FEE70000000000002DE9F04F81B098468C
:104BE00091460E460746DDE90ABA00F0C5FED02020
:104BF00000F0DAFD00F094FC3B2000F0D5FD00F061
:104C00008FFC00F0B9FED12000F0CEFD00F088FC52
:104C100000F0AEFC0446012000F0A2FD00F0D8FE3A
:104C200000F0AAFED02000F0BFFD00F079FC3C208F
:104C300000F0BAFD00F074FC00F09EFED12000F000
:104C4000B3FD00F06DFC00F093FC0546012000F080
:104C500087FD00F0BDFE45EA0420388000F08CFEA0
:104C6000D02000F0A1FD00F05BFC3D2000F09CFD99
:104C700000F056FC00F080FED12000F095FD00F021
:104C80004FFC00F075FC0446012000F069FD00F0C7
:104C90009FFE00F071FED02000F086FD00F040FC89
:104CA0003E2000F081FD00F03BFC00F065FED120CD
:104CB00000F07AFD00F034FC00F05AFC05460120BB
:104CC00000F04EFD00F084FE45EA0420308000F044
:104CD00053FED02000F068FD00F022FC3F2000F0E1
:104CE00063FD00F01DFC00F047FED12000F05CFDEC
:104CF00000F016FC00F03CFC0446012000F030FD02
:104D000000F066FE00F038FED02000F04DFD00F00F
:104D100007FC402000F048FD00F002FC00F02CFEF3
:104D2000D12000F041FD00F0FBFB00F021FC054626
:104D3000012000F015FD00F04BFE45EA0420A9F823
:104D4000000000F019FED02000F02EFD00F0E8FB7E
:104D5000432000F029FD00F0E3FB00F00DFED12020
:104D600000F022FD00F0DCFB00F002FC0446012014
:104D700000F0F6FC00F02CFE00F0FEFDD02000F06C
:104D800013FD00F0CDFB442000F00EFD00F0C8FB49
:104D900000F0F2FDD12000F007FD00F0C1FB00F0B3
:104DA000E7FB0546012000F0DBFC00F011FE45EAC0
:104DB0000420A8F8000000F0DFFDD02000F0F4FC93
:104DC00000F0AEFB452000F0EFFC00F0A9FB00F086
:104DD000D3FDD12000F0E8FC00F0A2FB00F0C8FBFE
:104DE0000446012000F0BCFC00F0F2FD00F0C4FD20
:104DF000D02000F0D9FC00F093FB462000F0D4FC5A
:104E000000F08EFB00F0B8FDD12000F0CDFC00F0EA
:104E100087FB00F0ADFB0546012000F0A1FC00F08F
:104E2000D7FD45EA0420ABF8000000F0A5FDD02036
:104E300000F0BAFC00F074FB472000F0B5FC00F075
:104E40006FFB00F099FDD12000F0AEFC00F068FB94
:104E500000F08EFB0446012000F082FC00F0B8FD5B
:104E600000F08AFDD02000F09FFC00F059FB4820A4
:104E700000F09AFC00F054FB00F07EFDD12000F021
:104E800093FC00F04DFB00F073FB0546012000F0A1
:104E900067FC00F09DFD45EA0420AAF8000001B07F
:104EA000BDE8F08F0000000080B500F009FB00F0C5
:104EB00063FDD02000F078FC00F032FB6B2000F0A6
:104EC00073FC00F02DFB012000F06EFC00F028FBCD
:104ED00000F07EFD00F050FDD02000F065FC00F0F9
:104EE0001FFB6C2000F060FC00F01AFB002000F0BB
:104EF0005BFC00F015FB00F06BFD00F03DFDD020E9
:104F000000F052FC00F00CFB192000F04DFC00F00A
:104F100007FB092000F048FC00F002FB00F058FD00
:104F200000F02AFDD02000F03FFC00F0F9FA1A2032
:104F300000F03AFC00F0F4FA062000F035FC00F036
:104F4000EFFA00F045FD00F017FDD02000F02CFC3A
:104F500000F0E6FA1B2000F027FC00F0E1FA182030
:104F600000F022FC00F0DCFA00F032FD00F004FD5D
:104F7000D02000F019FC00F0D3FA1C2000F014FC43
:104F800000F0CEFA182000F00FFC00F0C9FA00F093
:104F90001FFD6420BDE88040FBF7EEBF000000006D
:104FA0002DE9F04786B044F2E0400024C5F6020047
:104FB0000594CDE90344CDE90144016840F200487D
:104FC00041F0200101600168C5F6020801F02001EE
:104FD00000910099016841F080010160016808F5C5
:104FE000805501F0800100910099016841F00401B1
:104FF00001600168002201F004010091009901683C
:1050000041F00101016001684FF0400A01F0010127
:1050100000910099016841F008010160016801F008
:10502000080100910099016841F0020101600068E7
:10503000402100F00200009000982846FCF7A8FCF0
:1050400008F5806641F6730100223046FCF7A0FCAB
:105050004FF40071012230464FF00109FCF798FC33
:10506000402100224046FCF793FC8021012240466B
:10507000FCF78EFC01AF3C20CDE9010428463946FF
:105080000394FCF7A9FB28463946CDE901A9CDE9EF
:105090000344FCF7A1FB41F673203946CDE9010931
:1050A0003046CDE90344FCF797FBC0203946CDE9F3
:1050B00001094046CDE90344FCF78EFB06B0BDE88C
:1050C000F087000000000000B0B59EB001A83421B8
:1050D000002416941494CDE91244CDE91044CDE98E
:1050E0000E44FBF779FB40F2087044F20005C2F26F
:1050F0000040C4F20105C7210560C0E9011440F277
:10510000E7314461C0E9031480218161FEF7ACFE00
:1051100008B1FBF769FF40F2087015A9C2F2004020
:1051200015941794FEF71CF908B1FBF75DFF60209A
:105130000E9040F208700EA9C2F200400022002436
:10514000CDE90F44CDE91144CDE91344FEF730FC1D
:1051500008B1FBF749FF05944FF40050CDE9034433
:10516000CDE90144CDE906040D9440F20874C2F281
:10517000004401A92046FEF78FF808B1FBF734FF81
:1051800020680021A8421D91CDE91B111A911991A7
:105190001AD040F20041C4F20001884230D144F2FA
:1051A000E0408022C5F60200016841F00401016080
:1051B000006800F00400189000201899C5F602005D
:1051C000022100F5006011E044F2E0400422C5F63F
:1051D0000200016841F0010101600068042100F053
:1051E0000100189018980020C5F602001D9119A919
:1051F000199202221A920022CDE91B22FCF7ECFA46
:105200001EB0B0BD0000000080B588B040F2547000
:105210004EF20002C2F2004000210791C4F20002E7
:10522000CDE9051102910260C722C0E9012142F2D5
:105230000F728161C0E90321FEF702F908B1FBF7A3
:10524000D3FE4FF48050049040F2547004A9C2F28F
:105250000040FEF7EDF908B1FBF7C6FE0020019013
:10526000039040F25470C2F2004001A9FEF778F8B2
:1052700008B1FBF7B9FE08B080BD000000000000D7
:1052800080B588B040F2A0704EF20042C2F20040F9
:10529000C4F20002002107910260C72242604DF271
:1052A0008F02CDE905110291C0F20302C0E902129A
:1052B00001618161FEF7C4F808B1FBF795FE4FF478
:1052C0008050049040F2A07004A9C2F20040FEF7A2
:1052D000AFF908B1FBF788FE00200190039040F27F
:1052E000A070C2F2004001A9FEF73AF808B1FBF73E
:1052F0007BFE08B080BD0000B0B594B040F2EC7009
:1053000040F20045C2F2004000210D91C4F20005B8
:10531000CDE90B11CDE90811CDE90611CDE9041154
:10532000CDE90211CDE900110560C722C0E90121D4
:1053300040F2E732C0E9032180218161FEF780F865
:1053400008B1FBF751FE4FF480500A9040F2EC7028
:105350000AA9C2F20040FEF76BF908B1FBF744FE60
:1053600040F2EC70C2F20040FEF77EFD08B1FBF7A0
:105370003BFE40F2EC7007A9C2F200400024079403
:105380000994FDF7EDFF08B1FBF72EFE60200294B3
:10539000CDE90004049440F2EC74C2F20044694682
:1053A00004222046FEF704FB08B1FBF71DFE44F281
:1053B00000022068C4F20102002190421391CDE95D
:1053C0001111CDE90F1117D0A84231D144F2E040BC
:1053D0008022C5F60200016841F004010160006806
:1053E00000F004000E9000200E99C5F60200022184
:1053F00000F5006012E000BF44F2E0400422C5F670
:105400000200016841F0010101600068042100F020
:1054100001000E900E980020C5F6020013910FA90E
:105420000F92022210920022CDE91122FCF7D4F94A
:1054300014B0B0BD0000000080B540F6380041F661
:105440000001C2F20040C4F201010C2201604FF4DD
:10545000E13141600021C0E902110161C0E905218B
:10546000C0E90711C0E90911FFF756FA08B1FBF7C7
:10547000BBFD40F638000021C2F20040FEF7BCFE42
:1054800008B1FBF7B1FD40F638000021C2F2004040
:10549000FEF76AFE08B1FBF7A7FD40F63800C2F23E
:1054A0000040FEF73DFE002808BF80BDBDE88040FB
:1054B000FBF79ABD00000000FEE7000000000000BE
:1054C000B0B586B040F6000401ADC5F60204002078
:1054D00005904FF4006101911121CDE902100220E5
:1054E000049020462946FCF777F94FF4805001904C
:1054F00020462946FCF770F94FF40061012220464E
:10550000FCF746FA0A20FBF753FD4FF480510122C5
:105510002046FCF73DFA0A20FBF74AFD06B0B0BD75
:10552000B0B540F600044FF48051C5F602040122E4
:105530002046FCF72DFA0A20FBF73AFD4FF40061F4
:1055400001222046FCF724FA0A20FBF731FD4FF434
:1055500080512046FCF714FA05464FF40061002202
:105560002046FCF715FA0A20FBF722FD2846B0BDBD
:10557000B0B540F600044FF48051C5F60204012294
:105580002046FCF705FA0A20FBF712FD4FF40061F4
:1055900001222046FCF7FCF90A20FBF709FD4FF435
:1055A00080512046FCF7ECF901384FF40061B0FA65
:1055B00080F0002245092046FCF7EAF90A20FBF7B3
:1055C000F7FC4FF4006101222046FCF7E1F90A20C4
:1055D000FBF7EEFC4FF480512046FCF7D1F901387F
:1055E0004FF40061B0FA80F000224009800140EAE7
:1055F000C5152046FCF7CCF90A20FBF7D9FC4FF47F
:10560000006101222046FCF7C3F90A20FBF7D0FC19
:105610004FF480512046FCF7B3F901384FF4006194
:10562000B0FA80F00022400945EA40152046FCF718
:10563000AFF90A20FBF7BCFC4FF4006101222046C1
:10564000FCF7A6F90A20FBF7B3FC4FF48051204683
:10565000FCF796F901384FF40061B0FA80F00022AF
:10566000400945EA00152046FCF792F90A20FBF7AD
:105670009FFC4FF4006101222046FCF789F90A20C3
:10568000FBF796FC4FF480512046FCF779F901387E
:105690004FF40061B0FA80F00022400945EAC005ED
:1056A0002046FCF775F90A20FBF782FC4FF40061F5
:1056B00001222046FCF76CF90A20FBF779FC4FF435
:1056C00080512046FCF75CF901384FF40061B0FAD4
:1056D00080F00022400945EA80052046FCF758F991
:1056E0000A20FBF765FC4FF4006101222046FCF71D
:1056F0004FF90A20FBF75CFC4FF480512046FCF781
:105700003FF901384FF40061B0FA80F000224009FF
:1057100045EA40052046FCF73BF90A20FBF748FC28
:105720004FF4006101222046FCF732F90A20FBF712
:105730003FFC4FF480512046FCF722F901384FF42A
:105740000061B0FA80F00022400905432046FCF7D2
:105750001FF90A20FBF72CFCE8B2B0BD00000000E6
:1057600010B540F600040246C5F602044FF480511D
:105770002046FCF70DF90A20FBF71AFC4FF40061F4
:1057800001222046FCF704F90A20FBF711FC4FF434
:10579000006100222046FCF7FBF80A20BDE810401B
:1057A000FBF706BC00000000B0B540F6000405465B
:1057B000C5F6020400F080024FF480512046FCF749
:1057C000E7F80A20FBF7F4FB4FF4006101222046C2
:1057D000FCF7DEF80A20FBF7EBFB4FF40061002238
:1057E0002046FCF7D5F80A20FBF7E2FB05F0400263
:1057F0004FF480512046FCF7CBF80A20FBF7D8FB8A
:105800004FF4006101222046FCF7C2F80A20FBF7A2
:10581000CFFB4FF4006100222046FCF7B9F80A20C4
:10582000FBF7C6FB05F020024FF480512046FCF741
:10583000AFF80A20FBF7BCFB4FF4006101222046C1
:10584000FCF7A6F80A20FBF7B3FB4FF40061002237
:105850002046FCF79DF80A20FBF7AAFB05F0100292
:105860004FF480512046FCF793F80A20FBF7A0FB89
:105870004FF4006101222046FCF78AF80A20FBF76A
:1058800097FB4FF4006100222046FCF781F80A20C4
:10589000FBF78EFB05F008024FF480512046FCF721
:1058A00077F80A20FBF784FB4FF4006101222046C1
:1058B000FCF76EF80A20FBF77BFB4FF40061002237
:1058C0002046FCF765F80A20FBF772FB05F004029E
:1058D0004FF480512046FCF75BF80A20FBF768FB89
:1058E0004FF4006101222046FCF752F80A20FBF732
:1058F0005FFB4FF4006100222046FCF749F80A20C4
:10590000FBF756FB05F002024FF480512046FCF7EE
:105910003FF80A20FBF74CFB4FF4006101222046C0
:10592000FCF736F80A20FBF743FB4FF40061002236
:105930002046FCF72DF80A20FBF73AFB05F00102A0
:105940004FF480512046FCF723F80A20FBF730FB88
:105950004FF4006101222046FCF71AF80A20FBF7F9
:1059600027FB4FF4006100222046FCF711F80A20C3
:10597000BDE8B040FBF71CBB10B540F600044FF487
:105980008051C5F6020401222046FCF701F80A20E6
:10599000FBF70EFB4FF4006101222046FBF7F8FFF6
:1059A0000A20FBF705FB4FF4805100222046FBF74D
:1059B000EFFF0A20FBF7FCFA4FF4006100222046BB
:1059C000FBF7E6FF0A20BDE81040FBF7F1BA000044
:1059D00010B540F600044FF48051C5F602040022D1
:1059E0002046FBF7D5FF0A20FBF7E2FA4FF40061EF
:1059F00001222046FBF7CCFF0A20FBF7D9FA4FF42F
:105A0000805101222046FBF7C3FF0A20BDE8104069
:105A1000FBF7CEBA00000000FEE700000000000027
:105A200080B540F2A8204FF48061C2F20040FAF73E
:105A3000D3FE80BD00000000F0B581B00146CA6809
:105A4000D2B11269C2B18A420D4618D0D168A9B14B
:105A5000096999B19142154611D0CA6862B11269BB
:105A600052B18A420D460AD0D16839B1096929B1CB
:105A700091421546E3D102E00D4600E015460021B3
:105A80004FF0FF342A4600BF8242526908BF0C46DD
:105A90009AB101318242526908BF0C466AB10131A4
:105AA0008242526908BF0C463AB18242526908BF2D
:105AB0004C1C002A01F10201E6D104F1FD0000278F
:105AC000032CC8BFC7B2002F18BF002D50D1002D26
:105AD0004CD0A74207D100200021402210230026ED
:105AE000009600F061F82A6802200221082301F0E4
:105AF0001FF86D69D5B3781CA04207D10020102192
:105B0000402210230026009600F04EF82A6802205A
:105B10001221082301F00CF86D693DB3B81CA042B6
:105B200007D100202021402210230026009600F0FB
:105B30003BF82A6802202221082300F0F9FF6D6952
:105B4000A5B1F81CA04207D100203021402210232B
:105B50000027009700F028F82A6802203221082345
:105B600001B0BDE8F04000F0E3BF00BF01B0F0BD00
:105B7000042000BFC11E6D69B942A8D2002DA6D075
:105B8000811E6D69B942A2D2002DA0D0411E6D695F
:105B9000B9429CD2002D9AD0B8426D6997D2002D9F
:105BA00000F10400E6D192E72DE9F043079F02EBF4
:105BB000000C002F3ED0002A00F07E80002B6FD01A
:105BC00040F2A8295A184FF6F87E4FF00108C2F2A9
:105BD000004903E0013003B29C456DDD85B20E46FD
:105BE000802D15D20E4603E0013633B29A42F1DD24
:105BF000B7B23F2FF8D806EA0E0706F0070308FAF7
:105C000003F309EB07177C5D23437B55ECE700BFEB
:105C1000731C1BB29A42DDDDB31C1BB29A42C2BF99
:105C2000F31C1BB29A42D5DD043633B29A42EFDC44
:105C3000D0E700BF002A00F07C80CA180124013A96
:105C4000402995B202F0070204FA02FE4FEAD5029B
:105C500034D28EB201F0070704FA07F8402D4FEA5C
:105C6000D60541D240F2A827C2F2004707EBC5167D
:105C700007EBC215024603E0013214B2A44558DD19
:105C800097B27F2FF8D8F45D44EA0804F455EC5D30
:105C900044EA0E04EC55EFE7043001B28C450BDD0D
:105CA000411C09B28C4507DD811C09B28C45C2BF7D
:105CB000C11C09B28C45EFDCBDE8F083402D27D232
:105CC00040F2A824C2F2004404EBC212044603E0EE
:105CD000013425B2AC452CDDA5B27F2DF8D8565D38
:105CE00046EA0E065655F3E740F2A8220646C2F2EF
:105CF000004202EBC51203E0013637B2BC4518DDA5
:105D0000B7B27F2FF8D8D55D45EA0805D555F3E73A
:105D10000246571C3FB2BC450BDD971C3FB2BC4549
:105D2000C2BFD71C3FB2BC4503DD043217B2BC452D
:105D3000EFDC002B08BFBDE8F0835A18ACF101037B
:105D40009BB240F2A8284FF6F87C4FF0010EC2F249
:105D5000004803E001310CB2A242ADDD8DB27F28D4
:105D600098BF3F2D04D97F2B98BF3F2DF2D80EE06E
:105D700001EA0C0601F007070EFA07F708EB061612
:105D8000345C3C4334547F2B98BF3F2DE2D801EA6A
:105D90000C0401F007050EFA05F508EB0414E65CA7
:105DA0003543E554D6E70000B0B540F6000405469B
:105DB000C5F60204C20920212046FBF7E9FD0120B7
:105DC000FBF7F6F8102101222046FBF7E1FD012048
:105DD000FBF7EEF8102100222046FBF7D9FD012049
:105DE000FBF7E6F8C5F3801220212046FBF7D0FD33
:105DF0000120FBF7DDF8102101222046FBF7C8FD4A
:105E00000120FBF7D5F8102100222046FBF7C0FD4A
:105E10000120FBF7CDF8C5F3401220212046FBF707
:105E2000B7FD0120FBF7C4F8102101222046FBF743
:105E3000AFFD0120FBF7BCF8102100222046FBF744
:105E4000A7FD0120FBF7B4F8C5F30012202120467E
:105E5000FBF79EFD0120FBF7ABF810210122204645
:105E6000FBF796FD0120FBF7A3F810210022204646
:105E7000FBF78EFD0120FBF79BF8C5F3C002202144
:105E80002046FBF785FD0120FBF792F81021012247
:105E90002046FBF77DFD0120FBF78AF81021002248
:105EA0002046FBF775FD0120FBF782F8C5F3800261
:105EB00020212046FBF76CFD0120FBF779F810212B
:105EC00001222046FBF764FD0120FBF771F8102149
:105ED00000222046FBF75CFD0120FBF769F8C5F3C3
:105EE000400220212046FBF753FD0120FBF760F81C
:105EF000102101222046FBF74BFD0120FBF758F84B
:105F0000102100222046FBF743FD0120FBF750F84B
:105F100005F0010220212046FBF73AFD0120FBF7A6
:105F200047F8102101222046FBF732FD0120FBF744
:105F30003FF8102100222046FBF72AFD0120FBF745
:105F400037F8102101222046FBF722FD0120FBF744
:105F50002FF8102100222046FBF71AFD0120BDE892
:105F6000B040FBF725B8000010B540F60004102142
:105F7000C5F6020401222046FBF70AFD0120FBF7CB
:105F800017F8202101222046FBF702FD0120FBF734
:105F90000FF8AE2000F098FED52000F095FE80208E
:105FA00000F092FEA82000F08FFE3F2000F08CFE53
:105FB000D32000F089FE002000F086FE402000F093
:105FC00083FEA12000F080FEC82000F07DFEDA20D4
:105FD00000F07AFE122000F077FE812000F074FEBF
:105FE000CF2000F071FED92000F06EFEF12000F00D
:105FF0006BFEDB2000F068FE302000F065FEA42080
:1060000000F062FEA62000F05FFE8D2000F05CFE36
:10601000142000F059FEAF2000F056FE40F2A820F8
:106020004FF48061C2F20040FAF7D6FBBDE81040A1
:1060300000F0D2BD000000002DE9F0472DED028BED
:1060400082B0B0EE408BB5EE400BF1EE10FA9A46FE
:106050009046894607460C9D0CDA062D16D0082D71
:1060600020D14BF252400822C0F600001023D0305D
:1060700013E000BF062D19D0082D23D14BF252405A
:106080000822C0F600001023B03016E04BF21820B2
:106090000622C0F6000008234E30009038464946DC
:1060A00000F086F8B1EE488B0CE000BF4BF21820F0
:1060B0000622C0F6000008234230009038464946C8
:1060C00000F076F8B6EEC80BBAF1000FBCEEC81BB4
:1060D00038EE400B11EE100A08D0BAF1040F0AF0A6
:1060E000030205D20A239AB91EE000BF01241BE077
:1060F0000AF0FC03012442F2107600BF21467443EB
:10610000043BFBD148F2A063C0F201034B435AB1F8
:10611000012A01D11C4607E06421022A03FB01F495
:1061200003EB830108BF4C0001EE104A4346009583
:10613000B8EE411B20EE010BBCFE400B10EE106AC6
:10614000B6FBF4F10A18781900B2494600F024FBB6
:1061500008F10100062D10FB057000B20AD0082DD1
:1061600013D14BF252410822C0F600011023E03156
:1061700007E000BF4BF218210622C0F600010823F9
:1061800054310091494600F013F808F102004946E5
:1061900010FB057032465346009500B200F0FCFA41
:1061A00002B0BDEC028BBDE8F087000000000000EB
:1061B0002DE9F04F8BB0002B0292099079D0029814
:1061C00003EB0108002863D0099A40F2A82E861834
:1061D0004FF0010CC2F2004E0C46894606E000BFAB
:1061E00009F101090FFA89F4A04562DD1FFA89F26D
:1061F000402A099A3AD209F00702E4080CFA02F29E
:10620000099D6FEA020A0EEBC4172A4604E000BF9C
:1062100004352AB29642E3DDACB27F2C03D8BC5CD5
:1062200004EA0A04BC546C1C22B29642D8DDA4B223
:106230007F2C03D8BC5C04EA0A04BC54AC1C22B218
:106240009642CDDDA4B27F2C03D8BC5C04EA0A04DC
:10625000BC54EC1C22B29642C2DDA4B27F2CD7D82B
:10626000BC5C04EA0A04BC54D2E700BF541C24B24C
:10627000A642B5DD941C24B2A642C2BFD41C24B2EF
:10628000A642ADDD043214B2A642EFDCA8E700BF9F
:106290000A46571C3FB2B8450BDD971C3FB2B845C4
:1062A000C2BFD71C3FB2B84503DD043217B2B845B0
:1062B000EFDC5A1EDDF80890B9F1000F02EB5272C4
:1062C0004FEAE20700F0508201EB51723C46D310D6
:1062D00022F0070208278A1A07EA1137DDF824E0BE
:1062E00003EBE1303A441FFA82F80EF1010101910B
:1062F00040F2A821C2F10802C2F200411FFA82FA5C
:10630000049009F00300079009F0FC000EF102026E
:10631000009271440391002200210A90059410E03C
:1063200000EBC21627FA0AF233441F78059C3A4361
:106330001A7000BF089901310A98CAB29442C0F29B
:106340002782CBB20891149919FB031B049B9E185A
:1063500002FB0911082E06F1010206916CD2082AEF
:1063600080F0B680B9F1040F80F0FC804FF0000C93
:106370000799DDF808900029059CDBD00CEB0E0393
:106380007F2B18D840F2A82B0699C2F2004B30465A
:106390000BEBC61711F80C60FD5C06FA08F62E43ED
:1063A000FE540BEBC21711F80C60FD5C26FA0AF6DE
:1063B0002E43FE54064607990129BBD001980CEBE9
:1063C00000037F2B1DD840F2A82B0CF10107C2F26D
:1063D000004B069930460BEBC616CD5D059C16F8B2
:1063E00003E005FA08F545EA0E05F5540BEBC21675
:1063F000CF5DDDF824E0F55C27FA0AF72F43F75468
:1064000006460799022995D000980CEB00037F2BD4
:1064100090D840F2A8200CF10207C2F20040069981
:1064200000EBC616CD5D16F803C005FA08F545EA7F
:106430000C05F554CF5D73E7072A3FF67BAFB9F142
:10644000040F80F00581002507990029059C3FF481
:1064500071AF05EB0E037F2B0FD840F2A820059CEF
:10646000C2F2004000EBC2170698465D17F803C061
:1064700026FA0AF646EA0C06FE54079901293FF46B
:1064800059AF01982B187F2B10D840F2A8206F1C11
:10649000C2F20040059C00EBC2160698C75D16F8D4
:1064A00003C027FA0AF747EA0C07F75407990229AD
:1064B0003FF440AF00982B187F2B3FF63BAFAF1C4B
:1064C0000698C75D40F2A820C2F2004028E700BF4E
:1064D000B9F1040F80F00A81B4460025079900291C
:1064E000059C3FF427AF05EB0E027F2A0DD840F242
:1064F000A820059CC2F2004000EBCC130698475D33
:106500009E5C07FA08F737439F54079901293FF427
:1065100011AF01982A187F2A0ED840F2A8206B1CD0
:10652000C2F20040059C00EBCC170698C35CBE5C31
:1065300003FA08F33343BB54079902293FF4FAAE38
:1065400000982B187F2B3FF6F5AEAA1C0698825CAC
:1065500040F2A820C2F2004000EBCC1702FA08F289
:106560003B44E2E603984FF0000C00EBC61507E051
:106570000CF1040C0A986045DDF824E03FF4F8AE15
:10658000E64405EB0C03BEF17F0F0FD90EF10101BC
:106590000BEB0C097F2921D90EF102017F2931D99A
:1065A0000EF103017F29E3D840E000BF1BF80C1077
:1065B00015F80C4001FA08F1214305F80C101BF8FE
:1065C0000C1093F8804021FA0AF1214383F88010DF
:1065D0000EF101010BEB0C097F29DDD899F80110B0
:1065E0005C7801FA08F12143597099F8011093F889
:1065F000814021FA0AF1214383F881100EF1020152
:106600007F29CDD899F802109C7801FA08F121432E
:10661000997099F8021093F8824021FA0AF1214307
:1066200083F882100EF103017F29A1D899F8031095
:10663000DF7801FA08F13943D97099F8031093F81B
:10664000837021FA0AF1394383F8831090E700BF81
:106650000398002500EBC6130A9803E00435A8420E
:106660003FF4F2AE0EEB05077F2F09D9791C7F2985
:1066700013D9B91C7F291ED9F91C7F29EED828E02F
:1066800059191BF8056091F8804026FA0AF626434E
:1066900081F88060791C7F29EBD80BEB05015E192E
:1066A000497896F8814021FA0AF1214386F8811051
:1066B000B91C7F29E0D80BEB05015E19897896F8A3
:1066C000824021FA0AF1214386F88210F91C7F29C1
:1066D000C4D80BEB05015F19C97897F8836021FADC
:1066E0000AF1314387F88310B8E700BF0399B44635
:1066F000002501EBC61303E00435A8423FF4EEAEDB
:106700000EEB05027F2A06D81BF805705E5D07FABE
:1067100008F737435F55571C0BEB05067F2F03EB3C
:10672000050707D9911C7F290DD9D11C7F29E3D8F2
:1067300012E000BF71787C7801FA08F1214379708A
:10674000911C7F29F1D8B178BC7801FA08F1214376
:10675000B970D11C7F29CFD8F178FA7801FA08F105
:106760001143F970C8E700BF002040F00101C9B231
:106770008F420DDB40F00201C9B28F4222BF40F0D0
:106780000301C9B28F4203D30430C1B28F42ECD2AD
:106790000BB0BDE8F08F0000002B08BF70472DE95B
:1067A000F04F83B007460C981C469346894608284C
:1067B00060D0062840F0B680C4F1000A651E4FF094
:1067C000000842F21076A01E029027E001204CF64D
:1067D000CD410823BBFBF0F0CCF6CC41A0FB01126D
:1067E000D10801EB8101A0EB41000C9940F01000B1
:1067F00008FB017100EB400208B24BF21821C0F611
:10680000000101EB4201062200914946FFF7D0FC4E
:1068100008F10108013DA04500F0848088EA0A00E3
:106820000130D3D00298A0EB0800032802D2012047
:1068300007E000BF25F00301012000BF70430439C9
:10684000FCD16FEA0801214411F00301BFD00129F6
:1068500004D100EB80004000B9E700BF4FF47A722A
:10686000022900FB02F24FF0640108BF00FB01F2B5
:106870001046ACE7C4F10008651E002642F2107A0B
:10688000A01E029024E000BF01204CF6CD41102351
:10689000BBFBF0F0CCF6CC41A0FB0112D1084BF2CF
:1068A0005242C0F6000201EB8101A0EB41000C99BD
:1068B00006FB017102EB001208B202F5807108229A
:1068C00000914946FFF774FC0136013DA64229D0EC
:1068D00086EA08000130D7D00298801B032801D235
:1068E000012007E025F00301012000BF00FB0AF0B2
:1068F0000439FBD1F143214411F00301C5D0012932
:1069000004D100EB80004000BFE700BF4FF47A7273
:10691000022900FB02F24FF0640108BF00FB01F204
:106920001046B2E703B0BDE8F04F7047000000002A
:106930002DE9F04F83B09146002A1D468A468346D2
:106940000C980BD4062815D008281FD14BF25240C2
:106950000822C0F600001023B03012E0062817D03D
:10696000082821D14BF252400822C0F60000102323
:10697000D03014E04BF218200622C0F600000823A5
:106980004230009058465146FFF712FC8DB9CBE0DB
:106990004BF218200622C0F6000008234E3000906B
:1069A00058465146FFF704FCC9F10009002D00F0DC
:1069B000BB800C9808285FD0062840F0B5806E4256
:1069C0006F1E4FF0000842F21074A81E029028E0DB
:1069D00001204CF6CD4108F10108B9FBF0F0CCF6EE
:1069E000CC410823A0FB0112D10801EB8101A0EBEF
:1069F00041000C9940F0100008FB01B100EB40028F
:106A000008B24BF21821C0F6000101EB4201062248
:106A100000915146FFF7CCFBA845A7F1010700F014
:106A2000838088EA06000130D2D00298A0EB0800EB
:106A3000032801D2012006E027F00301012000BF56
:106A400060430439FCD16FEA0801294411F00301C5
:106A5000BFD0012904D100EB80004000B9E700BF9E
:106A60004FF47A72022900FB02F24FF0640108BF72
:106A700000FB01F21046ACE76F426E1E002442F2AA
:106A80001078A81E029024E001204CF6CD4101347C
:106A9000B9FBF0F0CCF6CC411023A0FB0112D108D9
:106AA0004BF25242C0F6000201EB8101A0EB410023
:106AB0000C9904FB01B102EB001208B202F58071DF
:106AC000082200915146FFF773FBAC42A6F1010684
:106AD0002AD084EA07000130D6D00298001B032890
:106AE00002D2012008E000BF26F00301012000BF10
:106AF00000FB08F00439FBD1E143294411F0030104
:106B0000C3D0012904D100EB80004000BDE700BFE5
:106B10004FF47A72022900FB02F24FF0640108BFC1
:106B200000FB01F21046B0E703B0BDE8F08F0000B3
:106B30002DE9F04381B014461278002A48D01D4652
:106B4000894607460020082B1AD0062D36D14BF275
:106B500018280026C0F6000802EB420100FB057071
:106B60000622082300B208EB4101C03900914946D2
:106B7000FFF71EFB0136F0B2225C002AECD127E0C1
:106B80004BF252480026C0F6000800BF00FB05701B
:106B900008EB0211A1F50071082200B21023009148
:106BA0004946FFF705FB0136F0B2225C002AEDD121
:106BB0000EE000BF0430C1B2615C49B154FA80F10B
:106BC0004A782AB18A78002A1CBFC9780029F1D1F5
:106BD00001B0BDE8F083000010B5B02000F074F8FB
:106BE000102000F071F8002000F06EF840F2A824A8
:106BF0008021C2F20044204600F0B2F8B12000F03B
:106C000063F8102000F060F8002000F05DF804F157
:106C10008000802100F0A4F8B22000F055F8102088
:106C200000F052F8002000F04FF804F58070802149
:106C300000F096F8B32000F047F8102000F044F878
:106C4000002000F041F804F5C070802100F088F8C1
:106C5000B42000F039F8102000F036F8002000F0E1
:106C600033F804F50070802100F07AF8B52000F0C8
:106C70002BF8102000F028F8002000F025F804F58B
:106C80002070802100F06CF8B62000F01DF8102074
:106C900000F01AF8002000F017F804F54070802189
:106CA00000F05EF8B72000F00FF8102000F00CF8AC
:106CB000002000F009F804F560708021BDE8104064
:106CC00000F04EB800000000B0B540F600040546E4
:106CD000C5F60204202101222046FAF759FE0120C0
:106CE000FAF766F9102101222046FAF751FE012039
:106CF000FAF75EF9202100222046FAF749FE01202A
:106D0000FAF756F9102100222046FAF741FE012039
:106D1000FAF74EF97820FFF747F80020FFF744F81C
:106D20002846FFF741F8202100222046FAF730FEDE
:106D30000120FAF73DF9102101222046FAF728FE3A
:106D40000120FAF735F9202101222046FAF720FE2A
:106D50000120BDE8B040FAF72BB9000000000000A8
:106D600070B540F600040D46C5F602040646202123
:106D700001222046FAF70CFE0120FAF719F910213A
:106D800001222046FAF704FE0120FAF711F920212A
:106D900000222046FAF7FCFD0120FAF709F910213C
:106DA00000222046FAF7F4FD0120FAF701F97820D5
:106DB000FEF7FAFF4020FEF7F7FF3DB1013E00BFAE
:106DC00016F8010FFEF7F0FF013DF9D12021002256
:106DD0002046FAF7DDFD0120FAF7EAF8102101223A
:106DE0002046FAF7D5FD0120FAF7E2F8202101222A
:106DF0002046FAF7CDFD0120BDE87040FAF7D8B87B
:106E00002DE9F04F40F674100021C2F20040C4F2A8
:106E100096314EF2481241F2947381620021CCF215
:106E20009631C16240F6C411C3F63A72C2F2004113
:106E30004DF20A77C3F699430260C3F6A34744F2C2
:106E4000000581E88C0040F6241244F20004C2F2EE
:106E500000420026C0E90137C4F29C654563CCF2CC
:106E60009C648463C1E90D5445F6294348F63648CD
:106E700043F671594DF20A7540F2000E00270024C6
:106E800043F6000A43F6000CC4F2A0060662C4F200
:106E90001F030E62C3F682581360C3F68A69C2F8F4
:106EA0000480C3F62345C2E902950023C4F2201EE4
:106EB000C2E90433C2E90633C2F820E0C4F27A47DB
:106EC0005362CCF27A44C2E90A74C4F20E6A1363C4
:106ED000CCF20E6C4FF48036C2E90DAC96644FF0E4
:106EE0007E5BC2E90FB3536445F62946D36440F68E
:106EF000D402C2F20042C4F21F06C0E9043382E8A1
:106F00004003D56001269762D462C2E90DACC0E9A6
:106F10000633436203630364C2F83CB0C1E904333F
:106F2000C1E906334B620B630B64C2E90433C2E967
:106F30000633C2E908E31363A2F84830C2E910330C
:106F4000A2F84A60D36443F233320023C560CD60B7
:106F5000C3F633728F62C4F2F013CC6280F84A60D9
:106F6000C26380F84B60C0F84CE04364A0F848600E
:106F7000CA63C1F84CE04B6481F84A6081F84B6009
:106F8000A1F84860BDE8F08FB0B50446007840280D
:106F900072D153A105222046F9F78EFB60B352A1AE
:106FA00005222046F9F788FB002867D050A1072268
:106FB0002046F9F781FB002868D04FA10622204621
:106FC000F9F77AFB00286BD04DA10D222046F9F786
:106FD00073FB00286ED04EA107222046F9F76CFB08
:106FE000002849D140F21421E01DC2F2004101F114
:106FF000200201F1240367E040F214254BF6CC2176
:10700000C2F20045601D05F1280205F12C03C0F60F
:107010000001F9F783FA02282ED1A01D2821F9F7E3
:1070200041FB48B34BF6CC2105F1300205F13403A6
:10703000C0F600010446F9F771FA02281CD1601C61
:107040002821F9F72FFBB8B14BF6CC2105F1380216
:1070500005F13C03C0F600010446F9F75FFA022887
:107060000AD1601C2821F9F71DFB28B105F1400267
:1070700005F1440328E000BF0020B0BD40F2142217
:10708000601DC2F20042131D1EE000BF40F2142139
:10709000E01DC2F2004101F1080201F10C0313E00E
:1070A00040F21421A01DC2F2004101F1100201F1D1
:1070B000140309E040F2142104F10D00C2F2004172
:1070C00001F1180201F11C034BF6CC21C0F60001BE
:1070D000F9F724FA0238B0FA80F04009B0BD00BFD9
:1070E00040524F493A000000405245443A000000E7
:1070F00040475245454E3A0040424C55453A000003
:1071000040524543545F43454E5445523A000000B7
:10711000404C415345523A007047000000000000C7
:10712000F0B581B044F22C47C5F6020757F8042C9D
:1071300002F00302032A03D1012001B0F0BD00BF19
:10714000054657F82C0C0C4620F0806047F82C0CB4
:10715000FAF726FC064600BF57F82C0C000105D5AF
:10716000FAF71EFC801B0228F6D964E057F8040CDD
:10717000EE6895E80E0020F47C30012C40EA0130E6
:10718000A2F101016FF35F214FF47E4202EB432233
:1071900047F8040C92B24FF0FE4302EB01004FF4AB
:1071A000FE012A6901EB064101F4FE0103EB0262D4
:1071B000084402F0FE410844F8603868696920F02C
:1071C000C00040EA010038603868A96920F020005A
:1071D00040EA0100386038684FF6F87120F010007E
:1071E00038603869EA6920EA01004FF4001140EA8A
:1071F000C2003861386808BF4FF4801140F01000B9
:10720000002C386008BF4FF400213868084338600C
:1072100057F82C0C40F0806047F82C0CFAF7C0FBB4
:10722000044600BF57F82C0C000107D4FAF7B8FB4E
:10723000001B0328F6D3032001B0F0BD002001B0ED
:10724000F0BD000000000000F0B581B044F22C4712
:10725000C5F6020757F8042C02F00302032A03D1F3
:10726000012001B0F0BD00BF054657F82C0C0C46BC
:1072700020F0805047F82C0CFAF792FB064600BF2E
:1072800057F82C0C800005D5FAF78AFB801B0228E2
:10729000F6D964E057F8040CEE6895E80E0020F08B
:1072A0007C70012C40EA0150A2F101016FF35F21D3
:1072B0004FF47E4202EB432247F8040C92B24FF0A7
:1072C000FE4302EB01004FF4FE012A6901EB064187
:1072D00001F4FE0103EB0262084402F0FE4108449F
:1072E00078613868696920F4406040EA01003860DC
:1072F0003868A96920F4007040EA010038603868F5
:107300004FF6F87120F480703860B869EA6920EAB5
:1073100001004FF0807140EAC200B861386808BFD0
:107320004FF4000140F48070002C386008BF4FF427
:10733000800138680843386057F82C0C40F08050C2
:1073400047F82C0CFAF72CFB044600BF57F82C0C1E
:10735000800007D4FAF724FB001B0328F6D3032090
:1073600001B0F0BD002001B0F0BD00000000000041
:10737000704700000000000010B504460068B8B176
:107380002068A27FA18B0028B2FA82F3A069D8BF3F
:107390005A09FAF7FDFA60694FEAB000042819D8D3
:1073A0004BF2E811C0F6000151F8200013E000BFD5
:1073B000D4E904014FEAB1010429006826D84BF250
:1073C000E812C0F6000252F8212000218150E17736
:1073D00010BD00BF5C2040F20801C2F20041096804
:1073E00062682369B1FBF2F11B68490819504FF03C
:1073F000FF3120680128B8BF0121206808442060BF
:107400002168002918BF0121E17710BD5C2200210D
:107410008150E17710BD0000B0B50446002004F1B2
:10742000100C069D20606060A5608CE80E00049939
:10743000A1830599A177E077FAF7B2FA00EE105A26
:107440009FED0E1A9FED0E2A4FF07F5120625022C1
:10745000B8EE400A6162042020EE011A81FE400A63
:10746000B5EE401AF1EE10FAB8BFB0EE420AC4E928
:107470000A20BCEEC00A84ED020AB0BD6666A63FD3
:107480000000000000000000FAF792BA00000000BF
:10749000B0B59CB044F6180409A84C21C5F6020406
:1074A000F9F79AF902200025CDE90755CDE90555F0
:1074B000CDE90355CDE90155FAF74AFB009520685F
:1074C00040F440402060206800F440400090009864
:1074D0002068800409D4206880045CBF20685FEACB
:1074E000804002D420688004F2D501200990202237
:1074F0004FF48031CDE915200C20199009A80A918C
:1075000002211491CDE91211CDE917110024CDE922
:107510001A44FBF705FC28B1EFF3108072B600BFE8
:10752000FEE700BF3F20019003204FF48061CDE9CA
:107530000204082004904020CDE90500CDE90710A1
:1075400001A80221FBF7A8F920B1EFF3108072B671
:10755000FEE700BF1CB0B0BD4EF6885042F2000CF2
:10756000CEF20000C5F2002C026842F47002026004
:10757000DCF8000000F00F00062806D8DCF8000058
:10758000072262F30300CCF8000044F200404EF6FC
:107590007F51C5F60200CEF6F621026842F00102E4
:1075A000026000220261036819400160DCF80010EB
:1075B000090706D5DCF80010072363F30301CCF8B4
:1075C000001040F200218261C261C0F20221026219
:1075D00081620021C0F2FF11C16240F28021C0F23D
:1075E0000111016342638163C26301644264016803
:1075F00021F480210160026644F20000C5F20020FF
:1076000043F2D2010160704740F20870C2F20040BC
:10761000FCF712B90000000040F25470C2F20040C2
:10762000FCF70AB90000000040F2A070C2F200406E
:10763000FCF702B90000000040F2EC70C2F200401A
:10764000FCF7FAB80000000040F6FF32C4F2000276
:107650009042026810DCB0F1804F1ED040F200432F
:10766000C4F20003984218D040F60003C4F20003AD
:10767000984212D015E000BF40F60043C4F2000368
:1076800098420AD040F20043C4F20103984204D069
:107690000023C4F20103984203D122F070024B6828
:1076A0001A434EF2FF3343F6FF7CC4F20003C4F2E8
:1076B000010C984214DD60452CDC4EF20043C4F20C
:1076C0000003984243D00023C4F2010398423ED005
:1076D00040F20043C4F20103984238D03BE000BFBF
:1076E00040F2FF73C4F20003984227DD40F6000326
:1076F000C4F2000398422AD040F60043C4F20003CB
:10770000984224D04EF20003C4F2000398421ED0E7
:1077100021E000BF44F20003C4F20103984216D0F6
:1077200044F60003C4F20103984210D044F200432F
:10773000C4F2010398420AD00DE000BFB0F1804FBF
:1077400005D040F20043C4F20003984203D122F472
:107750004072CB681A4310B522F08002D1F800E0E5
:107760004C698B6822430260C3626045C0F828E020
:10777000BDE8104012DD44F20002C4F20102904262
:1077800017D044F60002C4F20102904211D044F234
:107790000042C4F2010290420BD00CE00022C4F27D
:1077A0000102904205D040F20042C4F20102904230
:1077B00001D109690163012141610169C90708BF5C
:1077C0007047016921F0010101617047000000006C
:1077D00040F63800C2F20040FCF762BD0000000035
:1077E000816A0A070CD4CA0715D18A071ED44A0732
:1077F00027D4CA0630D48A0639D44A0642D454E083
:107800000268D0F838C0536823F4004343EA0C03FD
:107810005360CA07E9D00268D0F82CC0536823F43B
:10782000003343EA0C0353608A07E0D50268D0F8BE
:1078300030C0536823F4803343EA0C0353604A0793
:10784000D7D50268D0F834C0536823F4802343EAC4
:107850000C035360CA06CED50268D0F83CC09368CA
:1078600023F4805343EA0C0393608A06C5D502686B
:10787000D0F840C0936823F4005343EA0C039360AC
:107880004A0612D50268D0F844C0BCF5801F536880
:1078900023F4801343EA0C03536006D1536823F4A6
:1078A000C00C836C43EA0C035360090658BF704751
:1078B0000168C06C4A6822F4002210434860704797
:1078C000B0B582B004460020C4F89000FAF768F81A
:1078D000216805460A68120737D54FF400110022C7
:1078E0006FF07E40009020462B4601F06DF958B3B2
:1078F000206850E8000F216820F0800041E8000275
:10790000002A1FBF206850E8000F216820F0800087
:107910001CBF41E80002002A12D0206850E8000F86
:10792000216820F0800041E800024AB1206850E858
:10793000000F216820F0800041E80002002AD7D122
:107940000320202188226CE02168086840075FD569
:107950004FF4800100226FF07E40009020462B46BD
:1079600001F032F9002853D0206850E8000F216858
:1079700020F4907041E80002F2B1206850E8000F56
:10798000216820F4907041E80002002A1FBF20689F
:1079900050E8000F216820F490701CBF41E80002FD
:1079A000002A09D0206850E8000F216820F4907068
:1079B00041E80002002AD7D1206850E8020F216870
:1079C00020F0010041E80202002A1FBF206850E8B1
:1079D000020F216820F001001CBF41E80202002ACA
:1079E00012D0206850E8020F216820F0010041E821
:1079F00002024AB1206850E8020F216820F001001D
:107A000041E80202002AD7D1032020218C2208E07D
:107A10002020C4F88800C4F88C00002170220020C7
:107A2000E166A150002184F8841002B0B0BD0000CE
:107A3000806B0021A0F85E10A0F85610FCF72CBC5B
:107A4000F0B581B040F2FC17C2F200477C78FCB17F
:107A5000B98840F69622C2F20042064601EB811137
:107A600002EB4101B1F880502A46F8F770FEA6F803
:107A7000805043F23431B888C3F233310130A0FB77
:107A8000011202EB8201401AB880787801387870D0
:107A9000002C18BF0124204601B0F0BD00000000FA
:107AA000B0F860200168D0F88C30222B40F0A8801C
:107AB000496A836D114023F8021B8365B0F85E109C
:107AC0000139A0F85E10B0F85E10002918BF7047A9
:107AD000016851E8001F026821F4907142E8001328
:107AE000F3B1016851E8001F026821F4907142E887
:107AF0000013002B1FBF016851E8001F026821F42A
:107B000090711CBF42E80013002B09D0016851E8B6
:107B1000001F026821F4907142E80013002BD7D1B6
:107B2000016851E8021F026821F0010142E80213D6
:107B3000F3B1016851E8021F026821F0010142E837
:107B40000213002B1FBF016851E8021F026821F0D9
:107B500001011CBF42E80213002B09D0016851E863
:107B6000021F026821F0010142E80213002BD7D165
:107B70002021C0F88C1000214167016740F60042C7
:107B80000168C5F60002914202D0496809023DD45D
:107B9000C16E012964D10021C166016851E8001F4E
:107BA000026821F0100142E80013F3B1016851E8C6
:107BB000001F026821F0100142E80013002B1FBFD4
:107BC000016851E8001F026821F010011CBF42E863
:107BD0000013002B09D0016851E8001F026821F052
:107BE000100142E80013002BD7D10168CA69D20600
:107BF00001D510220A62B0F85C10FCF7ADBA00BFE4
:107C0000886940F008008861704700BF016851E84A
:107C1000001F026821F0806142E80013002BB7D0FA
:107C2000016851E8001F026821F0806142E80013FA
:107C3000002B1FBF016851E8001F026821F080611E
:107C40001CBF42E80013002BA2D0016851E8001FBE
:107C5000026821F0806142E80013002BD6D197E73B
:107C6000FCF73ABF000000002DE9F04F81B0044658
:107C70000368B0F86050DA6918689968D4F88C70B5
:107C8000222F65D1B4F86830002B18BF12F0200203
:107C900066D1B4F85E0000285ED0B4F8681088425F
:107CA0005AD2206850E8020F216820F0805041E845
:107CB0000202F2B1206850E8020F216820F08050E3
:107CC00041E80202002A1FBF206850E8020F216825
:107CD00020F080501CBF41E80202002A09D0206831
:107CE00050E8020F216820F0805041E80202002A8B
:107CF000D7D147F6A120C0F600006067206850E8A1
:107D0000000F216840F0200041E8000222B3206803
:107D100050E8000F216840F0200041E80002002AEE
:107D20001FBF206850E8000F216840F020001CBFF2
:107D300041E80002002A0FD0206850E8000F2168B7
:107D400040F0200041E80002002AD7D104E000BF43
:107D5000986940F00800986101B0BDE8F08F00BF5D
:107D60004FF6FE7640F60049CEF6FF760027C5F6C0
:107D7000000900F4807B01F0010A07E02046FCF7CF
:107D8000ABFE00BF5FEA88607FF583AF2068A16D1E
:107D9000426A2A4021F8022BA165B4F85E1001392D
:107DA000A4F85E10D0F81C805FEA487135D05FEA15
:107DB000C87218BFBBF1000F04D15FEA88720CD4FF
:107DC00016E000BF01220262D4F8902042F00102C6
:107DD000C4F890205FEA88720AD5BAF1000F07D084
:107DE00002220262D4F8902042F00402C4F89020EB
:107DF00000290AD5BAF1000F07D004210162D4F896
:107E0000900040F00200C4F89000D4F8900020B137
:107E10002046FCF741FAC4F89070B4F85E000028E0
:107E2000B0D1206850E8000F216820F4807041E84C
:107E30000002FAB1206850E8000F216820F4807039
:107E400041E80002002A1FBF206850E8000F2168A7
:107E500020F480701CBF41E80002002A0AD020688C
:107E600050E8000F216820F4807041E80002002AE9
:107E7000D7D100BF206850E8020F2168304041E8A8
:107E80000202DAB1206850E8020F2168304041E870
:107E90000202002A1FBF206850E8020F216830400C
:107EA0001CBF41E80202002A08D0206850E8020FF7
:107EB0002168304041E80202002ADBD12020C4F8CA
:107EC0008C00676727672068484502D04068000239
:107ED00038D4E06E01287FF451AFE766206850E89F
:107EE000000F216820F0100041E80002F2B1206884
:107EF00050E8000F216820F0100041E80002002A3D
:107F00001FBF206850E8000F216820F010001CBF40
:107F100041E80002002A09D0206850E8000F2168DB
:107F200020F0100041E80002002AD7D12068C16982
:107F3000C90601D510210162B4F85C102046FCF797
:107F40000BF91FE7206850E8000F216820F08060DF
:107F500041E80002002ABCD0206850E8000F2168E8
:107F600020F0806041E80002002A1FBF206850E82E
:107F7000000F216820F080601CBF41E80002002A49
:107F8000A7D0206850E8000F216820F0806041E809
:107F90000002002AD6D19CE7B0F860100268D0F841
:107FA0008C30222B40F0AA80526A836D11401970E8
:107FB000816D01318165B0F85E100139A0F85E1065
:107FC000B0F85E10002918BF7047016851E8001F23
:107FD000026821F4907142E80013FBB1016851E896
:107FE000001F026821F4907142E80013002B1FBFAC
:107FF000016851E8001F026821F490711CBF42E83B
:108000000013002B0AD0016851E8001F026821F418
:10801000907142E80013002BD7D100BF016851E8EE
:10802000021F026821F0010142E80213F3B1016866
:1080300051E8021F026821F0010142E80213002BFF
:108040001FBF016851E8021F026821F001011CBF37
:1080500042E80213002B09D0016851E8021F0268B0
:1080600021F0010142E80213002BD7D12021C0F8F2
:108070008C1000214167016740F600420168C5F697
:108080000002914202D0496809023DD4C16E012923
:1080900064D10021C166016851E8001F026821F027
:1080A000100142E80013F3B1016851E8001F0268B3
:1080B00021F0100142E80013002B1FBF016851E8B6
:1080C000001F026821F010011CBF42E80013002BC2
:1080D00009D0016851E8001F026821F0100142E850
:1080E0000013002BD7D10168CA69D20601D510222E
:1080F0000A62B0F85C10FCF72FB800BF906940F03E
:1081000008009061704700BF016851E8001F0268D5
:1081100021F0806142E80013002BB7D0016851E8DC
:10812000001F026821F0806142E80013002B1FBF8E
:10813000016851E8001F026821F080611CBF42E81D
:108140000013002BA2D0016851E8001F026821F043
:10815000806142E80013002BD6D197E7FCF7BCBC46
:108160002DE9F04F81B004460368B0F86050DA6939
:1081700018689968D4F88C70222F65D1B4F86830EB
:10818000002B18BF12F0200266D1B4F85E00002860
:108190005ED0B4F8681088425AD2206850E8020FC6
:1081A000216820F0805041E80202F2B1206850E8D6
:1081B000020F216820F0805041E80202002A1FBF10
:1081C000206850E8020F216820F080501CBF41E871
:1081D0000202002A09D0206850E8020F216820F02E
:1081E000805041E80202002AD7D147F69970C0F6C4
:1081F00000006067206850E8000F216840F0200010
:1082000041E8000222B3206850E8000F216840F0E6
:10821000200041E80002002A1FBF206850E8000F3C
:10822000216840F020001CBF41E80002002A0FD066
:10823000206850E8000F216840F0200041E800026B
:10824000002AD7D104E000BF986940F00800986187
:1082500001B0BDE8F08F00BF4FF6FE7640F6004952
:10826000CEF6FF760027C5F6000900F4807B01F00A
:10827000010A07E02046FCF72FFC00BF5FEA886098
:108280007FF583AF2068A16D406A28400870A06D1B
:108290000130A0652068B4F85E100139A4F85E10C2
:1082A000D0F81C805FEA487135D05FEAC87218BF09
:1082B000BBF1000F04D15FEA88720CD416E000BF56
:1082C00001220262D4F8902042F00102C4F890200A
:1082D0005FEA88720AD5BAF1000F07D00222026263
:1082E000D4F8902042F00402C4F8902000290AD566
:1082F000BAF1000F07D004210162D4F8900040F0D9
:108300000200C4F89000D4F8900020B12046FBF79A
:10831000C3FFC4F89070B4F85E000028AED12068A6
:1083200050E8000F216820F4807041E80002FAB1A3
:10833000206850E8000F216820F4807041E80002B6
:10834000002A1FBF206850E8000F216820F48070C9
:108350001CBF41E80002002A0AD0206850E8000F44
:10836000216820F4807041E80002002AD7D100BFC4
:10837000206850E8020F2168304041E80202DAB17B
:10838000206850E8020F2168304041E80202002ACC
:108390001FBF206850E8020F216830401CBF41E831
:1083A0000202002A08D0206850E8020F21683040FD
:1083B00041E80202002ADBD12020C4F88C00676764
:1083C00027672068484502D04068000238D4E06E34
:1083D00001287FF44FAFE766206850E8000F21685E
:1083E00020F0100041E80002F2B1206850E8000FD0
:1083F000216820F0100041E80002002A1FBF206819
:1084000050E8000F216820F010001CBF41E8000276
:10841000002A09D0206850E8000F216820F01000E1
:1084200041E80002002AD7D12068C169C90601D5F8
:1084300010210162B4F85C102046FBF78DFE1DE7A9
:10844000206850E8000F216820F0806041E80002B9
:10845000002ABCD0206850E8000F216820F080601E
:1084600041E80002002A1FBF206850E8000F216881
:1084700020F080601CBF41E80002002AA7D02068DD
:1084800050E8000F216820F0806041E80002002AD7
:10849000D6D19CE700000000F0B583B00446006828
:1084A00046F6F31640F6004E22696569D4E90213D8
:1084B0000A43E7690168CCF6FF762A43314011434D
:1084C000C5F6000E394301604168704521F4405102
:1084D00044F2544C41EA03014160A2694FF2FF4368
:1084E0001CBF216A0A438168C1F2FF131940C5F617
:1084F000020C1143816047F6FF32C16AC4F20002E8
:1085000021F00F01656A90424FF0800341EA0501B6
:10851000C16219DD41F2FF71C4F2010188422DDC14
:1085200047F60041C4F20001884257D041F20001F1
:10853000C4F20101884239D041F20041C4F2010184
:10854000884233D056E000BF44F6FF31C4F2000148
:10855000884237DD44F60041C4F2000188423DD034
:1085600045F20001C4F20001884237D047F600010D
:10857000C4F20001884231D03CE000BF41F6000166
:10858000C4F20101884211D041F60041C4F2010158
:1085900088420BD070452DD1DCF8041001F00702A1
:1085A000062A27D20FF2883122E000BFDCF8001043
:1085B000C1F3C202062A1DD24BF20221C0F600010D
:1085C00016E000BF44F20041C4F20001884205D029
:1085D00044F60001C4F2000188420BD1DCF800101F
:1085E00001F00702062A05D24BF2FC11C0F6000189
:1085F0008B181B78704540F60010C0F23D0000F06B
:108600005380B7F5004F40F07B80402B4FF00101C5
:1086100000F28581DFE813F042002E01830183011F
:1086200036018301830183014201830183018301B8
:1086300083018301830183010A0183018301830193
:10864000830183018301830183018301830183010A
:108650008301830183018301480183018301830135
:1086600083018301830183018301830183018301EA
:1086700083018301830183018301830183018301DA
:1086800083018301830183018301830183018301CA
:108690008301830183018301260100BFFAF750FAA9
:1086A000002840F0008136E19A1E01211E2A00F2C6
:1086B0007580DFE812F01F003401870034013401B7
:1086C00034018D00340134013401340134013401AA
:1086D00034017900340134013401340134013401AE
:1086E00034013401340134013401340134013401E2
:1086F00034019500F9F754FA002840F070800AE13F
:10870000402B4FF0010100F20A81DFE813F0410035
:10871000B70008010801C100080108010801E900CB
:1087200008010801080108010801080108019D006D
:1087300008010801080108010801080108010801F1
:108740000801080108010801080108010801EF00FB
:1087500008010801080108010801080108010801D1
:1087600008010801080108010801080108010801C1
:1087700008010801080108010801080108010801B1
:108780000801080108010801080108010801AF00FB
:10879000FAF7D6F9002840F0A880BCE0402B40F062
:1087A000BE804FF400401BE05CF8540C800649F298
:1087B0000000C0F2D03013D55CF8541CC1F3C101E5
:1087C000C8400DE06846F9F7FFF9019838B9A2E012
:1087D0006846F9F78DFA0198002800F09C80656AD8
:1087E0004BF642216268C0F6000131F81510B0FB6B
:1087F000F1F002EB420188424FF00101C0F08F809E
:108800001303984200F28B80010E0023000210EB4C
:10881000520041F10001F7F708FE4FF60052A0F5B3
:108820004071C0F20F02914273D377E05CF8540CB0
:10883000800649F20000C0F2D03035D55CF8541CF7
:10884000C1F3C101C8402FE05CF8540C800649F226
:108850000000C0F2D03049D55CF8541CC1F3C1010E
:10886000C84043E04FF400401EE000BF4FF400401A
:108870003CE000BFFAF794F9A8B94CE0FAF790F998
:1088800098BB48E06846F9F79FF9019858B942E06B
:108890006846F9F799F9019838BB3CE06846F9F762
:1088A00027FA0198B8B3656A4BF64221C0F6000179
:1088B00031F81510B0FBF1F061684A0802EB400096
:1088C0004FF6EF72B0FBF1F0A0F11001914225D804
:1088D0004FF6F0710140C0F34200084419E000BFB8
:1088E0006846F9F705FA0198A8B1656A4BF6422186
:1088F0006268C0F6000131F81510B0FBF1F000EB32
:108900005200B0FBF2F0A0F110014FF6EF7291426D
:1089100004D82168C860002101E000BF01214FF0A8
:108920000110A0660020C4E91D00084603B0F0BD98
:10893000020408102040000040F6380040F2FC110C
:10894000C2F20040C2F200410122FCF76DB8000003
:1089500081650023A0F85C20A0F85E208168436751
:1089600071B1B1F1805F07D0B1F5805F0ED10169BF
:1089700051B940F2FF110AE0016919B13F2106E047
:10898000016909B17F2102E0FF2100E00021A0F888
:1089900060100021C0F890102221C0F88C100168EE
:1089A00051E8021FD0F800C041F001014CE8021369
:1089B0000BB3016851E8021FD0F800C041F001017B
:1089C0004CE80213002B1FBF016851E8021FD0F8CA
:1089D00000C041F001011CBF4CE80213002B0AD07B
:1089E000016851E8021FD0F800C041F001014CE8D5
:1089F0000213002BD3D1416EB1F1005F03D1B0F867
:108A000068108A4240D28168B1F5805F016907D160
:108A1000002947D047F69971C0F60001416706E08A
:108A200047F699720029C0F6000242673FD00168FC
:108A300051E8001F026841F4907142E80013002BD6
:108A400000F0BE80016851E8001F026841F4907197
:108A500042E80013002B1FBF016851E8001F0268A5
:108A600041F490711CBF42E80013002B00F0A88075
:108A7000016851E8001F026841F4907142E8001358
:108A8000002BD4D19CE000BF8168B1F5805F016903
:108A900038D1002966D048F26111C0F60001416763
:108AA00036E000BF47F6A121C0F60001416701682A
:108AB00051E8001F026841F0200142E80013002B3A
:108AC0007ED0016851E8001F026841F0200142E8B1
:108AD0000013002B1FBF016851E8001F026841F01E
:108AE00020011CBF42E80013002B69D0016851E847
:108AF000001F026841F0200142E80013002BD6D18C
:108B00005EE000BF48F26112C0F60002426779B32E
:108B1000016851E8001F026841F4807142E80013C7
:108B200033B3016851E8001F026841F4807142E8E4
:108B30000013002B1FBF016851E8001F026841F4B9
:108B400080711CBF42E80013002B11D0016851E86E
:108B5000001F026841F4807142E80013002BD7D156
:108B600006E000BF47F66941C0F60001416700BF5B
:108B7000016851E8021F026841F0805142E8021387
:108B8000F3B1016851E8021F026841F0805142E8E8
:108B90000213002B1FBF016851E8021F026841F059
:108BA00080511CBF42E80213002B09D0016851E834
:108BB000021F026841F0805142E80213002BD7D116
:108BC00000207047000000002DE9F0418046006859
:108BD0000D46C7693940491BB1FA81F149098A42FA
:108BE00025D1069C34B31646611C29D1C1692940A0
:108BF000491BB1FA81F149098E4218D1C169294056
:108C0000491BB1FA81F149098E4201BFC16929406E
:108C1000491BB1FA81F104BF49098E4207D1C169EC
:108C20002940491BB1FA81F149098E42DED000206A
:108C3000BDE8F081F8F7B4FE0320BDE8F08100BF85
:108C40001F4607E0C0692840401BB0FA80F0400989
:108C50008642ECD1F8F7A4FEC01BA04200F2B68019
:108C6000D8F8000001684907ECD5402D18BF802DC9
:108C7000E8D0C169090700F1AD80C1690905E1D5F6
:108C80004FF400610162D8F8000050E8000FD8F8F6
:108C9000001020F4907041E8000222B3D8F80000E0
:108CA00050E8000FD8F8001020F4907041E800025E
:108CB000002A1FBFD8F8000050E8000FD8F80010B5
:108CC00020F490701CBF41E80002002A0BD0D8F8B5
:108CD000000050E8000FD8F8001020F4907041E830
:108CE0000002002ACFD14FF6FE70CEF6FF70D8F802
:108CF000001051E8021FD8F80020014042E802139A
:108D00000BB3D8F8001051E8021FD8F8002001403A
:108D100042E80213002B1FBFD8F8001051E8021FD1
:108D2000D8F8002001401CBF42E80213002B0AD0F3
:108D3000D8F8001051E8021FD8F80020014042E89E
:108D40000213002BD3D1D8F86C0001282FD1D8F80A
:108D5000000050E8000FD8F8001020F0100041E8A3
:108D6000000222B3D8F8000050E8000FD8F8001035
:108D700020F0100041E80002002A1FBFD8F80000D0
:108D800050E8000FD8F8001020F010001CBF41E898
:108D90000002002A0BD0D8F8000050E8000FD8F8E5
:108DA000001020F0100041E80002002ACFD120205E
:108DB000C8F88C000021C8F86C10C8F87410C8F806
:108DC0009000032088F88410BDE8F0810320BDE8FE
:108DD000F08100BF08210162D8F8000050E8000FC0
:108DE000D8F8001020F4907041E8000222B3D8F8BF
:108DF000000050E8000FD8F8001020F4907041E80F
:108E00000002002A1FBFD8F8000050E8000FD8F871
:108E1000001020F490701CBF41E80002002A0BD023
:108E2000D8F8000050E8000FD8F8001020F4907037
:108E300041E80002002ACFD14FF6FE70CEF6FF7057
:108E4000D8F8001051E8021FD8F80020014042E88D
:108E500002130BB3D8F8001051E8021FD8F8002015
:108E6000014042E80213002B1FBFD8F8001051E860
:108E7000021FD8F8002001401CBF42E80213002B5B
:108E80000AD0D8F8001051E8021FD8F8002001409D
:108E900042E80213002BD3D1D8F86C0001282FD15F
:108EA000D8F8000050E8000FD8F8001020F01000AB
:108EB00041E8000222B3D8F8000050E8000FD8F8CB
:108EC000001020F0100041E80002002A1FBFD8F86F
:108ED000000050E8000FD8F8001020F010001CBF70
:108EE00041E80002002A0BD0D8F8000050E8000F3B
:108EF000D8F8001020F0100041E80002002ACFD17D
:108F00002020C8F88C000020C8F86C00C8F8740055
:108F10000821C8F8901088F884000120BDE8F0818D
:108F2000FEE70000000000007047000000000000A5
:108F3000B7EE001A40F28C00C2F2004081EE000A47
:108F400080ED020A7047000070B52DED028B9FED99
:108F50003A8B40F2C01640F238140025C2F20046A7
:108F6000C2F2004400F070F896ED0B0A94ED062A68
:108F7000B7EEC00A96ED091AB7EEC22A94ED045A6C
:108F800096ED0A3A31EE051A30EE080B0A2094ED00
:108F9000055A96ED0C4A84ED041A33EE051A30EEAC
:108FA000020B94ED072A84ED051A96ED0D1AB7EE23
:108FB000C00B84ED060A34EE020A94ED082A84ED13
:108FC000070A31EE020A96ED0E1A94ED092A84ED95
:108FD000080A31EE020A84ED090AF7F7CDFF632D86
:108FE00005F10105BED394ED040A9FED153A94ED09
:108FF000051A80EE030A94ED062A84ED040A81EE38
:10900000030A94ED074A84ED050A82EE030A84ED13
:10901000060A84EE030A84ED070A94ED080A80EE3E
:10902000030A94ED091A84ED080A81EE030A84ED1F
:10903000090ABDEC028B70BD14AE47E17A9423C0DF
:109040000000C84200000000B0B52DED028B82B0D8
:1090500040F2C015C2F2004505F10A0005F108040E
:10906000A91C2A1DAB1DCDE900402846FBF7B4FD25
:10907000B5F900009FED623AB3EE006AB5F90A1047
:1090800000EE100AB5F902009FED515B02EE100AE6
:10909000B5F90400B8EEC00A9FED4F4BB8EEC22AF6
:1090A00002EE900A20EE030AB5F9060022EE032A2A
:1090B00003EE900A20EE060AB5F90800F8EEE22A5F
:1090C00022EE062AB7EEC00A62EE832AB7EEC28A03
:1090D00020EE050BF8EEE33A62EE862A20EE041B42
:1090E00063EE833A9FED3E0B21EE007B9FED3E1B2E
:1090F00027EE017BB7EEC72B85ED092A28EE057B0D
:1091000008EE101A27EE047BB8EEC88A27EE007B23
:1091100027EE016BB7EEE27ADFED3A2A63EEA23A70
:10912000B7EEC66B85ED0A6A27EE055BB7EEE37A0C
:1091300003EE900A25EE044BF8EEE33A24EE004BE2
:1091400063EE833A28EE033AB0EE0C8B63EEA23A5C
:1091500023EE223A27EE087BB7EEE35AB7EEC33A86
:1091600024EE014B25EE085B23EE083B9FED208BA0
:1091700027EE087B25EE085B23EE083B9FED1E8B58
:1091800027EE087B25EE085B23EE083B27EE007BED
:1091900025EE005B23EE000B27EE017B25EE012B75
:1091A00020EE010BB7EEC44B85ED0B4AB7EEC77B43
:1091B00085ED0C7AB7EEC21B85ED0D1AB7EEC00B2C
:1091C00085ED0E0A02B0BDEC028BB0BD00BF00BF42
:1091D0009A99999999992340333333333333F33F31
:1091E0000B7C71F5838E124015AD86DF748BE23FE8
:1091F00030E80BFA82BEE03F499224499224F13FC5
:10920000000000380000FA4410B52DED0A8B40F242
:109210005C24C2F20044207840B194ED058A9FEDB1
:10922000260A28EE000ABDEC0A8B10BDB6EE009AA5
:1092300094ED028A94ED03AA40F28C0094ED01BAF9
:1092400028EE0A0AF0EE490AC2F2004090ED01CA87
:10925000EBEE4B0AACEE0B0AE8EE480A01F030FAEE
:1092600028EE4C1AB8EE002A84ED040AABEE0A1A76
:1092700021EE021AB0EE410A01F08CF92CEE0A1A26
:1092800084ED050AA8EE489AABEE081AB0EE408AC3
:10929000AAEE4A9AB0EE410AF0EE490A01F010FA3D
:1092A00084ED060A012020709FED030A28EE000AD3
:1092B000BDEC0A8B10BD00BFE12E6542000000002E
:1092C00010B52DED0C8B40F25C24C2F200442078E6
:1092D00040B194ED048A9FED260A28EE000ABDEC09
:1092E0000C8B10BDB6EE009A94ED02AA94ED03BA71
:1092F00040F28C0094ED01CA2AEE0B0AF0EE490A06
:10930000C2F2004090ED01DAECEE4C0AADEE0C0A30
:10931000EAEE4A0A01F0D4F92AEE4D1AB8EE002A14
:10932000B0EE408A84ED040AACEE0B1A21EE021A6C
:10933000B0EE410A01F02EF92DEE0B1A84ED050A6C
:10934000AAEE4A9AACEE0A1AABEE4B9AB0EE410A7C
:10935000F0EE490A01F0B4F984ED060A012020700C
:109360009FED030A28EE000ABDEC0C8B10BD00BF78
:10937000E12E65420000000010B52DED0A8B40F291
:109380005C24C2F20044207840B194ED060A9FEDBF
:10939000251A20EE010ABDEC0A8B10BDB6EE008A3C
:1093A00094ED029A94ED03AA40F28C0094ED01BA78
:1093B00029EE0A0AF0EE480AC2F2004090ED01CA16
:1093C000EBEE4B0AACEE0B0AE9EE490A01F078F934
:1093D00029EE4C1AB8EE002A84ED040AABEE0A1A04
:1093E00021EE021AB0EE410A01F0D4F82CEE0A1A6E
:1093F00084ED050AA9EE498AABEE091AAAEE4A8A5B
:10940000B0EE410AF0EE480A01F05AF984ED060A7E
:10941000012020709FED031A20EE010ABDEC0A8B9B
:1094200010BD00BFE12E654240F2980040F22011CD
:10943000C2F20040C2F20041C1664165C1634162AF
:10944000C16040F21001C2F2004101F164020867FC
:109450008A650A64886208617047000000000000A5
:1094600086B0F8F7B5FAFEF713F8FBF799FDFBF7AE
:1094700007FFFBF7C9FEFBF7DFFFFBF73DFFFBF73D
:1094800023FEF7F75DFDFCF76FFDFDF7B9FCFFF775
:10949000CBFF3220F7F770FDFBF706FD40F23817DF
:1094A0009FEDE31AC2F20047388800EE100AB8EECA
:1094B000400A81EE000AFFF73BFDFFF745FD4FF440
:1094C000FA70F7F759FDFFF737FAFCF74DFDFCF797
:1094D000A7FA6420F7F750FD40F2EC780421C2F2BD
:1094E00000484046FAF718FD40F208750021C2F224
:1094F000004500262846FAF70FFD40244EF20021D1
:10950000CDE9004640F6000640F2A860C5F6020626
:10951000C0F20401C2F20040002202912946334603
:10952000FDF77AFF4AF220110120019040F2D86045
:10953000A6F58063C0F20701C2F200400422029146
:1095400041460094FDF768FF40F2A070C2F200406F
:10955000F9F7FEFF40F25470C2F20040F9F7F8FF4D
:109560004046F9F7F5FF2846F9F7F2FF02210022FD
:109570003046F8F70DFA40F22C2640F6142540F656
:10958000A05BC2F200460FF2AC28C2F20045C2F264
:10959000004B4EF6602403E0DBF80000A04215D239
:1095A000D6E90001C14211D1002000210823424622
:1095B000FDF7BEFAFDF710FB2846FEF741FA00283A
:1095C000EAD02846FDF7E0FCE6E700BFFCF728FA02
:1095D000B0EE0CCB40F2C014B3EE00EAC2F200448D
:1095E0009FED899B40F6142500269FED89ABC2F2C2
:1095F000004504F102089FED88BB04F1040904F161
:10960000060A9FED87DBDFED8DEA04F10A009FED8E
:1096100086FB9FED8B8A059004F10800049003E01F
:1096200000F0A2FCFDF7D8FAFCF7FAF9DBF800002D
:109630003B88D7E90212401A66EB0201C01A71F1A9
:109640000000C0F0C080DBF800004A46C7E902060F
:10965000DDE90410CDE90010204641465346FBF7F2
:10966000BBFAB4F900009FED664B00EE100AB4F9A6
:10967000020001EE100AB4F90400B8EEC00A02EECE
:10968000100AB4F90600B8EEC11A20EE2E0A03EE55
:10969000100AB8EEC22AB4F9080021EE2E1A20EE04
:1096A0000E0A22EE2E2A21EE0E1AB7EEC00A22EE84
:1096B0000E2AB7EEC11A20EE040BB7EEC22A21EE35
:1096C000041BB8EEC33A22EE042B23EE2E3A22EE10
:1096D000092B23EE083A22EE0A2BB7EEC33A22EE0C
:1096E0000B2B23EE0C3BB7EEC24B02EE100AB4F983
:1096F0000A0020EE090B05EE100AB8EEC22A23EE8E
:109700000D3BB8EEC55A22EE2E2A21EE091B25EE9E
:109710002E5A22EE082A20EE0A0B25EE085AB7EE42
:10972000C22A23EE0F3BB7EEC55A22EE0C2B25EED4
:109730000C5B22EE0D2B25EE0D5B22EE0F2B25EEA2
:109740000F5B21EE0A1B22EE0A2B20EE0B0B23EE01
:109750000A3B25EE0A5B21EE0B1B22EE0B2BB7EE2C
:10976000C00B23EE0B3B25EE0B5BB7EEC11BB7EE38
:10977000C26B97ED042AB7EEC33B70EE421A97ED29
:10978000050AB7EEC55B31EE402A97ED060A97ED64
:10979000081A74EE402A97ED070A76EE410A97ED13
:1097A000091A33EE400A35EE411AC4ED091A84ED68
:1097B0000A2AC4ED0B2A84ED0C0AC4ED0D0A84EDCF
:1097C0000E1A00F095FDFFF7D7FD84ED030AFFF7B1
:1097D0001BFD84ED040AFFF773FDD4E90301C4E91E
:1097E0000601284684ED050A84ED080AFEF728F9EB
:1097F00000283FF415AF2846FDF7C6FB10E700BF71
:109800009A99999999992340333333333333F33FFA
:109810000B7C71F5838E124015AD86DF748BE23FB1
:1098200030E80BFA82BEE03F499224499224F13F8E
:1098300000007A4477616974696E6700000000383F
:109840000000FA44000000002DE9F04381B040F62A
:10985000A05840F27826C2F20048C2F20046044600
:109860000120D8F800103279F160012A307009D156
:10987000B068081A40F6C511A0F24C40884201D2E7
:10988000012200E0002240F600050221C5F6020593
:109890002846F8F77DF8307940F22C2940F6CC07BD
:1098A000C2F200490128C2F2004716D1D9F80000DF
:1098B00040F2E73290420DD0D9F80410914209D01D
:1098C00040F23422C2F20042D2E90023C91A3960C0
:1098D000801A01E0002038607860032C06D074B94B
:1098E00001203071D8F8004008E000BF02210022BA
:1098F000284600243480F8F74BF83471B460386897
:10990000414240F2A860C2F20040F7F75DFA786881
:10991000414240F2D860C2F20040F7F755FA1AA26D
:109920000020002108230824FDF702F9F2681E2018
:10993000002108230094FCF72FFF14A2002000212F
:109940000823FDF7F5F8B2681E20002108230094D3
:10995000FCF722FF0FA2002020210823FDF7E8F8E2
:10996000D9F800200020302103230094FCF7E0FF09
:10997000D9F804202520302103230094FCF7D8FFD8
:1099800001B0BDE8F08300BF743A0000635F743A31
:1099900000000000726563743A00000000000000DF
:1099A0002DE9F04F81B040F6A05A40F22C2940F248
:1099B0007824C2F2004AC2F20049C2F200440546CD
:1099C00040F60008DAF80000D9F8002040F2E7314C
:1099D000606140F6CC07C5F602088A42C2F2004731
:1099E0001CBFD9F804208A4240F0A6800020C7E9B5
:1099F0000000052D00F0CA80032D00F0DD80002D51
:109A000040F0F2800120A071DAF80010D9F80020AF
:109A100040F2E7302161824204BFD9F8041081424C
:109A200040F0C3806079002840F0BF8040F61426E3
:109A30004BF65A254746C2F20046C0F600054FF0E5
:109A4000080840F2E73B40F2D8606FF09501C2F29F
:109A50000040F7F7B9F93046FDF7F2FF10B1304694
:109A6000FDF792FA204610F81D1F09B1002110E001
:109A7000204610F8231F09B101210AE0204610F802
:109A8000291F09B1022104E0204610F82F1FC9B395
:109A90000321695C053100220270C8B2032800F07E
:109AA0008480DAF800002169411A0022A1F6B83159
:109AB0006061B1F57A6F4FF00201384698BF01221C
:109AC000F7F766FFD9F80020002010210423CDF815
:109AD0000080FCF761FED9F8042030201021042317
:109AE000CDF80080FCF758FEFDF776F8D9F80000B5
:109AF000584504BFD9F80400584556D1607900286C
:109B0000A1D052E0204610F81C1F09B1002111E03D
:109B1000204610F8221F09B101210BE0204610F861
:109B2000281F09B1022105E0204610F82E1F002948
:109B3000B7D00321695CAEE7A17900293FF456AFA5
:109B400021690022401A0221A0F6B830B0F57A6FE0
:109B5000404698BF0122F7F71BFF40F23422082647
:109B6000C2F200420096D9E90001D2E90023C91AE5
:109B7000801AC7E90010D4E904010A1A0020202144
:109B80000823FCF709FE052D7FF436AF0120A071F4
:109B9000DAF80010D9F8002040F2E7302161824263
:109BA00004BFD9F80410814248D040F6CC07012008
:109BB0006071C2F2004717E000206070A4F8050051
:109BC0000021606140F2A860C2F20040F7F7FCF8A3
:109BD00040F2D8600021C2F20040F7F7F5F8022108
:109BE00000224046F7F7D4FE3868414240F2A860B0
:109BF000C2F20040F7F7E8F87868414240F2D860D6
:109C0000C2F20040F7F7E0F851A20020002108233B
:109C10000824FCF78DFFD9F8002000201021042330
:109C20000094FCF7B9FDD9F804203020102104235A
:109C30000094FCF7B1FD01B0BDE8F08F6079002819
:109C4000B3D1474640F614264BF65A28C2F20046D6
:109C5000C0F60008082540F2E73B40F2D8609621A4
:109C6000C2F20040F7F7B0F83046FDF7E9FE10B158
:109C70003046FDF789F9204610F81D1F11B100216B
:109C800011E000BF204610F8231F09B101210AE0AE
:109C9000204610F8291F09B1022104E0204610F8DF
:109CA0002F1FC9B3032118F80110053100220270DB
:109CB000C8B203283FF479AFDAF800002169411AED
:109CC0000022A1F6B8316061B1F57A6F4FF0020160
:109CD000384698BF0122F7F75BFED9F80020002034
:109CE000102104230095FCF757FDD9F804203020FB
:109CF000102104230095FCF74FFDFCF76DFFD9F808
:109D00000000584504BFD9F8040058457FF44DAF12
:109D100060790028A1D048E7204610F81C1F09B13F
:109D2000002111E0204610F8221F09B101210BE0AB
:109D3000204610F8281F09B1022105E0204610F83E
:109D40002E1F0029B8D0032118F80110AEE700BF7C
:109D500066696E64696E670070B582B040F27825FE
:109D6000C2F2004520B103280BD100226A7000E046
:109D7000012240F600000221C5F60200EA71F7F761
:109D800007FE40F21026E879C2F2004640F6CC0405
:109D90000128C2F2004496ED000AB0EEC01A0BD1C1
:109DA00040F22C2040F2E732C2F2004001689142BA
:109DB0001CBF4068904215D19FED332A0021B4EEBC
:109DC000421A0020F1EE10FA216021DDB0EE041BF2
:109DD000B7EEC00A80EE010BBDEEC00B10EE101AFC
:109DE00016E000BF40F234229FED272AC2F2004263
:109DF000B4EE421AF1EE10FAD2E90023A0EB030010
:109E0000206004DDBDEEC00A10EE103A1944891A34
:109E10006160414240F2A860C2F20040F6F7D4FF10
:109E20006068414240F2D860C2F20040F6F7CCFFD1
:109E3000E87916A117A2082300284FF0000018BFE8
:109E40000A4600210825FCF773FE14A20020102109
:109E50000823FCF76DFE96ED000A0020B7EEC00A5D
:109E60001021032202230095FCF7E6F894ED000A86
:109E70000420B8EEC00B2021042201230095FCF73A
:109E8000DBF802B070BD00BF0000964353746172EE
:109E90007400000053746F7000000000583A000016
:109EA000032805D140F278200021C2F20040417021
:109EB00010B582B023A20020002108230824FCF75B
:109EC00037FE23A2002010210823FCF731FE40F2C8
:109ED000E0101021C2F2004003220223009490ED12
:109EE000000A5020B7EEC00AFCF7A6F81AA200201C
:109EF00020210823FCF71CFE40F2DC102021C2F2D6
:109F0000004003220223009490ED000A5020B7EE97
:109F1000C00AFCF791F812A2002030210823FCF7B8
:109F200007FE40F2D8103021C2F200400322022383
:109F3000009490ED000A5020B7EEC00AFCF77CF8C0
:109F400002B010BD494D5520416E676C65000000A0
:109F5000526F6C6C3A00000050697463683A0000FC
:109F60005961773A00000000B0B540F2782140F224
:109F70001004C2F2004100200A46C2F2004412F866
:109F80001D3F002B4FF0000312D10A4612F8233F69
:109F900013B101230CE000BF0A4612F8293F0BB1B0
:109FA000022305E00A4612F82F3F002B36D0032388
:109FB0004BF65A251070C0F60005EB5C0533487867
:109FC000256800284ED02846406809280AD8DFE8CE
:109FD00000F0191F130505090909090DD8B2032856
:109FE00018BFB0BD00204870B0BD00BFD8B2BDE8FA
:109FF000B040FFF755BF00BFD8B2BDE8B040FFF793
:10A00000ABBE00BFD8B2BDE8B040FFF71DBC00BF7B
:10A01000D8B2BDE8B040FFF7C3BC00BF084600237C
:10A0200010F81C2F002A4FF0000211D1084610F83A
:10A03000223F0BB101230BE0084610F8283F0BB17B
:10A04000022305E0084610F82E3F002B4AD00323D8
:10A050004BF65A250270C0F60005EB5C487825687F
:10A060000028B0D105B3D8B2032829D8DFE800F022
:10A070000230222EE86818B30169A94220D0F9B154
:10A080004A690846AA4210D0D2B151691046A94285
:10A090000BD0A9B14A690846AA4206D082B15169DB
:10A0A0001046A942EBD100E000202060BDE8B0409E
:10A0B000FBF7C2BC28690028F7D1A86800B1804727
:10A0C00028462060BDE8B040FBF7B6BCE86800E079
:10A0D0006869002808BF28462060BDE8B040FBF74B
:10A0E000ABBC00BF487800282068DED0042340685D
:10A0F00009287FF66CAF75E740F27820C2F2004085
:10A100004178002918BF7047012141707047000055
:10A11000B0B540F210150421C2F200452868F7F7E7
:10A120002FFC40F27824C2F20044217E032914D887
:10A13000DFE801F00210060C88B90120B0E000BF92
:10A14000002800F07F800120207706E038B1012050
:10A15000607702E0002800F09B800020207668688D
:10A160000821F7F70DFCA17F032918D8DFE801F0DB
:10A170000214060EA8B901209EE000BF002800F0DE
:10A180006B80012084F8220009E000BF48B1012063
:10A1900084F8230003E000BF002800F08580002041
:10A1A000A077A8681021F7F7EBFB94F82410032997
:10A1B00017D8DFE801F00313070D00BFA0B9012095
:10A1C00086E000BF002851D0012084F8280008E074
:10A1D00050B1012084F8290003E000BF002800F0FE
:10A1E0006F80002084F82400E8682021F7F7C8FB7E
:10A1F00094F82A10032921D8DFE801F0021E0C147C
:10A20000002818BFB0BD012084F82A000020A085D6
:10A21000B0BD00BF90B3012084F82E00002084F868
:10A220002A00B0BD0028F3D0012084F82F000020C0
:10A2300084F82A00B0BD00BF00284FD0002084F869
:10A240002A00B0BD608B0130608381B26429FFF4C5
:10A2500086AF032082E700BF208C0130208481B2CA
:10A260006429FFF49EAF03209AE700BFE08C013021
:10A27000E08481B26429B7D30320B3E7A08D013015
:10A28000A08581B26429C3D3032084F82A00B0BD1D
:10A29000608B0130608381B281427FF460AF022025
:10A2A0002076002060835AE7208C0130208481B220
:10A2B00081427FF476AF0220A0770020208470E7EF
:10A2C000E08C0130E08481B281427FF48DAF0220C6
:10A2D00084F824000020E08486E700BFA08D0130D0
:10A2E000A08581B2814293D102208DE70000000059
:10A2F0009FED9D3A40F25C2020EE835AC2F200406E
:10A3000061EE030A40F28C0120EE036A90ED020A2E
:10A3100090ED013A20EE057A60EE803AC2F20041FB
:10A3200060EEC34A90ED031A65EE035A91ED014ABF
:10A33000A3EE067A45F6DF12E4EE063AF5EE401A91
:10A34000E4EE054AC5F63772E4EE205AA1EE207A13
:10A35000E1EE453AB6EE005AE1EE064AE0EE465A24
:10A36000F1EE10FA67EE450A63EE853A24EE857A3F
:10A3700025EE856A04BFB5EE402AF1EE10FA00F032
:10A38000AF802DED108B62EE024A21EE019A24EE91
:10A3900004BAE1EEA14A34EE04CA60EE008AE2EEAD
:10A3A000A24A63EE03AA14EE903A64EE855AF7EEE1
:10A3B000084AA2EB5303B0EE648A06EE903A66EECA
:10A3C000E57AA7EEA68AF0EE647A68EE266A31EEA8
:10A3D000018A66EEE55AE5EEA67AF1EE005A2BEE1A
:10A3E00025BA20EE25EA66EEA77A63EE256A24EE0A
:10A3F00025DA61EEA71A22EE272A62EEA72A21EEBD
:10A40000C8AAA6EE89AAABEE03AAACEE42AA21EE38
:10A410008CCAABEE00CAB2EE00BA7AEE667A30EEC3
:10A4200000AAAEEE09CA23EE0BFA61EE8A9AA8EEF4
:10A4300042CAEFEE2A7AEDEE289A20EE0B9AEFEE62
:10A44000287A3CEE4EBAEDEE2A9A33EE038AA9EE54
:10A450002ABAE6EEA27AF0EE646AE8EE429A61EE7B
:10A46000C81A2AEEA58AA9EE28BA68EEA55AE8EE1F
:10A47000011AAEEE22BA67EEA72AE5EE811AE9EEDE
:10A48000A92AEAEE421AEBEE0B2AE1EEA12A12EE1D
:10A49000903A22EE852AA2EB530302EE903A62EE46
:10A4A000C25AE5EEA26A66EEA22A22EEC22AE2EEC5
:10A4B000224A22EEA42A69EE822A67EE824A6BEED5
:10A4C000025A21EE822AD1ED001AE1EEE20AE1EE13
:10A4D000E43AA1EEE57AA1EEC26ABDEC108B05E08C
:10A4E000F5EE402AF1EE10FA7FF44BAF91ED022A1F
:10A4F000A3EE823AA0EE824AA7EE020AB7EE087AED
:10A50000A6EE021A63EE030AE4EE040AE0EE000A85
:10A51000E1EE010A10EE903A20EE852AF0EE470AAD
:10A52000A2EB530205EE102A25EE426AE6EE050A7A
:10A5300020EE855A25EE422AA2EE057A25EE072A5C
:10A5400024EE024A23EE023A81ED014A20EE020A8D
:10A5500080ED013A21EE021A80ED020A80ED031A25
:10A5600000210170704700BF39FA8E3C410008029B
:10A5700018BF04200A0E18BF40F001004FF07F42C0
:10A5800032EA010108BF40F00200012808BF05209F
:10A590007047000010B54FF00E402DED028BB0EE6D
:10A5A000408A18EE104A00EB4400B0F1506F4AD8D0
:10A5B0004FF0FC40B0EB440F22D2B0EEC80AF7EEE9
:10A5C000000A30EEC00AF6EE000A60EE208A18EEAD
:10A5D000900A00F025FD01EE100A14F0004F1DBF97
:10A5E000DFED2D0A9FED2D0AB1EE411ADFED2C0AA9
:10A5F00008BF9FED2C0AF8EE001A21EE218A05E033
:10A60000DFED290A68EE088AB0EE600A9FED271A8E
:10A61000DFED271A30EE080A48EE811A9FED251A61
:10A6200008EEA11ADFED241A48EE811A9FED231AD5
:10A6300008EEA11A68EE281ABDEC028B01EE810A21
:10A6400030EE200A10BD4FF0E440B0EB440F0CD9BF
:10A6500018EE100AFFF78AFF042808BF00F0D8FCA4
:10A66000B0EE480ABDEC028B10BD4FF07F40B0EB5E
:10A67000440F07D2B0EE480ABDEC028BBDE8104093
:10A6800000F0B0BC0120F6F716F9BDEC028BBDE876
:10A69000104000F0ADBC00000000C9BF22AAFDB907
:10A6A0000000C93F22AAFD390000000024FE1C3D25
:10A6B000C78AD83C1E67383D1B93993DAFAA2A3EF6
:10A6C00070B54FF068422DED048BF0EE408A18EE25
:10A6D000900AB0EE608A18EE101A02EB4003B3F154
:10A6E000654F3CBF02EB4102B2F1654F7DD200BF26
:10A6F000C0F3C753C1F3C7529A1A1B2A09DD10F0E1
:10A70000004F14BF9FED830A9FED830ABDEC048BBD
:10A7100070BD12F11A0F36DA11F0004F09D010F0A7
:10A72000004F0CBF9FED7D0A9FED7D0ABDEC048BB1
:10A7300070BD88EE889A19EE100AFFF717FF0428FB
:10A7400008BF00F065FC18EE900AFFF70FFF054602
:10A7500018EE100AFFF70AFF044619EE100AFFF779
:10A7600005FF042D18BF052D08D1042C18BF052C9A
:10A7700004D1002804BF0220F6F79DF8B0EE490A84
:10A78000BDEC048B70BD4200B2EB410F3AD910F022
:10A79000004F19BFDFED630A9FED630ADFED630A27
:10A7A0009FED630AB0EE481A0A46B1EE688A80F05F
:10A7B0000041F0EE418A10460A1A5200B2F1807F41
:10A7C00034D2484010F0004FDFED5A1A9FED5A2A5C
:10A7D0001DBFBEEE001A70EEE10A30EE420AB6EE80
:10A7E000001A08BF70EEA10A00E040E008BF30EE9A
:10A7F000020AB0EE682A01EE482A08EE818AC2EE0B
:10A80000081A15E011F0004F04BF9FED4C0AF0EE5E
:10A81000400AD1D010F0004F19BFDFED490A9FED7B
:10A82000490ADFED490A9FED490AC5E7C8EE881AD3
:10A8300021EEA11A9FED462ADFED462A41EE022ABB
:10A840009FED452A01EE222ADFED442A41EE022A3D
:10A850009FED432ABDEC048B01EE222A21EE811AE2
:10A8600001EE020A30EE210A30EE200A70BD4FF0F0
:10A870007F42B2EB400F28BFB2EB410F09D2F0EE9E
:10A88000480AB0EE680ABDEC048BBDE8704000F0E9
:10A89000ACBB40EA01035B0008BF41F0FF410BD0B5
:10A8A000B2EB400F08BFB2EB410F08D120F080405F
:10A8B00008EE900A21F0804108EE101A18E7B2EB7A
:10A8C000400F12BF5FEA410340F0FF4001F000413A
:10A8D0003FF40EAFB2EB410F12BF5FEA400200F04F
:10A8E000004041F0FF413FF403AF4A0092EA4003C9
:10A8F0003FF5FEAE002AACBF9FED1A0A9FED1A0A83
:10A9000068EE808A28EE008A18EE900A18EE101A77
:10A91000EEE60000DB0FC9BFDB0FC93FDB0F49408C
:10A92000DB0F49C00000C9BF22AAFDB90000C93F22
:10A9300022AAFD390060ED3EC30ACE3700000000B8
:10A94000000049C022AA7DBA0000494022AA7D3AEF
:10A950002DAD65BD8FB8D53D0FB511BE61C84C3E5C
:10A96000A8AAAABE0000804F0000802F10B510EEEC
:10A97000100A2DED068BB7EE001A10EE901AB0EE0D
:10A98000418A0022A0F5000CDFEDFE9A4FF0007323
:10A99000BCF1FE4F4FF07F4403EB410C80F0B481DB
:10A9A000BCF1804FC0F02082F74901449FEDF73A97
:10A9B000B1F5005F40F2D48200F58021CB0C03F0AA
:10A9C0000F0101EE901AC3F307137F3BA0EBC350B6
:10A9D000B8EEE12A00EE100A1A44DFEDED2AF0EE9F
:10A9E000411A42EE221AF0EE613A70EE232A30EE5E
:10A9F000632A12EE900A00F500606FF30B0001EE7F
:10AA0000900A73EEE13A33EE804AC1EE223A22EE2A
:10AA1000230A10EE100A00F500606FF30B0000EE41
:10AA2000100A00EE612A00EE442A62EE232A70EE3C
:10AA3000221A21EEA12ADFEDD73A02EE233A23EEC5
:10AA4000023A20EE012A22EE811A03EE211A32EE9A
:10AA5000010A10EE100A00F500606FF30B0000EE23
:10AA6000100A72EE401A31EE812A9FEDCB1A60EE89
:10AA7000011A9FEDCA1A20EE011A9FEDC90A02EED3
:10AA8000001A31EE810A10EE100A00F500606FF333
:10AA90000B0000EE100AC34871EEC01A31EE812A95
:10AAA000784400EBC10090ED003AD0ED011A10019E
:10AAB00001EE100AF8EEC12A32EE211A31EE001A28
:10AAC00031EE031A31EE221A11EE100A00F5006081
:10AAD0006FF30B0009EE100A39EE621A31EE431AD9
:10AAE00031EE400A30EE610A32EE40AA10EE900AD2
:10AAF000002100F500606FF30B0008EE900A084695
:10AB000070EEE8AA4FF0000029EE280A00F00C01D0
:10AB1000F0EEC00A10EE900AB0F18B4F0DDD10EE92
:10AB2000900AB4EB400F08D310EE100A4FF08B429E
:10AB300062F31E0008EE900A13E069EE2A0A38EE6E
:10AB4000AA1A4AEE010A30EE201A11EE100A00F598
:10AB500000606FF30B0008EE900A30EE680A70EEAA
:10AB6000209A0C204FF0000038EEA90AB5EEC00A7A
:10AB7000F1EE10FA34BFFEEE000AF6EE000A30EEF7
:10AB8000800ABDEEC00A10EE100A011100EE101A84
:10AB9000F8EEC00A00EE100AB8EEC00A38EEC00A9D
:10ABA00030EE290ADFED801A9FED801A00EE211A9F
:10ABB000DFED7F1A7F4900F00F0040EE011A21EE11
:10ABC000800A794401EB800191ED001A7A497944B9
:10ABD00001EB8001D1ED001A784901EE801A794429
:10ABE00001EB8000764990ED000A31EE001AB0EEDC
:10ABF000E00A10EE100A884215DA10EE100AB4EBE3
:10AC0000400F10D39FED6F0A30EE800ADFED6E0A21
:10AC100020EE200A68EE010ABDEC068BBCEEC00AED
:10AC200020EE200A10BD10EE100A6849884243DA6F
:10AC300010EE100AB4EB400F3ED3BDEEE00A68EE12
:10AC4000010A10EE100A00EBD0725110C90501F193
:10AC50007E5100EE101AA0EB6200C00560EE200AE3
:10AC600000F17E5000EE100A60EE808A18EE900A25
:10AC7000B4EB400F0FD10220F5F71DFE00F0C0F934
:10AC800010EE101A18EE100ABDEC068B61F31E00D0
:10AC900000EE100A10BD18EE900A400011D018EE18
:10ACA000900AFFF763FC042808BF00F0B1F9B0EE8A
:10ACB000680ABDEC068B10BDF5EEC00AF1EE10FA85
:10ACC0000FD20220F5F7F7FD00F0A2F910EE101AEE
:10ACD00018EE100ABDEC068B61F31E0000EE100AA0
:10ACE00010BD0220F5F7E7FD00F08AF910EE101A0A
:10ACF000B0EE480A10EE100ABDEC068B61F31E00A0
:10AD000000EE100A10BD00BFBCF1804F6CD300BF35
:10AD100000F1FF43B3F1FE4F24D200BFB0EEC00AF2
:10AD200010EE100AC1F3C7537F2B0DDB972BBFF634
:10AD30003BAEC3F196034FF0010C0CFA03F3A3F101
:10AD4000010C1CEA010F08D00120F5F7B4FDBDECA1
:10AD5000068BBDE8104000F04BB90B4218BFBFEEA8
:10AD6000008A21E643001CBF4FF08073B3EB400F15
:10AD700034D96FF01A02DFED161A20EE210A10EE18
:10AD8000100A27E000000000001080C0ABAAAA3E15
:10AD90000000803D7EE24C3E00B03842D49AB8BB01
:10ADA0003BAA384204060000FC596337C9FF753AD4
:10ADB0001872313DA2050000D605000046050000CE
:10ADC0000000FC420000FE420000004B0000404337
:10ADD0000000004D10F0004FA0D1E5E5A0F5000304
:10ADE000B3F1FE4F21D2DFE503EB4103B3F1007F66
:10ADF00011D3F5EEC00AF1EE10FA05D1430018BFE9
:10AE0000B4EB400F76D883E701F0004141F0FC51EC
:10AE100000EE901A7CE7B3F1807F06D210EE903AF4
:10AE2000A3F5000300EE903A72E720F000426FF0C5
:10AE3000FF4C604C02EB0C03A34210D321F0004303
:10AE40009C44A4450BD3B0F17E5F18BF5FEA410C70
:10AE500050D0B2F1FF4F98BFB3F1FF4F05D9BDEC11
:10AE6000068BBDE8104000F0C0B8B0F1FF4F0FD026
:10AE7000C1F3C7527F2A09DB972A11DAC2F1960281
:10AE8000012303FA02F2531E0B4205D0002208E010
:10AE900011F0004F55D128E00A4218BF012200D11D
:10AEA000022210F5000F13D028B3B0F1004F26D0C6
:10AEB00010F1814F4FD04FF0FE42B2EB400F94BFE4
:10AEC00001200020012202EBE171884239D10CE01F
:10AED00011F0004F02D0012A38D032E0012A02BF1F
:10AEE0009FED350ABDEC068B10BD9FED340ABDEC1D
:10AEF000068B10BD2FE011F0004F0CD121E0B1F115
:10AF0000FF4F1ED011F5000F05D011F0004F15D0E6
:10AF10000AB1012A08D00220F5F7CDFCBDEC068B62
:10AF2000BDE8104000F054B80220F5F7C4FC00F072
:10AF30004FF8BDEC068BB1EE400A10BD0AB1012AF4
:10AF400004D0B0EE690ABDEC068B10BDBDEC068BDB
:10AF50009FED1B0A10BDBDEC068BB7EE000A10BDBD
:10AF600030EE410AB5EE001A9FED172A00EE413A85
:10AF7000B6EE001A60EE001A00EE431A61EEC11A36
:10AF80009FED101A20EE011A20EE020A9FED0F2A03
:10AF900001EE820A71EE001A11EE900A00F50060CF
:10AFA0006FF30B0009EE100A31EE491A31EE00AAD8
:10AFB0009CE50000FFFF3F00000080FF0000807F55
:10AFC0000000008000B0B841D49A38BB3BAAB84119
:10AFD000DFED030AB7EE001A81EE200A7047000089
:10AFE0000000000030EE000A704730EE200A704783
:10AFF000DFED020A80EEA00A7047000000000000AA
:10B000009FED020A20EE000A704700000000007069
:10B010009FED020A20EE000A7047000000000010B9
:10B0200010B500EE100A2DED028BB1EEC08A18EEBD
:10B03000100A20F00040C0F1FF40C00F0AD010EE0F
:10B04000100A20F00040C0F1FF40C00F04BF0120F3
:10B05000F5F731FC18EE100ABDEC028B10BD0000B4
:10B0600010B500290AD00878002807D00548784490
:10B07000F5F7DAFB002801D0002010BD0248784423
:10B0800010BD0000860A00007E0A0000F1EE100AE2
:10B090004FF6FF71C0F2C03120EA010040F040706D
:10B0A000E1EE100A70470000000000000000000000
:10B0B0000000B33FB2BE7D3A00002E40DFCF5138D2
:10B0C00000007E40BF51FABA00E0A44019DAC3BACA
:10B0D00000E0C840C2ED8AB90040EB40CD1F2CBA59
:10B0E000001006412AFFFABA00C01541DFCFD13760
:10B0F00000D024419A97703A0050334189478E36E8
:10B1000000404141E75B9D3800B04E41C00A98B90C
:10B1100000A05B41558F943A00306841DA92C0BA82
:10B120000040744162B3C63A0000803F00A0853FF2
:10B1300000908B3F00C0913F0030983F00F09E3F51
:10B1400000F0A53F0050AD3F0000B53F0000BD3FFF
:10B150000060C53F0020CE3F0040D73F00C0E03F29
:10B1600000C0EA3F0020F53F000000007D36AC390A
:10B170007D3C3839EBDCF438320A7E39124C263902
:10B180009B6AED39A4EE83397F661E39F6398A3918
:10B190002B426539A48211395B991F39C3EECD3931
:10B1A000DDE7C637A5A22F390000803FC3AA853F3F
:10B1B000C2958B3FD3C3913FF037983F32F59E3F06
:10B1C000D7FEA53F3F58AD3FF304B53FA408BD3FB0
:10B1D0002A67C53F8C24CE3FFD44D73FDFCCE03FFC
:10B1E000C7C0EA3F7D25F53F34000000380000006D
:10B1F0003C0000004000000058000000000408105F
:10B200002040010408102040000000000102030457
:10B210000102030406070809000000000000000006
:10B22000002F000000000700070000147F147F14A7
:10B2300000242A7F2A12002313086462003649552D
:10B24000225000000007000000001C224100000006
:10B2500041221C000014083E08140008083E08089B
:10B26000000000A0600000080808080800006060F6
:10B270000000002010080402003E5149453E000035
:10B28000427F4000004261514946002141454B3117
:10B29000001814127F10002745454539003C4A49E3
:10B2A0004930000171090503003649494936000655
:10B2B0004949291E000036360000000056360000BD
:10B2C0000008142241000014141414140000412238
:10B2D0001408000201510906003E4955592E007C10
:10B2E0001211127C007F49494936003E41414122FA
:10B2F000007F4141221C007F49494941007F0909E3
:10B300000901003E4149497A007F0808087F000092
:10B31000417F4100002040413F01007F081422414D
:10B32000007F40404040007F020C027F007F040805
:10B33000107F003E4141413E007F09090906003E61
:10B340004151215E007F091929460046494949318A
:10B350000001017F0101003F4040403F001F2040AD
:10B36000201F003F4038403F00631408146300076B
:10B370000870080700615149454300007F414100C2
:10B38000000204081020000041417F000004020177
:10B390000204004040404040000001020400002040
:10B3A00054545478007F484444380038444444207E
:10B3B00000384444487F00385454541800087E092B
:10B3C00001020018A4A4A47C007F080404780000F3
:10B3D000447D4000004080847D00007F10284400B0
:10B3E0000000417F4000007C04180478007C0804C1
:10B3F000047800384444443800FC242424180018FD
:10B40000242418FC007C08040408004854545420E8
:10B4100000043F444020003C4040207C001C204071
:10B42000201C003C4030403C004428102844001CB4
:10B43000A0A0A07C004464544C440000087F41005C
:10B440000000007F00000000417F080000080408A1
:10B4500010080000000000000000000000000000D4
:10B460000000000000F80000000000000033300081
:10B47000000000160E00160E000000000000000084
:10B48000000040C07840C0784000043F04043F04FE
:10B490000400007088FC08300000001820FF211E06
:10B4A0000000F008F000E018000000211C031E213D
:10B4B0001E0000F00888700000001E2123241927B8
:10B4C0002110000000160E00000000000000000027
:10B4D0000000000000E0180402000000000718202F
:10B4E000400000020418E00000000040201807009F
:10B4F0000000404080F0804040000202010F010245
:10B500000200000000F0000000000101011F010125
:10B510000100000000000000000000B0700000000A
:10B520000000000000000000000000010101010116
:10B5300001010000000000000000003030000000A9
:10B540000000000000008060180400601806010080
:10B55000000000E010080810E000000F102020108C
:10B560000F00001010F8000000000020203F2020F5
:10B57000000000700808088870000030282422218C
:10B580003000003008888848300000182020201142
:10B590000E000000C02010F8000000070424243F23
:10B5A000240000F8088888080800001921202011CC
:10B5B0000E0000E0108888180000000F11202011F4
:10B5C0000E0000380808C83808000000003F0000DE
:10B5D00000000070880808887000001C22212122C9
:10B5E0001C0000E010080810E000000031222211C9
:10B5F0000F00000000C0C00000000000003030005C
:10B600000000000000C0C0000000000080B070001A
:10B610000000000080402010080000010204081013
:10B620002000404040404040400004040404040422
:10B6300004000008102040800000002010080402D0
:10B640000100007048080808F000000000303601D2
:10B650000000C030C828E810E00007182724231491
:10B660000B000000C038E0000000203C230202274D
:10B67000382008F8888888700000203F202020119A
:10B680000E00C030080808083800071820202010D5
:10B69000080008F808080810E000203F20202010CB
:10B6A0000F0008F88888E8081000203F2020232099
:10B6B000180008F88888E8081000203F20000300E0
:10B6C0000000C03008080838000007182020221E9B
:10B6D000020008F808000008F808203F21010121B5
:10B6E0003F20000808F8080800000020203F202024
:10B6F000000000000808F8080800C08080807F0073
:10B70000000008F888C028180800203F20012638CB
:10B71000200008F8080000000000203F2020202022
:10B72000300008F8F800F8F80800203F003F003F1C
:10B73000200008F830C00008F808203F2000071853
:10B740003F00E01008080810E0000F102020201033
:10B750000F0008F808080808F000203F2101010147
:10B760000000E01008080810E0000F1824243850EA
:10B770004F0008F8888888887000203F2000030C5C
:10B780003020007088080808380000382021212265
:10B790001C00180808F8080818000000203F2000C6
:10B7A000000008F808000008F808001F20202020EA
:10B7B0001F000878880000C83808000007380E010C
:10B7C0000000F80800F80008F800033C0700073CF8
:10B7D0000300081868808068180820302C03032CA8
:10B7E00030200838C800C83808000000203F20007A
:10B7F000000010080808C83808002038262120203A
:10B800001800000000FE020202000000007F40401D
:10B810004000000C30C000000000000000010638AD
:10B82000C00000020202FE000000004040407F0015
:10B830000000002010080408102000000000000094
:10B8400000000000000000000000808080808080F8
:10B8500080800002040800000000000000000000DA
:10B860000000000080808080000000192422222235
:10B870003F2008F8008080000000003F11202011C8
:10B880000E000000008080800000000E11202020AB
:10B890001100000000808088F800000E11202010A8
:10B8A0003F200000808080800000001F2222222292
:10B8B0001300008080F0888888180020203F202016
:10B8C00000000000808080808000006B949494933E
:10B8D000600008F8008080800000203F21000020E8
:10B8E0003F2000809898000000000020203F20208A
:10B8F0000000000000809898000000C08080807FD9
:10B90000000008F8000080808000203F24022D30D5
:10B910002000000808F8000000000020203F202040
:10B9200000008080808080808000203F20003F20B9
:10B93000003F008080008080000000203F21002028
:10B940003F200000808080800000001F20202020F9
:10B950001F00808000808000000080FFA120201157
:10B960000E000000008080808000000E112020A0CA
:10B97000FF80808080008080800020203F21200088
:10B980000100000080808080800000332424242473
:10B990001900008080E0808000000000001F20204F
:10B9A00000008080000000808000001F2020201008
:10B9B0003F20808080000080808000010E300806DB
:10B9C000010080800080008080800F300C030C30EC
:10B9D0000F0000808000808080000020312E0E311A
:10B9E0002000808080000080808080818E7018061A
:10B9F000010000808080808080000021302C222186
:10BA0000300000000000807C020200000000003FC7
:10BA1000404000000000FF00000000000000FF00A8
:10BA200000000002027C800000000040403F000057
:10BA30000000008040408000008000000000000105
:10BA40000100010002000400060008000A000C00CA
:10BA500010002000400080000001000102030101ED
:10BA600001030701000008040204080101014D6FF1
:10BA7000646531004D6F646532004D6F646533005D
:10BA80004D6F646534004D6F6465350054726970A4
:10BA90006F645F504944004361725F5049440053F2
:10BAA00065745F50494400494D555F416E676C6550
:10BAB00000477261795F43616C6962726174696F9A
:10BAC0006E004D61696E204D656E75002825642CF1
:10BAD0002564290008BC0008000000246001000063
:10BAE0003003000898BC00086001002448120000E0
:10BAF000900300081001000043000000F8FFFFFF62
:10BB00000040404040404040404041414141414070
:10BB10004040404040404040404040404040404025
:10BB200040050202020202020202020202020202B4
:10BB300002202020202020202020200202020202B9
:10BB40000202909090909090101010101010101011
:10BB5000101010101010101010101010020202021D
:10BB60000202888888888888080808080808080861
:10BB7000080808080808080808080808020202025D
:10BB80004000000000000000000000000000000075
:10BB900000000000000000000000000000000000A5
:10BBA0000000000000000000000000000000000095
:10BBB0000000000000000000000000000000000085
:10BBC0000000000000000000000000000000000075
:10BBD0000000000000000000000000000000000065
:10BBE0000000000000000000000000000000000055
:10BBF0000000000000000000000000000000000045
:10BC00000000000000000000320142102C90D00320
:10BC1000041320011424A7BA33080913F9A0C20899
:10BC20001AB1182911A91822141B248C180A1107FB
:10BC3000301A9718DA06181A44301A9F189A0518FD
:10BC40001A5C141A2C0425CDCCCC3D1808803F0A70
:10BC5000D7233C86249A04241A7420411A8018DAC7
:10BC600003541A981C1A7A18DA02181AB0181A749F
:10BC70001829E4A9181AC8181A6E1841A9182AE038
:10BC800064AC140258041AC2281AFF01815AF888B9
:08BC900002270A000000000079
:04000005080002CD20
:00000001FF
